new_filename,source_image_id,class_id,class_name,source_relative_path
image_000001_c001.jpg,1,1,001.Black_footed_Albatross,001.Black_footed_Albatross/Black_Footed_Albatross_0046_18.jpg
image_000002_c001.jpg,2,1,001.Black_footed_Albatross,001.Black_footed_Albatross/Black_Footed_Albatross_0009_34.jpg
image_000003_c001.jpg,3,1,001.Black_footed_Albatross,001.Black_footed_Albatross/Black_Footed_Albatross_0002_55.jpg
image_000004_c001.jpg,4,1,001.Black_footed_Albatross,001.Black_footed_Albatross/Black_Footed_Albatross_0074_59.jpg
image_000005_c001.jpg,5,1,001.Black_footed_Albatross,001.Black_footed_Albatross/Black_Footed_Albatross_0014_89.jpg
image_000006_c001.jpg,6,1,001.Black_footed_Albatross,001.Black_footed_Albatross/Black_Footed_Albatross_0085_92.jpg
image_000007_c001.jpg,7,1,001.Black_footed_Albatross,001.Black_footed_Albatross/Black_Footed_Albatross_0031_100.jpg
image_000008_c001.jpg,8,1,001.Black_footed_Albatross,001.Black_footed_Albatross/Black_Footed_Albatross_0051_796103.jpg
image_000009_c001.jpg,9,1,001.Black_footed_Albatross,001.Black_footed_Albatross/Black_Footed_Albatross_0010_796097.jpg
image_000010_c001.jpg,10,1,001.Black_footed_Albatross,001.Black_footed_Albatross/Black_Footed_Albatross_0025_796057.jpg
image_000011_c001.jpg,11,1,001.Black_footed_Albatross,001.Black_footed_Albatross/Black_Footed_Albatross_0023_796059.jpg
image_000012_c001.jpg,12,1,001.Black_footed_Albatross,001.Black_footed_Albatross/Black_Footed_Albatross_0086_796062.jpg
image_000013_c001.jpg,13,1,001.Black_footed_Albatross,001.Black_footed_Albatross/Black_Footed_Albatross_0049_796063.jpg
image_000014_c001.jpg,14,1,001.Black_footed_Albatross,001.Black_footed_Albatross/Black_Footed_Albatross_0006_796065.jpg
image_000015_c001.jpg,15,1,001.Black_footed_Albatross,001.Black_footed_Albatross/Black_Footed_Albatross_0040_796066.jpg
image_000016_c001.jpg,16,1,001.Black_footed_Albatross,001.Black_footed_Albatross/Black_Footed_Albatross_0016_796067.jpg
image_000017_c001.jpg,17,1,001.Black_footed_Albatross,001.Black_footed_Albatross/Black_Footed_Albatross_0065_796068.jpg
image_000018_c001.jpg,18,1,001.Black_footed_Albatross,001.Black_footed_Albatross/Black_Footed_Albatross_0089_796069.jpg
image_000019_c001.jpg,19,1,001.Black_footed_Albatross,001.Black_footed_Albatross/Black_Footed_Albatross_0042_796071.jpg
image_000020_c001.jpg,20,1,001.Black_footed_Albatross,001.Black_footed_Albatross/Black_Footed_Albatross_0067_170.jpg
image_000021_c001.jpg,21,1,001.Black_footed_Albatross,001.Black_footed_Albatross/Black_Footed_Albatross_0060_796076.jpg
image_000022_c001.jpg,22,1,001.Black_footed_Albatross,001.Black_footed_Albatross/Black_Footed_Albatross_0090_796077.jpg
image_000023_c001.jpg,23,1,001.Black_footed_Albatross,001.Black_footed_Albatross/Black_Footed_Albatross_0056_796078.jpg
image_000024_c001.jpg,24,1,001.Black_footed_Albatross,001.Black_footed_Albatross/Black_Footed_Albatross_0061_796082.jpg
image_000025_c001.jpg,25,1,001.Black_footed_Albatross,001.Black_footed_Albatross/Black_Footed_Albatross_0008_796083.jpg
image_000026_c001.jpg,26,1,001.Black_footed_Albatross,001.Black_footed_Albatross/Black_Footed_Albatross_0033_796086.jpg
image_000027_c001.jpg,27,1,001.Black_footed_Albatross,001.Black_footed_Albatross/Black_Footed_Albatross_0024_796089.jpg
image_000028_c001.jpg,28,1,001.Black_footed_Albatross,001.Black_footed_Albatross/Black_Footed_Albatross_0005_796090.jpg
image_000029_c001.jpg,29,1,001.Black_footed_Albatross,001.Black_footed_Albatross/Black_Footed_Albatross_0026_796095.jpg
image_000030_c001.jpg,30,1,001.Black_footed_Albatross,001.Black_footed_Albatross/Black_Footed_Albatross_0080_796096.jpg
image_000031_c001.jpg,31,1,001.Black_footed_Albatross,001.Black_footed_Albatross/Black_Footed_Albatross_0047_796064.jpg
image_000032_c001.jpg,32,1,001.Black_footed_Albatross,001.Black_footed_Albatross/Black_Footed_Albatross_0017_796098.jpg
image_000033_c001.jpg,33,1,001.Black_footed_Albatross,001.Black_footed_Albatross/Black_Footed_Albatross_0064_796101.jpg
image_000034_c001.jpg,34,1,001.Black_footed_Albatross,001.Black_footed_Albatross/Black_Footed_Albatross_0076_417.jpg
image_000035_c001.jpg,35,1,001.Black_footed_Albatross,001.Black_footed_Albatross/Black_Footed_Albatross_0019_796104.jpg
image_000036_c001.jpg,36,1,001.Black_footed_Albatross,001.Black_footed_Albatross/Black_Footed_Albatross_0057_796106.jpg
image_000037_c001.jpg,37,1,001.Black_footed_Albatross,001.Black_footed_Albatross/Black_Footed_Albatross_0041_796108.jpg
image_000038_c001.jpg,38,1,001.Black_footed_Albatross,001.Black_footed_Albatross/Black_Footed_Albatross_0053_796109.jpg
image_000039_c001.jpg,39,1,001.Black_footed_Albatross,001.Black_footed_Albatross/Black_Footed_Albatross_0001_796111.jpg
image_000040_c001.jpg,40,1,001.Black_footed_Albatross,001.Black_footed_Albatross/Black_Footed_Albatross_0071_796113.jpg
image_000041_c001.jpg,41,1,001.Black_footed_Albatross,001.Black_footed_Albatross/Black_Footed_Albatross_0077_796114.jpg
image_000042_c001.jpg,42,1,001.Black_footed_Albatross,001.Black_footed_Albatross/Black_Footed_Albatross_0032_796115.jpg
image_000043_c001.jpg,43,1,001.Black_footed_Albatross,001.Black_footed_Albatross/Black_Footed_Albatross_0038_212.jpg
image_000044_c001.jpg,44,1,001.Black_footed_Albatross,001.Black_footed_Albatross/Black_Footed_Albatross_0037_796120.jpg
image_000045_c001.jpg,45,1,001.Black_footed_Albatross,001.Black_footed_Albatross/Black_Footed_Albatross_0082_796121.jpg
image_000046_c001.jpg,46,1,001.Black_footed_Albatross,001.Black_footed_Albatross/Black_Footed_Albatross_0079_796122.jpg
image_000047_c001.jpg,47,1,001.Black_footed_Albatross,001.Black_footed_Albatross/Black_Footed_Albatross_0050_796125.jpg
image_000048_c001.jpg,48,1,001.Black_footed_Albatross,001.Black_footed_Albatross/Black_Footed_Albatross_0078_796126.jpg
image_000049_c001.jpg,49,1,001.Black_footed_Albatross,001.Black_footed_Albatross/Black_Footed_Albatross_0036_796127.jpg
image_000050_c001.jpg,50,1,001.Black_footed_Albatross,001.Black_footed_Albatross/Black_Footed_Albatross_0045_796129.jpg
image_000051_c001.jpg,51,1,001.Black_footed_Albatross,001.Black_footed_Albatross/Black_Footed_Albatross_0039_796132.jpg
image_000052_c001.jpg,52,1,001.Black_footed_Albatross,001.Black_footed_Albatross/Black_Footed_Albatross_0088_796133.jpg
image_000053_c001.jpg,53,1,001.Black_footed_Albatross,001.Black_footed_Albatross/Black_Footed_Albatross_0068_796135.jpg
image_000054_c001.jpg,54,1,001.Black_footed_Albatross,001.Black_footed_Albatross/Black_Footed_Albatross_0003_796136.jpg
image_000055_c001.jpg,55,1,001.Black_footed_Albatross,001.Black_footed_Albatross/Black_Footed_Albatross_0007_796138.jpg
image_000056_c001.jpg,56,1,001.Black_footed_Albatross,001.Black_footed_Albatross/Black_Footed_Albatross_0069_796139.jpg
image_000057_c001.jpg,57,1,001.Black_footed_Albatross,001.Black_footed_Albatross/Black_Footed_Albatross_0035_796140.jpg
image_000058_c001.jpg,58,1,001.Black_footed_Albatross,001.Black_footed_Albatross/Black_Footed_Albatross_0063_796141.jpg
image_000059_c001.jpg,59,1,001.Black_footed_Albatross,001.Black_footed_Albatross/Black_Footed_Albatross_0058_796074.jpg
image_000060_c001.jpg,60,1,001.Black_footed_Albatross,001.Black_footed_Albatross/Black_Footed_Albatross_0081_426.jpg
image_000061_c002.jpg,61,2,002.Laysan_Albatross,002.Laysan_Albatross/Laysan_Albatross_0002_1027.jpg
image_000062_c002.jpg,62,2,002.Laysan_Albatross,002.Laysan_Albatross/Laysan_Albatross_0003_1033.jpg
image_000063_c002.jpg,63,2,002.Laysan_Albatross,002.Laysan_Albatross/Laysan_Albatross_0082_524.jpg
image_000064_c002.jpg,64,2,002.Laysan_Albatross,002.Laysan_Albatross/Laysan_Albatross_0044_784.jpg
image_000065_c002.jpg,65,2,002.Laysan_Albatross,002.Laysan_Albatross/Laysan_Albatross_0070_788.jpg
image_000066_c002.jpg,66,2,002.Laysan_Albatross,002.Laysan_Albatross/Laysan_Albatross_0050_870.jpg
image_000067_c002.jpg,67,2,002.Laysan_Albatross,002.Laysan_Albatross/Laysan_Albatross_0071_792.jpg
image_000068_c002.jpg,68,2,002.Laysan_Albatross,002.Laysan_Albatross/Laysan_Albatross_0053_543.jpg
image_000069_c002.jpg,69,2,002.Laysan_Albatross,002.Laysan_Albatross/Laysan_Albatross_0081_800.jpg
image_000070_c002.jpg,70,2,002.Laysan_Albatross,002.Laysan_Albatross/Laysan_Albatross_0001_545.jpg
image_000071_c002.jpg,71,2,002.Laysan_Albatross,002.Laysan_Albatross/Laysan_Albatross_0023_1059.jpg
image_000072_c002.jpg,72,2,002.Laysan_Albatross,002.Laysan_Albatross/Laysan_Albatross_0065_809.jpg
image_000073_c002.jpg,73,2,002.Laysan_Albatross,002.Laysan_Albatross/Laysan_Albatross_0061_563.jpg
image_000074_c002.jpg,74,2,002.Laysan_Albatross,002.Laysan_Albatross/Laysan_Albatross_0085_564.jpg
image_000075_c002.jpg,75,2,002.Laysan_Albatross,002.Laysan_Albatross/Laysan_Albatross_0005_565.jpg
image_000076_c002.jpg,76,2,002.Laysan_Albatross,002.Laysan_Albatross/Laysan_Albatross_0060_777.jpg
image_000077_c002.jpg,77,2,002.Laysan_Albatross,002.Laysan_Albatross/Laysan_Albatross_0055_570.jpg
image_000078_c002.jpg,78,2,002.Laysan_Albatross,002.Laysan_Albatross/Laysan_Albatross_0025_571.jpg
image_000079_c002.jpg,79,2,002.Laysan_Albatross,002.Laysan_Albatross/Laysan_Albatross_0080_821.jpg
image_000080_c002.jpg,80,2,002.Laysan_Albatross,002.Laysan_Albatross/Laysan_Albatross_0092_834.jpg
image_000081_c002.jpg,81,2,002.Laysan_Albatross,002.Laysan_Albatross/Laysan_Albatross_0013_910.jpg
image_000082_c002.jpg,82,2,002.Laysan_Albatross,002.Laysan_Albatross/Laysan_Albatross_0091_602.jpg
image_000083_c002.jpg,83,2,002.Laysan_Albatross,002.Laysan_Albatross/Laysan_Albatross_0102_611.jpg
image_000084_c002.jpg,84,2,002.Laysan_Albatross,002.Laysan_Albatross/Laysan_Albatross_0099_869.jpg
image_000085_c002.jpg,85,2,002.Laysan_Albatross,002.Laysan_Albatross/Laysan_Albatross_0017_614.jpg
image_000086_c002.jpg,86,2,002.Laysan_Albatross,002.Laysan_Albatross/Laysan_Albatross_0047_619.jpg
image_000087_c002.jpg,87,2,002.Laysan_Albatross,002.Laysan_Albatross/Laysan_Albatross_0035_876.jpg
image_000088_c002.jpg,88,2,002.Laysan_Albatross,002.Laysan_Albatross/Laysan_Albatross_0098_621.jpg
image_000089_c002.jpg,89,2,002.Laysan_Albatross,002.Laysan_Albatross/Laysan_Albatross_0088_883.jpg
image_000090_c002.jpg,90,2,002.Laysan_Albatross,002.Laysan_Albatross/Laysan_Albatross_0034_628.jpg
image_000091_c002.jpg,91,2,002.Laysan_Albatross,002.Laysan_Albatross/Laysan_Albatross_0104_630.jpg
image_000092_c002.jpg,92,2,002.Laysan_Albatross,002.Laysan_Albatross/Laysan_Albatross_0058_637.jpg
image_000093_c002.jpg,93,2,002.Laysan_Albatross,002.Laysan_Albatross/Laysan_Albatross_0028_643.jpg
image_000094_c002.jpg,94,2,002.Laysan_Albatross,002.Laysan_Albatross/Laysan_Albatross_0033_658.jpg
image_000095_c002.jpg,95,2,002.Laysan_Albatross,002.Laysan_Albatross/Laysan_Albatross_0075_668.jpg
image_000096_c002.jpg,96,2,002.Laysan_Albatross,002.Laysan_Albatross/Laysan_Albatross_0076_671.jpg
image_000097_c002.jpg,97,2,002.Laysan_Albatross,002.Laysan_Albatross/Laysan_Albatross_0096_673.jpg
image_000098_c002.jpg,98,2,002.Laysan_Albatross,002.Laysan_Albatross/Laysan_Albatross_0064_674.jpg
image_000099_c002.jpg,99,2,002.Laysan_Albatross,002.Laysan_Albatross/Laysan_Albatross_0039_924.jpg
image_000100_c002.jpg,100,2,002.Laysan_Albatross,002.Laysan_Albatross/Laysan_Albatross_0049_918.jpg
image_000101_c002.jpg,101,2,002.Laysan_Albatross,002.Laysan_Albatross/Laysan_Albatross_0012_696.jpg
image_000102_c002.jpg,102,2,002.Laysan_Albatross,002.Laysan_Albatross/Laysan_Albatross_0056_500.jpg
image_000103_c002.jpg,103,2,002.Laysan_Albatross,002.Laysan_Albatross/Laysan_Albatross_0037_699.jpg
image_000104_c002.jpg,104,2,002.Laysan_Albatross,002.Laysan_Albatross/Laysan_Albatross_0006_702.jpg
image_000105_c002.jpg,105,2,002.Laysan_Albatross,002.Laysan_Albatross/Laysan_Albatross_0073_927.jpg
image_000106_c002.jpg,106,2,002.Laysan_Albatross,002.Laysan_Albatross/Laysan_Albatross_0042_801.jpg
image_000107_c002.jpg,107,2,002.Laysan_Albatross,002.Laysan_Albatross/Laysan_Albatross_0004_930.jpg
image_000108_c002.jpg,108,2,002.Laysan_Albatross,002.Laysan_Albatross/Laysan_Albatross_0093_725.jpg
image_000109_c002.jpg,109,2,002.Laysan_Albatross,002.Laysan_Albatross/Laysan_Albatross_0068_726.jpg
image_000110_c002.jpg,110,2,002.Laysan_Albatross,002.Laysan_Albatross/Laysan_Albatross_0040_472.jpg
image_000111_c002.jpg,111,2,002.Laysan_Albatross,002.Laysan_Albatross/Laysan_Albatross_0100_735.jpg
image_000112_c002.jpg,112,2,002.Laysan_Albatross,002.Laysan_Albatross/Laysan_Albatross_0021_737.jpg
image_000113_c002.jpg,113,2,002.Laysan_Albatross,002.Laysan_Albatross/Laysan_Albatross_0029_482.jpg
image_000114_c002.jpg,114,2,002.Laysan_Albatross,002.Laysan_Albatross/Laysan_Albatross_0059_488.jpg
image_000115_c002.jpg,115,2,002.Laysan_Albatross,002.Laysan_Albatross/Laysan_Albatross_0018_492.jpg
image_000116_c002.jpg,116,2,002.Laysan_Albatross,002.Laysan_Albatross/Laysan_Albatross_0083_756.jpg
image_000117_c002.jpg,117,2,002.Laysan_Albatross,002.Laysan_Albatross/Laysan_Albatross_0094_1013.jpg
image_000118_c002.jpg,118,2,002.Laysan_Albatross,002.Laysan_Albatross/Laysan_Albatross_0103_504.jpg
image_000119_c002.jpg,119,2,002.Laysan_Albatross,002.Laysan_Albatross/Laysan_Albatross_0079_506.jpg
image_000120_c002.jpg,120,2,002.Laysan_Albatross,002.Laysan_Albatross/Laysan_Albatross_0051_1020.jpg
image_000121_c003.jpg,121,3,003.Sooty_Albatross,003.Sooty_Albatross/Sooty_Albatross_0038_1065.jpg
image_000122_c003.jpg,122,3,003.Sooty_Albatross,003.Sooty_Albatross/Sooty_Albatross_0031_1066.jpg
image_000123_c003.jpg,123,3,003.Sooty_Albatross,003.Sooty_Albatross/Sooty_Albatross_0001_1071.jpg
image_000124_c003.jpg,124,3,003.Sooty_Albatross,003.Sooty_Albatross/Sooty_Albatross_0016_1075.jpg
image_000125_c003.jpg,125,3,003.Sooty_Albatross,003.Sooty_Albatross/Sooty_Albatross_0043_1076.jpg
image_000126_c003.jpg,126,3,003.Sooty_Albatross,003.Sooty_Albatross/Sooty_Albatross_0003_1078.jpg
image_000127_c003.jpg,127,3,003.Sooty_Albatross,003.Sooty_Albatross/Sooty_Albatross_0077_1080.jpg
image_000128_c003.jpg,128,3,003.Sooty_Albatross,003.Sooty_Albatross/Sooty_Albatross_0063_1101.jpg
image_000129_c003.jpg,129,3,003.Sooty_Albatross,003.Sooty_Albatross/Sooty_Albatross_0044_1105.jpg
image_000130_c003.jpg,130,3,003.Sooty_Albatross,003.Sooty_Albatross/Sooty_Albatross_0071_1116.jpg
image_000131_c003.jpg,131,3,003.Sooty_Albatross,003.Sooty_Albatross/Sooty_Albatross_0070_796346.jpg
image_000132_c003.jpg,132,3,003.Sooty_Albatross,003.Sooty_Albatross/Sooty_Albatross_0030_1122.jpg
image_000133_c003.jpg,133,3,003.Sooty_Albatross,003.Sooty_Albatross/Sooty_Albatross_0054_796347.jpg
image_000134_c003.jpg,134,3,003.Sooty_Albatross,003.Sooty_Albatross/Sooty_Albatross_0033_1128.jpg
image_000135_c003.jpg,135,3,003.Sooty_Albatross,003.Sooty_Albatross/Sooty_Albatross_0048_1130.jpg
image_000136_c003.jpg,136,3,003.Sooty_Albatross,003.Sooty_Albatross/Sooty_Albatross_0032_1149.jpg
image_000137_c003.jpg,137,3,003.Sooty_Albatross,003.Sooty_Albatross/Sooty_Albatross_0034_1154.jpg
image_000138_c003.jpg,138,3,003.Sooty_Albatross,003.Sooty_Albatross/Sooty_Albatross_0055_1160.jpg
image_000139_c003.jpg,139,3,003.Sooty_Albatross,003.Sooty_Albatross/Sooty_Albatross_0024_1161.jpg
image_000140_c003.jpg,140,3,003.Sooty_Albatross,003.Sooty_Albatross/Sooty_Albatross_0045_1162.jpg
image_000141_c003.jpg,141,3,003.Sooty_Albatross,003.Sooty_Albatross/Sooty_Albatross_0073_1171.jpg
image_000142_c003.jpg,142,3,003.Sooty_Albatross,003.Sooty_Albatross/Sooty_Albatross_0074_1221.jpg
image_000143_c003.jpg,143,3,003.Sooty_Albatross,003.Sooty_Albatross/Sooty_Albatross_0021_796339.jpg
image_000144_c003.jpg,144,3,003.Sooty_Albatross,003.Sooty_Albatross/Sooty_Albatross_0005_796342.jpg
image_000145_c003.jpg,145,3,003.Sooty_Albatross,003.Sooty_Albatross/Sooty_Albatross_0064_796343.jpg
image_000146_c003.jpg,146,3,003.Sooty_Albatross,003.Sooty_Albatross/Sooty_Albatross_0042_1210.jpg
image_000147_c003.jpg,147,3,003.Sooty_Albatross,003.Sooty_Albatross/Sooty_Albatross_0046_1211.jpg
image_000148_c003.jpg,148,3,003.Sooty_Albatross,003.Sooty_Albatross/Sooty_Albatross_0017_796349.jpg
image_000149_c003.jpg,149,3,003.Sooty_Albatross,003.Sooty_Albatross/Sooty_Albatross_0049_796350.jpg
image_000150_c003.jpg,150,3,003.Sooty_Albatross,003.Sooty_Albatross/Sooty_Albatross_0050_796351.jpg
image_000151_c003.jpg,151,3,003.Sooty_Albatross,003.Sooty_Albatross/Sooty_Albatross_0075_796352.jpg
image_000152_c003.jpg,152,3,003.Sooty_Albatross,003.Sooty_Albatross/Sooty_Albatross_0068_796353.jpg
image_000153_c003.jpg,153,3,003.Sooty_Albatross,003.Sooty_Albatross/Sooty_Albatross_0057_796354.jpg
image_000154_c003.jpg,154,3,003.Sooty_Albatross,003.Sooty_Albatross/Sooty_Albatross_0010_796355.jpg
image_000155_c003.jpg,155,3,003.Sooty_Albatross,003.Sooty_Albatross/Sooty_Albatross_0029_796357.jpg
image_000156_c003.jpg,156,3,003.Sooty_Albatross,003.Sooty_Albatross/Sooty_Albatross_0069_796358.jpg
image_000157_c003.jpg,157,3,003.Sooty_Albatross,003.Sooty_Albatross/Sooty_Albatross_0020_796359.jpg
image_000158_c003.jpg,158,3,003.Sooty_Albatross,003.Sooty_Albatross/Sooty_Albatross_0058_796360.jpg
image_000159_c003.jpg,159,3,003.Sooty_Albatross,003.Sooty_Albatross/Sooty_Albatross_0025_796361.jpg
image_000160_c003.jpg,160,3,003.Sooty_Albatross,003.Sooty_Albatross/Sooty_Albatross_0041_796364.jpg
image_000161_c003.jpg,161,3,003.Sooty_Albatross,003.Sooty_Albatross/Sooty_Albatross_0076_796365.jpg
image_000162_c003.jpg,162,3,003.Sooty_Albatross,003.Sooty_Albatross/Sooty_Albatross_0004_796366.jpg
image_000163_c003.jpg,163,3,003.Sooty_Albatross,003.Sooty_Albatross/Sooty_Albatross_0065_796367.jpg
image_000164_c003.jpg,164,3,003.Sooty_Albatross,003.Sooty_Albatross/Sooty_Albatross_0072_796371.jpg
image_000165_c003.jpg,165,3,003.Sooty_Albatross,003.Sooty_Albatross/Sooty_Albatross_0007_796372.jpg
image_000166_c003.jpg,166,3,003.Sooty_Albatross,003.Sooty_Albatross/Sooty_Albatross_0014_796373.jpg
image_000167_c003.jpg,167,3,003.Sooty_Albatross,003.Sooty_Albatross/Sooty_Albatross_0051_796374.jpg
image_000168_c003.jpg,168,3,003.Sooty_Albatross,003.Sooty_Albatross/Sooty_Albatross_0040_796375.jpg
image_000169_c003.jpg,169,3,003.Sooty_Albatross,003.Sooty_Albatross/Sooty_Albatross_0067_796376.jpg
image_000170_c003.jpg,170,3,003.Sooty_Albatross,003.Sooty_Albatross/Sooty_Albatross_0066_796382.jpg
image_000171_c003.jpg,171,3,003.Sooty_Albatross,003.Sooty_Albatross/Sooty_Albatross_0036_796387.jpg
image_000172_c003.jpg,172,3,003.Sooty_Albatross,003.Sooty_Albatross/Sooty_Albatross_0079_796389.jpg
image_000173_c003.jpg,173,3,003.Sooty_Albatross,003.Sooty_Albatross/Sooty_Albatross_0006_796390.jpg
image_000174_c003.jpg,174,3,003.Sooty_Albatross,003.Sooty_Albatross/Sooty_Albatross_0019_796391.jpg
image_000175_c003.jpg,175,3,003.Sooty_Albatross,003.Sooty_Albatross/Sooty_Albatross_0002_796395.jpg
image_000176_c003.jpg,176,3,003.Sooty_Albatross,003.Sooty_Albatross/Sooty_Albatross_0022_796398.jpg
image_000177_c003.jpg,177,3,003.Sooty_Albatross,003.Sooty_Albatross/Sooty_Albatross_0023_796401.jpg
image_000178_c003.jpg,178,3,003.Sooty_Albatross,003.Sooty_Albatross/Sooty_Albatross_0013_796402.jpg
image_000179_c004.jpg,179,4,004.Groove_billed_Ani,004.Groove_billed_Ani/Groove_Billed_Ani_0068_1538.jpg
image_000180_c004.jpg,180,4,004.Groove_billed_Ani,004.Groove_billed_Ani/Groove_Billed_Ani_0094_1540.jpg
image_000181_c004.jpg,181,4,004.Groove_billed_Ani,004.Groove_billed_Ani/Groove_Billed_Ani_0033_1494.jpg
image_000182_c004.jpg,182,4,004.Groove_billed_Ani,004.Groove_billed_Ani/Groove_Billed_Ani_0069_1546.jpg
image_000183_c004.jpg,183,4,004.Groove_billed_Ani,004.Groove_billed_Ani/Groove_Billed_Ani_0080_1549.jpg
image_000184_c004.jpg,184,4,004.Groove_billed_Ani,004.Groove_billed_Ani/Groove_Billed_Ani_0071_1559.jpg
image_000185_c004.jpg,185,4,004.Groove_billed_Ani,004.Groove_billed_Ani/Groove_Billed_Ani_0037_1560.jpg
image_000186_c004.jpg,186,4,004.Groove_billed_Ani,004.Groove_billed_Ani/Groove_Billed_Ani_0017_1561.jpg
image_000187_c004.jpg,187,4,004.Groove_billed_Ani,004.Groove_billed_Ani/Groove_Billed_Ani_0105_1562.jpg
image_000188_c004.jpg,188,4,004.Groove_billed_Ani,004.Groove_billed_Ani/Groove_Billed_Ani_0090_1567.jpg
image_000189_c004.jpg,189,4,004.Groove_billed_Ani,004.Groove_billed_Ani/Groove_Billed_Ani_0019_1585.jpg
image_000190_c004.jpg,190,4,004.Groove_billed_Ani,004.Groove_billed_Ani/Groove_Billed_Ani_0031_1588.jpg
image_000191_c004.jpg,191,4,004.Groove_billed_Ani,004.Groove_billed_Ani/Groove_Billed_Ani_0107_1590.jpg
image_000192_c004.jpg,192,4,004.Groove_billed_Ani,004.Groove_billed_Ani/Groove_Billed_Ani_0035_1591.jpg
image_000193_c004.jpg,193,4,004.Groove_billed_Ani,004.Groove_billed_Ani/Groove_Billed_Ani_0109_1592.jpg
image_000194_c004.jpg,194,4,004.Groove_billed_Ani,004.Groove_billed_Ani/Groove_Billed_Ani_0036_1604.jpg
image_000195_c004.jpg,195,4,004.Groove_billed_Ani,004.Groove_billed_Ani/Groove_Billed_Ani_0085_1612.jpg
image_000196_c004.jpg,196,4,004.Groove_billed_Ani,004.Groove_billed_Ani/Groove_Billed_Ani_0018_1613.jpg
image_000197_c004.jpg,197,4,004.Groove_billed_Ani,004.Groove_billed_Ani/Groove_Billed_Ani_0007_1615.jpg
image_000198_c004.jpg,198,4,004.Groove_billed_Ani,004.Groove_billed_Ani/Groove_Billed_Ani_0075_1617.jpg
image_000199_c004.jpg,199,4,004.Groove_billed_Ani,004.Groove_billed_Ani/Groove_Billed_Ani_0029_1620.jpg
image_000200_c004.jpg,200,4,004.Groove_billed_Ani,004.Groove_billed_Ani/Groove_Billed_Ani_0108_1639.jpg
image_000201_c004.jpg,201,4,004.Groove_billed_Ani,004.Groove_billed_Ani/Groove_Billed_Ani_0100_1646.jpg
image_000202_c004.jpg,202,4,004.Groove_billed_Ani,004.Groove_billed_Ani/Groove_Billed_Ani_0051_1650.jpg
image_000203_c004.jpg,203,4,004.Groove_billed_Ani,004.Groove_billed_Ani/Groove_Billed_Ani_0015_1653.jpg
image_000204_c004.jpg,204,4,004.Groove_billed_Ani,004.Groove_billed_Ani/Groove_Billed_Ani_0076_1661.jpg
image_000205_c004.jpg,205,4,004.Groove_billed_Ani,004.Groove_billed_Ani/Groove_Billed_Ani_0046_1663.jpg
image_000206_c004.jpg,206,4,004.Groove_billed_Ani,004.Groove_billed_Ani/Groove_Billed_Ani_0002_1670.jpg
image_000207_c004.jpg,207,4,004.Groove_billed_Ani,004.Groove_billed_Ani/Groove_Billed_Ani_0053_1672.jpg
image_000208_c004.jpg,208,4,004.Groove_billed_Ani,004.Groove_billed_Ani/Groove_Billed_Ani_0088_1678.jpg
image_000209_c004.jpg,209,4,004.Groove_billed_Ani,004.Groove_billed_Ani/Groove_Billed_Ani_0072_1696.jpg
image_000210_c004.jpg,210,4,004.Groove_billed_Ani,004.Groove_billed_Ani/Groove_Billed_Ani_0082_1697.jpg
image_000211_c004.jpg,211,4,004.Groove_billed_Ani,004.Groove_billed_Ani/Groove_Billed_Ani_0101_1700.jpg
image_000212_c004.jpg,212,4,004.Groove_billed_Ani,004.Groove_billed_Ani/Groove_Billed_Ani_0010_1704.jpg
image_000213_c004.jpg,213,4,004.Groove_billed_Ani,004.Groove_billed_Ani/Groove_Billed_Ani_0047_1706.jpg
image_000214_c004.jpg,214,4,004.Groove_billed_Ani,004.Groove_billed_Ani/Groove_Billed_Ani_0040_1715.jpg
image_000215_c004.jpg,215,4,004.Groove_billed_Ani,004.Groove_billed_Ani/Groove_Billed_Ani_0077_1724.jpg
image_000216_c004.jpg,216,4,004.Groove_billed_Ani,004.Groove_billed_Ani/Groove_Billed_Ani_0091_1728.jpg
image_000217_c004.jpg,217,4,004.Groove_billed_Ani,004.Groove_billed_Ani/Groove_Billed_Ani_0074_1730.jpg
image_000218_c004.jpg,218,4,004.Groove_billed_Ani,004.Groove_billed_Ani/Groove_Billed_Ani_0044_1731.jpg
image_000219_c004.jpg,219,4,004.Groove_billed_Ani,004.Groove_billed_Ani/Groove_Billed_Ani_0059_1480.jpg
image_000220_c004.jpg,220,4,004.Groove_billed_Ani,004.Groove_billed_Ani/Groove_Billed_Ani_0023_1485.jpg
image_000221_c004.jpg,221,4,004.Groove_billed_Ani,004.Groove_billed_Ani/Groove_Billed_Ani_0004_1528.jpg
image_000222_c004.jpg,222,4,004.Groove_billed_Ani,004.Groove_billed_Ani/Groove_Billed_Ani_0056_1493.jpg
image_000223_c004.jpg,223,4,004.Groove_billed_Ani,004.Groove_billed_Ani/Groove_Billed_Ani_0005_1750.jpg
image_000224_c004.jpg,224,4,004.Groove_billed_Ani,004.Groove_billed_Ani/Groove_Billed_Ani_0058_1751.jpg
image_000225_c004.jpg,225,4,004.Groove_billed_Ani,004.Groove_billed_Ani/Groove_Billed_Ani_0027_1754.jpg
image_000226_c004.jpg,226,4,004.Groove_billed_Ani,004.Groove_billed_Ani/Groove_Billed_Ani_0014_1755.jpg
image_000227_c004.jpg,227,4,004.Groove_billed_Ani,004.Groove_billed_Ani/Groove_Billed_Ani_0055_1501.jpg
image_000228_c004.jpg,228,4,004.Groove_billed_Ani,004.Groove_billed_Ani/Groove_Billed_Ani_0065_1502.jpg
image_000229_c004.jpg,229,4,004.Groove_billed_Ani,004.Groove_billed_Ani/Groove_Billed_Ani_0060_1505.jpg
image_000230_c004.jpg,230,4,004.Groove_billed_Ani,004.Groove_billed_Ani/Groove_Billed_Ani_0006_1763.jpg
image_000231_c004.jpg,231,4,004.Groove_billed_Ani,004.Groove_billed_Ani/Groove_Billed_Ani_0087_1765.jpg
image_000232_c004.jpg,232,4,004.Groove_billed_Ani,004.Groove_billed_Ani/Groove_Billed_Ani_0061_1510.jpg
image_000233_c004.jpg,233,4,004.Groove_billed_Ani,004.Groove_billed_Ani/Groove_Billed_Ani_0062_1767.jpg
image_000234_c004.jpg,234,4,004.Groove_billed_Ani,004.Groove_billed_Ani/Groove_Billed_Ani_0092_1516.jpg
image_000235_c004.jpg,235,4,004.Groove_billed_Ani,004.Groove_billed_Ani/Groove_Billed_Ani_0032_1776.jpg
image_000236_c004.jpg,236,4,004.Groove_billed_Ani,004.Groove_billed_Ani/Groove_Billed_Ani_0009_1522.jpg
image_000237_c004.jpg,237,4,004.Groove_billed_Ani,004.Groove_billed_Ani/Groove_Billed_Ani_0078_1780.jpg
image_000238_c004.jpg,238,4,004.Groove_billed_Ani,004.Groove_billed_Ani/Groove_Billed_Ani_0012_1784.jpg
image_000239_c005.jpg,239,5,005.Crested_Auklet,005.Crested_Auklet/Crested_Auklet_0006_1813.jpg
image_000240_c005.jpg,240,5,005.Crested_Auklet,005.Crested_Auklet/Crested_Auklet_0042_794902.jpg
image_000241_c005.jpg,241,5,005.Crested_Auklet,005.Crested_Auklet/Crested_Auklet_0061_794904.jpg
image_000242_c005.jpg,242,5,005.Crested_Auklet,005.Crested_Auklet/Crested_Auklet_0018_1817.jpg
image_000243_c005.jpg,243,5,005.Crested_Auklet,005.Crested_Auklet/Crested_Auklet_0010_794907.jpg
image_000244_c005.jpg,244,5,005.Crested_Auklet,005.Crested_Auklet/Crested_Auklet_0041_794910.jpg
image_000245_c005.jpg,245,5,005.Crested_Auklet,005.Crested_Auklet/Crested_Auklet_0029_1824.jpg
image_000246_c005.jpg,246,5,005.Crested_Auklet,005.Crested_Auklet/Crested_Auklet_0044_1825.jpg
image_000247_c005.jpg,247,5,005.Crested_Auklet,005.Crested_Auklet/Crested_Auklet_0013_794914.jpg
image_000248_c005.jpg,248,5,005.Crested_Auklet,005.Crested_Auklet/Crested_Auklet_0047_794918.jpg
image_000249_c005.jpg,249,5,005.Crested_Auklet,005.Crested_Auklet/Crested_Auklet_0005_794922.jpg
image_000250_c005.jpg,250,5,005.Crested_Auklet,005.Crested_Auklet/Crested_Auklet_0019_794925.jpg
image_000251_c005.jpg,251,5,005.Crested_Auklet,005.Crested_Auklet/Crested_Auklet_0011_794927.jpg
image_000252_c005.jpg,252,5,005.Crested_Auklet,005.Crested_Auklet/Crested_Auklet_0059_794929.jpg
image_000253_c005.jpg,253,5,005.Crested_Auklet,005.Crested_Auklet/Crested_Auklet_0032_794931.jpg
image_000254_c005.jpg,254,5,005.Crested_Auklet,005.Crested_Auklet/Crested_Auklet_0057_794932.jpg
image_000255_c005.jpg,255,5,005.Crested_Auklet,005.Crested_Auklet/Crested_Auklet_0021_794938.jpg
image_000256_c005.jpg,256,5,005.Crested_Auklet,005.Crested_Auklet/Crested_Auklet_0045_794940.jpg
image_000257_c005.jpg,257,5,005.Crested_Auklet,005.Crested_Auklet/Crested_Auklet_0001_794941.jpg
image_000258_c005.jpg,258,5,005.Crested_Auklet,005.Crested_Auklet/Crested_Auklet_0039_794944.jpg
image_000259_c005.jpg,259,5,005.Crested_Auklet,005.Crested_Auklet/Crested_Auklet_0074_794949.jpg
image_000260_c005.jpg,260,5,005.Crested_Auklet,005.Crested_Auklet/Crested_Auklet_0028_794951.jpg
image_000261_c005.jpg,261,5,005.Crested_Auklet,005.Crested_Auklet/Crested_Auklet_0052_794952.jpg
image_000262_c005.jpg,262,5,005.Crested_Auklet,005.Crested_Auklet/Crested_Auklet_0012_794960.jpg
image_000263_c005.jpg,263,5,005.Crested_Auklet,005.Crested_Auklet/Crested_Auklet_0003_794962.jpg
image_000264_c005.jpg,264,5,005.Crested_Auklet,005.Crested_Auklet/Crested_Auklet_0033_794964.jpg
image_000265_c005.jpg,265,5,005.Crested_Auklet,005.Crested_Auklet/Crested_Auklet_0053_794966.jpg
image_000266_c005.jpg,266,5,005.Crested_Auklet,005.Crested_Auklet/Crested_Auklet_0062_794968.jpg
image_000267_c005.jpg,267,5,005.Crested_Auklet,005.Crested_Auklet/Crested_Auklet_0073_785248.jpg
image_000268_c005.jpg,268,5,005.Crested_Auklet,005.Crested_Auklet/Crested_Auklet_0067_785249.jpg
image_000269_c005.jpg,269,5,005.Crested_Auklet,005.Crested_Auklet/Crested_Auklet_0066_785251.jpg
image_000270_c005.jpg,270,5,005.Crested_Auklet,005.Crested_Auklet/Crested_Auklet_0076_785252.jpg
image_000271_c005.jpg,271,5,005.Crested_Auklet,005.Crested_Auklet/Crested_Auklet_0068_785253.jpg
image_000272_c005.jpg,272,5,005.Crested_Auklet,005.Crested_Auklet/Crested_Auklet_0071_785255.jpg
image_000273_c005.jpg,273,5,005.Crested_Auklet,005.Crested_Auklet/Crested_Auklet_0077_785257.jpg
image_000274_c005.jpg,274,5,005.Crested_Auklet,005.Crested_Auklet/Crested_Auklet_0069_785258.jpg
image_000275_c005.jpg,275,5,005.Crested_Auklet,005.Crested_Auklet/Crested_Auklet_0075_785259.jpg
image_000276_c005.jpg,276,5,005.Crested_Auklet,005.Crested_Auklet/Crested_Auklet_0072_785260.jpg
image_000277_c005.jpg,277,5,005.Crested_Auklet,005.Crested_Auklet/Crested_Auklet_0070_785261.jpg
image_000278_c005.jpg,278,5,005.Crested_Auklet,005.Crested_Auklet/Crested_Auklet_0063_794901.jpg
image_000279_c005.jpg,279,5,005.Crested_Auklet,005.Crested_Auklet/Crested_Auklet_0036_794905.jpg
image_000280_c005.jpg,280,5,005.Crested_Auklet,005.Crested_Auklet/Crested_Auklet_0030_794937.jpg
image_000281_c005.jpg,281,5,005.Crested_Auklet,005.Crested_Auklet/Crested_Auklet_0040_794912.jpg
image_000282_c005.jpg,282,5,005.Crested_Auklet,005.Crested_Auklet/Crested_Auklet_0048_1791.jpg
image_000283_c006.jpg,283,6,006.Least_Auklet,006.Least_Auklet/Least_Auklet_0035_1888.jpg
image_000284_c006.jpg,284,6,006.Least_Auklet,006.Least_Auklet/Least_Auklet_0050_1924.jpg
image_000285_c006.jpg,285,6,006.Least_Auklet,006.Least_Auklet/Least_Auklet_0058_1931.jpg
image_000286_c006.jpg,286,6,006.Least_Auklet,006.Least_Auklet/Least_Auklet_0014_1901.jpg
image_000287_c006.jpg,287,6,006.Least_Auklet,006.Least_Auklet/Least_Auklet_0016_1903.jpg
image_000288_c006.jpg,288,6,006.Least_Auklet,006.Least_Auklet/Least_Auklet_0040_795100.jpg
image_000289_c006.jpg,289,6,006.Least_Auklet,006.Least_Auklet/Least_Auklet_0015_795065.jpg
image_000290_c006.jpg,290,6,006.Least_Auklet,006.Least_Auklet/Least_Auklet_0026_795066.jpg
image_000291_c006.jpg,291,6,006.Least_Auklet,006.Least_Auklet/Least_Auklet_0043_795067.jpg
image_000292_c006.jpg,292,6,006.Least_Auklet,006.Least_Auklet/Least_Auklet_0032_795068.jpg
image_000293_c006.jpg,293,6,006.Least_Auklet,006.Least_Auklet/Least_Auklet_0045_795069.jpg
image_000294_c006.jpg,294,6,006.Least_Auklet,006.Least_Auklet/Least_Auklet_0008_795071.jpg
image_000295_c006.jpg,295,6,006.Least_Auklet,006.Least_Auklet/Least_Auklet_0012_795074.jpg
image_000296_c006.jpg,296,6,006.Least_Auklet,006.Least_Auklet/Least_Auklet_0018_795077.jpg
image_000297_c006.jpg,297,6,006.Least_Auklet,006.Least_Auklet/Least_Auklet_0020_795080.jpg
image_000298_c006.jpg,298,6,006.Least_Auklet,006.Least_Auklet/Least_Auklet_0039_795081.jpg
image_000299_c006.jpg,299,6,006.Least_Auklet,006.Least_Auklet/Least_Auklet_0017_795084.jpg
image_000300_c006.jpg,300,6,006.Least_Auklet,006.Least_Auklet/Least_Auklet_0025_795087.jpg
image_000301_c006.jpg,301,6,006.Least_Auklet,006.Least_Auklet/Least_Auklet_0052_795088.jpg
image_000302_c006.jpg,302,6,006.Least_Auklet,006.Least_Auklet/Least_Auklet_0027_795091.jpg
image_000303_c006.jpg,303,6,006.Least_Auklet,006.Least_Auklet/Least_Auklet_0010_795092.jpg
image_000304_c006.jpg,304,6,006.Least_Auklet,006.Least_Auklet/Least_Auklet_0028_795094.jpg
image_000305_c006.jpg,305,6,006.Least_Auklet,006.Least_Auklet/Least_Auklet_0060_795095.jpg
image_000306_c006.jpg,306,6,006.Least_Auklet,006.Least_Auklet/Least_Auklet_0034_795096.jpg
image_000307_c006.jpg,307,6,006.Least_Auklet,006.Least_Auklet/Least_Auklet_0042_1874.jpg
image_000308_c006.jpg,308,6,006.Least_Auklet,006.Least_Auklet/Least_Auklet_0055_795106.jpg
image_000309_c006.jpg,309,6,006.Least_Auklet,006.Least_Auklet/Least_Auklet_0041_795107.jpg
image_000310_c006.jpg,310,6,006.Least_Auklet,006.Least_Auklet/Least_Auklet_0011_795109.jpg
image_000311_c006.jpg,311,6,006.Least_Auklet,006.Least_Auklet/Least_Auklet_0004_795112.jpg
image_000312_c006.jpg,312,6,006.Least_Auklet,006.Least_Auklet/Least_Auklet_0023_1898.jpg
image_000313_c006.jpg,313,6,006.Least_Auklet,006.Least_Auklet/Least_Auklet_0030_795116.jpg
image_000314_c006.jpg,314,6,006.Least_Auklet,006.Least_Auklet/Least_Auklet_0046_795118.jpg
image_000315_c006.jpg,315,6,006.Least_Auklet,006.Least_Auklet/Least_Auklet_0005_795119.jpg
image_000316_c006.jpg,316,6,006.Least_Auklet,006.Least_Auklet/Least_Auklet_0024_795120.jpg
image_000317_c006.jpg,317,6,006.Least_Auklet,006.Least_Auklet/Least_Auklet_0029_795122.jpg
image_000318_c006.jpg,318,6,006.Least_Auklet,006.Least_Auklet/Least_Auklet_0007_795123.jpg
image_000319_c006.jpg,319,6,006.Least_Auklet,006.Least_Auklet/Least_Auklet_0057_795126.jpg
image_000320_c006.jpg,320,6,006.Least_Auklet,006.Least_Auklet/Least_Auklet_0021_795127.jpg
image_000321_c006.jpg,321,6,006.Least_Auklet,006.Least_Auklet/Least_Auklet_0054_795130.jpg
image_000322_c006.jpg,322,6,006.Least_Auklet,006.Least_Auklet/Least_Auklet_0038_795132.jpg
image_000323_c006.jpg,323,6,006.Least_Auklet,006.Least_Auklet/Least_Auklet_0063_795134.jpg
image_000324_c007.jpg,324,7,007.Parakeet_Auklet,007.Parakeet_Auklet/Parakeet_Auklet_0004_795921.jpg
image_000325_c007.jpg,325,7,007.Parakeet_Auklet,007.Parakeet_Auklet/Parakeet_Auklet_0017_795924.jpg
image_000326_c007.jpg,326,7,007.Parakeet_Auklet,007.Parakeet_Auklet/Parakeet_Auklet_0027_795925.jpg
image_000327_c007.jpg,327,7,007.Parakeet_Auklet,007.Parakeet_Auklet/Parakeet_Auklet_0056_795926.jpg
image_000328_c007.jpg,328,7,007.Parakeet_Auklet,007.Parakeet_Auklet/Parakeet_Auklet_0012_795927.jpg
image_000329_c007.jpg,329,7,007.Parakeet_Auklet,007.Parakeet_Auklet/Parakeet_Auklet_0072_795929.jpg
image_000330_c007.jpg,330,7,007.Parakeet_Auklet,007.Parakeet_Auklet/Parakeet_Auklet_0030_795930.jpg
image_000331_c007.jpg,331,7,007.Parakeet_Auklet,007.Parakeet_Auklet/Parakeet_Auklet_0007_795932.jpg
image_000332_c007.jpg,332,7,007.Parakeet_Auklet,007.Parakeet_Auklet/Parakeet_Auklet_0041_795933.jpg
image_000333_c007.jpg,333,7,007.Parakeet_Auklet,007.Parakeet_Auklet/Parakeet_Auklet_0035_795934.jpg
image_000334_c007.jpg,334,7,007.Parakeet_Auklet,007.Parakeet_Auklet/Parakeet_Auklet_0038_795935.jpg
image_000335_c007.jpg,335,7,007.Parakeet_Auklet,007.Parakeet_Auklet/Parakeet_Auklet_0069_795936.jpg
image_000336_c007.jpg,336,7,007.Parakeet_Auklet,007.Parakeet_Auklet/Parakeet_Auklet_0073_795939.jpg
image_000337_c007.jpg,337,7,007.Parakeet_Auklet,007.Parakeet_Auklet/Parakeet_Auklet_0058_795942.jpg
image_000338_c007.jpg,338,7,007.Parakeet_Auklet,007.Parakeet_Auklet/Parakeet_Auklet_0036_795943.jpg
image_000339_c007.jpg,339,7,007.Parakeet_Auklet,007.Parakeet_Auklet/Parakeet_Auklet_0028_795944.jpg
image_000340_c007.jpg,340,7,007.Parakeet_Auklet,007.Parakeet_Auklet/Parakeet_Auklet_0020_795947.jpg
image_000341_c007.jpg,341,7,007.Parakeet_Auklet,007.Parakeet_Auklet/Parakeet_Auklet_0043_795948.jpg
image_000342_c007.jpg,342,7,007.Parakeet_Auklet,007.Parakeet_Auklet/Parakeet_Auklet_0045_795953.jpg
image_000343_c007.jpg,343,7,007.Parakeet_Auklet,007.Parakeet_Auklet/Parakeet_Auklet_0064_795954.jpg
image_000344_c007.jpg,344,7,007.Parakeet_Auklet,007.Parakeet_Auklet/Parakeet_Auklet_0039_795955.jpg
image_000345_c007.jpg,345,7,007.Parakeet_Auklet,007.Parakeet_Auklet/Parakeet_Auklet_0047_795956.jpg
image_000346_c007.jpg,346,7,007.Parakeet_Auklet,007.Parakeet_Auklet/Parakeet_Auklet_0050_795957.jpg
image_000347_c007.jpg,347,7,007.Parakeet_Auklet,007.Parakeet_Auklet/Parakeet_Auklet_0062_795958.jpg
image_000348_c007.jpg,348,7,007.Parakeet_Auklet,007.Parakeet_Auklet/Parakeet_Auklet_0031_795960.jpg
image_000349_c007.jpg,349,7,007.Parakeet_Auklet,007.Parakeet_Auklet/Parakeet_Auklet_0042_795961.jpg
image_000350_c007.jpg,350,7,007.Parakeet_Auklet,007.Parakeet_Auklet/Parakeet_Auklet_0026_795962.jpg
image_000351_c007.jpg,351,7,007.Parakeet_Auklet,007.Parakeet_Auklet/Parakeet_Auklet_0055_795963.jpg
image_000352_c007.jpg,352,7,007.Parakeet_Auklet,007.Parakeet_Auklet/Parakeet_Auklet_0067_795964.jpg
image_000353_c007.jpg,353,7,007.Parakeet_Auklet,007.Parakeet_Auklet/Parakeet_Auklet_0080_795965.jpg
image_000354_c007.jpg,354,7,007.Parakeet_Auklet,007.Parakeet_Auklet/Parakeet_Auklet_0015_795966.jpg
image_000355_c007.jpg,355,7,007.Parakeet_Auklet,007.Parakeet_Auklet/Parakeet_Auklet_0065_795969.jpg
image_000356_c007.jpg,356,7,007.Parakeet_Auklet,007.Parakeet_Auklet/Parakeet_Auklet_0013_795970.jpg
image_000357_c007.jpg,357,7,007.Parakeet_Auklet,007.Parakeet_Auklet/Parakeet_Auklet_0051_795971.jpg
image_000358_c007.jpg,358,7,007.Parakeet_Auklet,007.Parakeet_Auklet/Parakeet_Auklet_0001_795972.jpg
image_000359_c007.jpg,359,7,007.Parakeet_Auklet,007.Parakeet_Auklet/Parakeet_Auklet_0059_795973.jpg
image_000360_c007.jpg,360,7,007.Parakeet_Auklet,007.Parakeet_Auklet/Parakeet_Auklet_0040_795974.jpg
image_000361_c007.jpg,361,7,007.Parakeet_Auklet,007.Parakeet_Auklet/Parakeet_Auklet_0025_795975.jpg
image_000362_c007.jpg,362,7,007.Parakeet_Auklet,007.Parakeet_Auklet/Parakeet_Auklet_0074_795976.jpg
image_000363_c007.jpg,363,7,007.Parakeet_Auklet,007.Parakeet_Auklet/Parakeet_Auklet_0016_795977.jpg
image_000364_c007.jpg,364,7,007.Parakeet_Auklet,007.Parakeet_Auklet/Parakeet_Auklet_0048_795980.jpg
image_000365_c007.jpg,365,7,007.Parakeet_Auklet,007.Parakeet_Auklet/Parakeet_Auklet_0075_795981.jpg
image_000366_c007.jpg,366,7,007.Parakeet_Auklet,007.Parakeet_Auklet/Parakeet_Auklet_0003_795982.jpg
image_000367_c007.jpg,367,7,007.Parakeet_Auklet,007.Parakeet_Auklet/Parakeet_Auklet_0032_795986.jpg
image_000368_c007.jpg,368,7,007.Parakeet_Auklet,007.Parakeet_Auklet/Parakeet_Auklet_0019_795987.jpg
image_000369_c007.jpg,369,7,007.Parakeet_Auklet,007.Parakeet_Auklet/Parakeet_Auklet_0061_795990.jpg
image_000370_c007.jpg,370,7,007.Parakeet_Auklet,007.Parakeet_Auklet/Parakeet_Auklet_0008_795992.jpg
image_000371_c007.jpg,371,7,007.Parakeet_Auklet,007.Parakeet_Auklet/Parakeet_Auklet_0034_795994.jpg
image_000372_c007.jpg,372,7,007.Parakeet_Auklet,007.Parakeet_Auklet/Parakeet_Auklet_0010_795995.jpg
image_000373_c007.jpg,373,7,007.Parakeet_Auklet,007.Parakeet_Auklet/Parakeet_Auklet_0070_795998.jpg
image_000374_c007.jpg,374,7,007.Parakeet_Auklet,007.Parakeet_Auklet/Parakeet_Auklet_0076_796001.jpg
image_000375_c007.jpg,375,7,007.Parakeet_Auklet,007.Parakeet_Auklet/Parakeet_Auklet_0078_2004.jpg
image_000376_c007.jpg,376,7,007.Parakeet_Auklet,007.Parakeet_Auklet/Parakeet_Auklet_0024_2045.jpg
image_000377_c008.jpg,377,8,008.Rhinoceros_Auklet,008.Rhinoceros_Auklet/Rhinoceros_Auklet_0028_2056.jpg
image_000378_c008.jpg,378,8,008.Rhinoceros_Auklet,008.Rhinoceros_Auklet/Rhinoceros_Auklet_0020_2195.jpg
image_000379_c008.jpg,379,8,008.Rhinoceros_Auklet,008.Rhinoceros_Auklet/Rhinoceros_Auklet_0021_2089.jpg
image_000380_c008.jpg,380,8,008.Rhinoceros_Auklet,008.Rhinoceros_Auklet/Rhinoceros_Auklet_0043_2096.jpg
image_000381_c008.jpg,381,8,008.Rhinoceros_Auklet,008.Rhinoceros_Auklet/Rhinoceros_Auklet_0042_2101.jpg
image_000382_c008.jpg,382,8,008.Rhinoceros_Auklet,008.Rhinoceros_Auklet/Rhinoceros_Auklet_0027_797496.jpg
image_000383_c008.jpg,383,8,008.Rhinoceros_Auklet,008.Rhinoceros_Auklet/Rhinoceros_Auklet_0034_797497.jpg
image_000384_c008.jpg,384,8,008.Rhinoceros_Auklet,008.Rhinoceros_Auklet/Rhinoceros_Auklet_0037_797499.jpg
image_000385_c008.jpg,385,8,008.Rhinoceros_Auklet,008.Rhinoceros_Auklet/Rhinoceros_Auklet_0023_797501.jpg
image_000386_c008.jpg,386,8,008.Rhinoceros_Auklet,008.Rhinoceros_Auklet/Rhinoceros_Auklet_0044_797502.jpg
image_000387_c008.jpg,387,8,008.Rhinoceros_Auklet,008.Rhinoceros_Auklet/Rhinoceros_Auklet_0040_797503.jpg
image_000388_c008.jpg,388,8,008.Rhinoceros_Auklet,008.Rhinoceros_Auklet/Rhinoceros_Auklet_0016_2114.jpg
image_000389_c008.jpg,389,8,008.Rhinoceros_Auklet,008.Rhinoceros_Auklet/Rhinoceros_Auklet_0025_797508.jpg
image_000390_c008.jpg,390,8,008.Rhinoceros_Auklet,008.Rhinoceros_Auklet/Rhinoceros_Auklet_0030_797509.jpg
image_000391_c008.jpg,391,8,008.Rhinoceros_Auklet,008.Rhinoceros_Auklet/Rhinoceros_Auklet_0051_797510.jpg
image_000392_c008.jpg,392,8,008.Rhinoceros_Auklet,008.Rhinoceros_Auklet/Rhinoceros_Auklet_0006_797512.jpg
image_000393_c008.jpg,393,8,008.Rhinoceros_Auklet,008.Rhinoceros_Auklet/Rhinoceros_Auklet_0019_797513.jpg
image_000394_c008.jpg,394,8,008.Rhinoceros_Auklet,008.Rhinoceros_Auklet/Rhinoceros_Auklet_0041_797515.jpg
image_000395_c008.jpg,395,8,008.Rhinoceros_Auklet,008.Rhinoceros_Auklet/Rhinoceros_Auklet_0032_797516.jpg
image_000396_c008.jpg,396,8,008.Rhinoceros_Auklet,008.Rhinoceros_Auklet/Rhinoceros_Auklet_0018_797517.jpg
image_000397_c008.jpg,397,8,008.Rhinoceros_Auklet,008.Rhinoceros_Auklet/Rhinoceros_Auklet_0031_797518.jpg
image_000398_c008.jpg,398,8,008.Rhinoceros_Auklet,008.Rhinoceros_Auklet/Rhinoceros_Auklet_0026_797519.jpg
image_000399_c008.jpg,399,8,008.Rhinoceros_Auklet,008.Rhinoceros_Auklet/Rhinoceros_Auklet_0029_797520.jpg
image_000400_c008.jpg,400,8,008.Rhinoceros_Auklet,008.Rhinoceros_Auklet/Rhinoceros_Auklet_0007_797521.jpg
image_000401_c008.jpg,401,8,008.Rhinoceros_Auklet,008.Rhinoceros_Auklet/Rhinoceros_Auklet_0014_797522.jpg
image_000402_c008.jpg,402,8,008.Rhinoceros_Auklet,008.Rhinoceros_Auklet/Rhinoceros_Auklet_0024_797529.jpg
image_000403_c008.jpg,403,8,008.Rhinoceros_Auklet,008.Rhinoceros_Auklet/Rhinoceros_Auklet_0011_797530.jpg
image_000404_c008.jpg,404,8,008.Rhinoceros_Auklet,008.Rhinoceros_Auklet/Rhinoceros_Auklet_0008_797531.jpg
image_000405_c008.jpg,405,8,008.Rhinoceros_Auklet,008.Rhinoceros_Auklet/Rhinoceros_Auklet_0046_797532.jpg
image_000406_c008.jpg,406,8,008.Rhinoceros_Auklet,008.Rhinoceros_Auklet/Rhinoceros_Auklet_0050_797534.jpg
image_000407_c008.jpg,407,8,008.Rhinoceros_Auklet,008.Rhinoceros_Auklet/Rhinoceros_Auklet_0003_797535.jpg
image_000408_c008.jpg,408,8,008.Rhinoceros_Auklet,008.Rhinoceros_Auklet/Rhinoceros_Auklet_0045_797536.jpg
image_000409_c008.jpg,409,8,008.Rhinoceros_Auklet,008.Rhinoceros_Auklet/Rhinoceros_Auklet_0013_797537.jpg
image_000410_c008.jpg,410,8,008.Rhinoceros_Auklet,008.Rhinoceros_Auklet/Rhinoceros_Auklet_0001_797538.jpg
image_000411_c008.jpg,411,8,008.Rhinoceros_Auklet,008.Rhinoceros_Auklet/Rhinoceros_Auklet_0009_797539.jpg
image_000412_c008.jpg,412,8,008.Rhinoceros_Auklet,008.Rhinoceros_Auklet/Rhinoceros_Auklet_0004_797541.jpg
image_000413_c008.jpg,413,8,008.Rhinoceros_Auklet,008.Rhinoceros_Auklet/Rhinoceros_Auklet_0049_797543.jpg
image_000414_c008.jpg,414,8,008.Rhinoceros_Auklet,008.Rhinoceros_Auklet/Rhinoceros_Auklet_0038_797544.jpg
image_000415_c008.jpg,415,8,008.Rhinoceros_Auklet,008.Rhinoceros_Auklet/Rhinoceros_Auklet_0010_797545.jpg
image_000416_c008.jpg,416,8,008.Rhinoceros_Auklet,008.Rhinoceros_Auklet/Rhinoceros_Auklet_0017_2155.jpg
image_000417_c008.jpg,417,8,008.Rhinoceros_Auklet,008.Rhinoceros_Auklet/Rhinoceros_Auklet_0015_2160.jpg
image_000418_c008.jpg,418,8,008.Rhinoceros_Auklet,008.Rhinoceros_Auklet/Rhinoceros_Auklet_0012_2161.jpg
image_000419_c008.jpg,419,8,008.Rhinoceros_Auklet,008.Rhinoceros_Auklet/Rhinoceros_Auklet_0048_2162.jpg
image_000420_c008.jpg,420,8,008.Rhinoceros_Auklet,008.Rhinoceros_Auklet/Rhinoceros_Auklet_0035_2166.jpg
image_000421_c008.jpg,421,8,008.Rhinoceros_Auklet,008.Rhinoceros_Auklet/Rhinoceros_Auklet_0033_2169.jpg
image_000422_c008.jpg,422,8,008.Rhinoceros_Auklet,008.Rhinoceros_Auklet/Rhinoceros_Auklet_0022_2170.jpg
image_000423_c008.jpg,423,8,008.Rhinoceros_Auklet,008.Rhinoceros_Auklet/Rhinoceros_Auklet_0005_2111.jpg
image_000424_c008.jpg,424,8,008.Rhinoceros_Auklet,008.Rhinoceros_Auklet/Rhinoceros_Auklet_0039_2174.jpg
image_000425_c009.jpg,425,9,009.Brewer_Blackbird,009.Brewer_Blackbird/Brewer_Blackbird_0099_2560.jpg
image_000426_c009.jpg,426,9,009.Brewer_Blackbird,009.Brewer_Blackbird/Brewer_Blackbird_0139_2567.jpg
image_000427_c009.jpg,427,9,009.Brewer_Blackbird,009.Brewer_Blackbird/Brewer_Blackbird_0140_2586.jpg
image_000428_c009.jpg,428,9,009.Brewer_Blackbird,009.Brewer_Blackbird/Brewer_Blackbird_0082_2593.jpg
image_000429_c009.jpg,429,9,009.Brewer_Blackbird,009.Brewer_Blackbird/Brewer_Blackbird_0135_2607.jpg
image_000430_c009.jpg,430,9,009.Brewer_Blackbird,009.Brewer_Blackbird/Brewer_Blackbird_0106_2608.jpg
image_000431_c009.jpg,431,9,009.Brewer_Blackbird,009.Brewer_Blackbird/Brewer_Blackbird_0095_2610.jpg
image_000432_c009.jpg,432,9,009.Brewer_Blackbird,009.Brewer_Blackbird/Brewer_Blackbird_0035_2611.jpg
image_000433_c009.jpg,433,9,009.Brewer_Blackbird,009.Brewer_Blackbird/Brewer_Blackbird_0111_2613.jpg
image_000434_c009.jpg,434,9,009.Brewer_Blackbird,009.Brewer_Blackbird/Brewer_Blackbird_0009_2616.jpg
image_000435_c009.jpg,435,9,009.Brewer_Blackbird,009.Brewer_Blackbird/Brewer_Blackbird_0102_2620.jpg
image_000436_c009.jpg,436,9,009.Brewer_Blackbird,009.Brewer_Blackbird/Brewer_Blackbird_0087_2622.jpg
image_000437_c009.jpg,437,9,009.Brewer_Blackbird,009.Brewer_Blackbird/Brewer_Blackbird_0026_2625.jpg
image_000438_c009.jpg,438,9,009.Brewer_Blackbird,009.Brewer_Blackbird/Brewer_Blackbird_0101_2630.jpg
image_000439_c009.jpg,439,9,009.Brewer_Blackbird,009.Brewer_Blackbird/Brewer_Blackbird_0054_2631.jpg
image_000440_c009.jpg,440,9,009.Brewer_Blackbird,009.Brewer_Blackbird/Brewer_Blackbird_0096_2634.jpg
image_000441_c009.jpg,441,9,009.Brewer_Blackbird,009.Brewer_Blackbird/Brewer_Blackbird_0142_2636.jpg
image_000442_c009.jpg,442,9,009.Brewer_Blackbird,009.Brewer_Blackbird/Brewer_Blackbird_0041_2653.jpg
image_000443_c009.jpg,443,9,009.Brewer_Blackbird,009.Brewer_Blackbird/Brewer_Blackbird_0090_2658.jpg
image_000444_c009.jpg,444,9,009.Brewer_Blackbird,009.Brewer_Blackbird/Brewer_Blackbird_0078_2659.jpg
image_000445_c009.jpg,445,9,009.Brewer_Blackbird,009.Brewer_Blackbird/Brewer_Blackbird_0017_2668.jpg
image_000446_c009.jpg,446,9,009.Brewer_Blackbird,009.Brewer_Blackbird/Brewer_Blackbird_0014_2679.jpg
image_000447_c009.jpg,447,9,009.Brewer_Blackbird,009.Brewer_Blackbird/Brewer_Blackbird_0137_2680.jpg
image_000448_c009.jpg,448,9,009.Brewer_Blackbird,009.Brewer_Blackbird/Brewer_Blackbird_0028_2682.jpg
image_000449_c009.jpg,449,9,009.Brewer_Blackbird,009.Brewer_Blackbird/Brewer_Blackbird_0046_2688.jpg
image_000450_c009.jpg,450,9,009.Brewer_Blackbird,009.Brewer_Blackbird/Brewer_Blackbird_0012_2691.jpg
image_000451_c009.jpg,451,9,009.Brewer_Blackbird,009.Brewer_Blackbird/Brewer_Blackbird_0066_2693.jpg
image_000452_c009.jpg,452,9,009.Brewer_Blackbird,009.Brewer_Blackbird/Brewer_Blackbird_0032_2214.jpg
image_000453_c009.jpg,453,9,009.Brewer_Blackbird,009.Brewer_Blackbird/Brewer_Blackbird_0016_2225.jpg
image_000454_c009.jpg,454,9,009.Brewer_Blackbird,009.Brewer_Blackbird/Brewer_Blackbird_0104_2230.jpg
image_000455_c009.jpg,455,9,009.Brewer_Blackbird,009.Brewer_Blackbird/Brewer_Blackbird_0025_2231.jpg
image_000456_c009.jpg,456,9,009.Brewer_Blackbird,009.Brewer_Blackbird/Brewer_Blackbird_0109_2232.jpg
image_000457_c009.jpg,457,9,009.Brewer_Blackbird,009.Brewer_Blackbird/Brewer_Blackbird_0080_2234.jpg
image_000458_c009.jpg,458,9,009.Brewer_Blackbird,009.Brewer_Blackbird/Brewer_Blackbird_0127_2235.jpg
image_000459_c009.jpg,459,9,009.Brewer_Blackbird,009.Brewer_Blackbird/Brewer_Blackbird_0049_2258.jpg
image_000460_c009.jpg,460,9,009.Brewer_Blackbird,009.Brewer_Blackbird/Brewer_Blackbird_0018_2261.jpg
image_000461_c009.jpg,461,9,009.Brewer_Blackbird,009.Brewer_Blackbird/Brewer_Blackbird_0030_2268.jpg
image_000462_c009.jpg,462,9,009.Brewer_Blackbird,009.Brewer_Blackbird/Brewer_Blackbird_0010_2269.jpg
image_000463_c009.jpg,463,9,009.Brewer_Blackbird,009.Brewer_Blackbird/Brewer_Blackbird_0061_2270.jpg
image_000464_c009.jpg,464,9,009.Brewer_Blackbird,009.Brewer_Blackbird/Brewer_Blackbird_0103_2273.jpg
image_000465_c009.jpg,465,9,009.Brewer_Blackbird,009.Brewer_Blackbird/Brewer_Blackbird_0074_2277.jpg
image_000466_c009.jpg,466,9,009.Brewer_Blackbird,009.Brewer_Blackbird/Brewer_Blackbird_0002_2278.jpg
image_000467_c009.jpg,467,9,009.Brewer_Blackbird,009.Brewer_Blackbird/Brewer_Blackbird_0115_2279.jpg
image_000468_c009.jpg,468,9,009.Brewer_Blackbird,009.Brewer_Blackbird/Brewer_Blackbird_0015_2286.jpg
image_000469_c009.jpg,469,9,009.Brewer_Blackbird,009.Brewer_Blackbird/Brewer_Blackbird_0131_2289.jpg
image_000470_c009.jpg,470,9,009.Brewer_Blackbird,009.Brewer_Blackbird/Brewer_Blackbird_0064_2290.jpg
image_000471_c009.jpg,471,9,009.Brewer_Blackbird,009.Brewer_Blackbird/Brewer_Blackbird_0132_2293.jpg
image_000472_c009.jpg,472,9,009.Brewer_Blackbird,009.Brewer_Blackbird/Brewer_Blackbird_0038_2294.jpg
image_000473_c009.jpg,473,9,009.Brewer_Blackbird,009.Brewer_Blackbird/Brewer_Blackbird_0042_2302.jpg
image_000474_c009.jpg,474,9,009.Brewer_Blackbird,009.Brewer_Blackbird/Brewer_Blackbird_0045_2303.jpg
image_000475_c009.jpg,475,9,009.Brewer_Blackbird,009.Brewer_Blackbird/Brewer_Blackbird_0065_2310.jpg
image_000476_c009.jpg,476,9,009.Brewer_Blackbird,009.Brewer_Blackbird/Brewer_Blackbird_0097_2322.jpg
image_000477_c009.jpg,477,9,009.Brewer_Blackbird,009.Brewer_Blackbird/Brewer_Blackbird_0133_2324.jpg
image_000478_c009.jpg,478,9,009.Brewer_Blackbird,009.Brewer_Blackbird/Brewer_Blackbird_0070_2325.jpg
image_000479_c009.jpg,479,9,009.Brewer_Blackbird,009.Brewer_Blackbird/Brewer_Blackbird_0116_2327.jpg
image_000480_c009.jpg,480,9,009.Brewer_Blackbird,009.Brewer_Blackbird/Brewer_Blackbird_0027_2329.jpg
image_000481_c009.jpg,481,9,009.Brewer_Blackbird,009.Brewer_Blackbird/Brewer_Blackbird_0112_2340.jpg
image_000482_c009.jpg,482,9,009.Brewer_Blackbird,009.Brewer_Blackbird/Brewer_Blackbird_0079_2343.jpg
image_000483_c009.jpg,483,9,009.Brewer_Blackbird,009.Brewer_Blackbird/Brewer_Blackbird_0004_2345.jpg
image_000484_c010.jpg,484,10,010.Red_winged_Blackbird,010.Red_winged_Blackbird/Red_Winged_Blackbird_0091_4096.jpg
image_000485_c010.jpg,485,10,010.Red_winged_Blackbird,010.Red_winged_Blackbird/Red_Winged_Blackbird_0059_4612.jpg
image_000486_c010.jpg,486,10,010.Red_winged_Blackbird,010.Red_winged_Blackbird/Red_Winged_Blackbird_0054_4625.jpg
image_000487_c010.jpg,487,10,010.Red_winged_Blackbird,010.Red_winged_Blackbird/Red_Winged_Blackbird_0022_4483.jpg
image_000488_c010.jpg,488,10,010.Red_winged_Blackbird,010.Red_winged_Blackbird/Red_Winged_Blackbird_0017_4116.jpg
image_000489_c010.jpg,489,10,010.Red_winged_Blackbird,010.Red_winged_Blackbird/Red_Winged_Blackbird_0079_4527.jpg
image_000490_c010.jpg,490,10,010.Red_winged_Blackbird,010.Red_winged_Blackbird/Red_Winged_Blackbird_0075_4953.jpg
image_000491_c010.jpg,491,10,010.Red_winged_Blackbird,010.Red_winged_Blackbird/Red_Winged_Blackbird_0005_5636.jpg
image_000492_c010.jpg,492,10,010.Red_winged_Blackbird,010.Red_winged_Blackbird/Red_Winged_Blackbird_0058_4141.jpg
image_000493_c010.jpg,493,10,010.Red_winged_Blackbird,010.Red_winged_Blackbird/Red_Winged_Blackbird_0074_4146.jpg
image_000494_c010.jpg,494,10,010.Red_winged_Blackbird,010.Red_winged_Blackbird/Red_Winged_Blackbird_0042_3635.jpg
image_000495_c010.jpg,495,10,010.Red_winged_Blackbird,010.Red_winged_Blackbird/Red_Winged_Blackbird_0049_5598.jpg
image_000496_c010.jpg,496,10,010.Red_winged_Blackbird,010.Red_winged_Blackbird/Red_Winged_Blackbird_0023_5257.jpg
image_000497_c010.jpg,497,10,010.Red_winged_Blackbird,010.Red_winged_Blackbird/Red_Winged_Blackbird_0093_5948.jpg
image_000498_c010.jpg,498,10,010.Red_winged_Blackbird,010.Red_winged_Blackbird/Red_Winged_Blackbird_0064_4936.jpg
image_000499_c010.jpg,499,10,010.Red_winged_Blackbird,010.Red_winged_Blackbird/Red_Winged_Blackbird_0104_3918.jpg
image_000500_c010.jpg,500,10,010.Red_winged_Blackbird,010.Red_winged_Blackbird/Red_Winged_Blackbird_0060_4688.jpg
image_000501_c010.jpg,501,10,010.Red_winged_Blackbird,010.Red_winged_Blackbird/Red_Winged_Blackbird_0024_4180.jpg
image_000502_c010.jpg,502,10,010.Red_winged_Blackbird,010.Red_winged_Blackbird/Red_Winged_Blackbird_0061_4196.jpg
image_000503_c010.jpg,503,10,010.Red_winged_Blackbird,010.Red_winged_Blackbird/Red_Winged_Blackbird_0089_4188.jpg
image_000504_c010.jpg,504,10,010.Red_winged_Blackbird,010.Red_winged_Blackbird/Red_Winged_Blackbird_0101_6244.jpg
image_000505_c010.jpg,505,10,010.Red_winged_Blackbird,010.Red_winged_Blackbird/Red_Winged_Blackbird_0028_4709.jpg
image_000506_c010.jpg,506,10,010.Red_winged_Blackbird,010.Red_winged_Blackbird/Red_Winged_Blackbird_0109_4454.jpg
image_000507_c010.jpg,507,10,010.Red_winged_Blackbird,010.Red_winged_Blackbird/Red_Winged_Blackbird_0001_3695.jpg
image_000508_c010.jpg,508,10,010.Red_winged_Blackbird,010.Red_winged_Blackbird/Red_Winged_Blackbird_0053_4072.jpg
image_000509_c010.jpg,509,10,010.Red_winged_Blackbird,010.Red_winged_Blackbird/Red_Winged_Blackbird_0006_6005.jpg
image_000510_c010.jpg,510,10,010.Red_winged_Blackbird,010.Red_winged_Blackbird/Red_Winged_Blackbird_0007_3706.jpg
image_000511_c010.jpg,511,10,010.Red_winged_Blackbird,010.Red_winged_Blackbird/Red_Winged_Blackbird_0012_6015.jpg
image_000512_c010.jpg,512,10,010.Red_winged_Blackbird,010.Red_winged_Blackbird/Red_Winged_Blackbird_0013_5762.jpg
image_000513_c010.jpg,513,10,010.Red_winged_Blackbird,010.Red_winged_Blackbird/Red_Winged_Blackbird_0062_4233.jpg
image_000514_c010.jpg,514,10,010.Red_winged_Blackbird,010.Red_winged_Blackbird/Red_Winged_Blackbird_0099_3985.jpg
image_000515_c010.jpg,515,10,010.Red_winged_Blackbird,010.Red_winged_Blackbird/Red_Winged_Blackbird_0046_4242.jpg
image_000516_c010.jpg,516,10,010.Red_winged_Blackbird,010.Red_winged_Blackbird/Red_Winged_Blackbird_0071_3988.jpg
image_000517_c010.jpg,517,10,010.Red_winged_Blackbird,010.Red_winged_Blackbird/Red_Winged_Blackbird_0027_4123.jpg
image_000518_c010.jpg,518,10,010.Red_winged_Blackbird,010.Red_winged_Blackbird/Red_Winged_Blackbird_0032_4004.jpg
image_000519_c010.jpg,519,10,010.Red_winged_Blackbird,010.Red_winged_Blackbird/Red_Winged_Blackbird_0088_4007.jpg
image_000520_c010.jpg,520,10,010.Red_winged_Blackbird,010.Red_winged_Blackbird/Red_Winged_Blackbird_0040_4522.jpg
image_000521_c010.jpg,521,10,010.Red_winged_Blackbird,010.Red_winged_Blackbird/Red_Winged_Blackbird_0010_6386.jpg
image_000522_c010.jpg,522,10,010.Red_winged_Blackbird,010.Red_winged_Blackbird/Red_Winged_Blackbird_0045_4526.jpg
image_000523_c010.jpg,523,10,010.Red_winged_Blackbird,010.Red_winged_Blackbird/Red_Winged_Blackbird_0014_3761.jpg
image_000524_c010.jpg,524,10,010.Red_winged_Blackbird,010.Red_winged_Blackbird/Red_Winged_Blackbird_0021_3767.jpg
image_000525_c010.jpg,525,10,010.Red_winged_Blackbird,010.Red_winged_Blackbird/Red_Winged_Blackbird_0065_4026.jpg
image_000526_c010.jpg,526,10,010.Red_winged_Blackbird,010.Red_winged_Blackbird/Red_Winged_Blackbird_0039_4285.jpg
image_000527_c010.jpg,527,10,010.Red_winged_Blackbird,010.Red_winged_Blackbird/Red_Winged_Blackbird_0081_6081.jpg
image_000528_c010.jpg,528,10,010.Red_winged_Blackbird,010.Red_winged_Blackbird/Red_Winged_Blackbird_0029_4804.jpg
image_000529_c010.jpg,529,10,010.Red_winged_Blackbird,010.Red_winged_Blackbird/Red_Winged_Blackbird_0052_5575.jpg
image_000530_c010.jpg,530,10,010.Red_winged_Blackbird,010.Red_winged_Blackbird/Red_Winged_Blackbird_0096_5019.jpg
image_000531_c010.jpg,531,10,010.Red_winged_Blackbird,010.Red_winged_Blackbird/Red_Winged_Blackbird_0066_5070.jpg
image_000532_c010.jpg,532,10,010.Red_winged_Blackbird,010.Red_winged_Blackbird/Red_Winged_Blackbird_0009_5841.jpg
image_000533_c010.jpg,533,10,010.Red_winged_Blackbird,010.Red_winged_Blackbird/Red_Winged_Blackbird_0020_4050.jpg
image_000534_c010.jpg,534,10,010.Red_winged_Blackbird,010.Red_winged_Blackbird/Red_Winged_Blackbird_0011_5845.jpg
image_000535_c010.jpg,535,10,010.Red_winged_Blackbird,010.Red_winged_Blackbird/Red_Winged_Blackbird_0085_5846.jpg
image_000536_c010.jpg,536,10,010.Red_winged_Blackbird,010.Red_winged_Blackbird/Red_Winged_Blackbird_0047_3802.jpg
image_000537_c010.jpg,537,10,010.Red_winged_Blackbird,010.Red_winged_Blackbird/Red_Winged_Blackbird_0025_5342.jpg
image_000538_c010.jpg,538,10,010.Red_winged_Blackbird,010.Red_winged_Blackbird/Red_Winged_Blackbird_0094_5856.jpg
image_000539_c010.jpg,539,10,010.Red_winged_Blackbird,010.Red_winged_Blackbird/Red_Winged_Blackbird_0105_4842.jpg
image_000540_c010.jpg,540,10,010.Red_winged_Blackbird,010.Red_winged_Blackbird/Red_Winged_Blackbird_0072_4338.jpg
image_000541_c010.jpg,541,10,010.Red_winged_Blackbird,010.Red_winged_Blackbird/Red_Winged_Blackbird_0044_5621.jpg
image_000542_c010.jpg,542,10,010.Red_winged_Blackbird,010.Red_winged_Blackbird/Red_Winged_Blackbird_0055_4345.jpg
image_000543_c010.jpg,543,10,010.Red_winged_Blackbird,010.Red_winged_Blackbird/Red_Winged_Blackbird_0078_5372.jpg
image_000544_c011.jpg,544,11,011.Rusty_Blackbird,011.Rusty_Blackbird/Rusty_Blackbird_0086_6658.jpg
image_000545_c011.jpg,545,11,011.Rusty_Blackbird,011.Rusty_Blackbird/Rusty_Blackbird_0113_6664.jpg
image_000546_c011.jpg,546,11,011.Rusty_Blackbird,011.Rusty_Blackbird/Rusty_Blackbird_0055_6923.jpg
image_000547_c011.jpg,547,11,011.Rusty_Blackbird,011.Rusty_Blackbird/Rusty_Blackbird_0054_6676.jpg
image_000548_c011.jpg,548,11,011.Rusty_Blackbird,011.Rusty_Blackbird/Rusty_Blackbird_0020_6679.jpg
image_000549_c011.jpg,549,11,011.Rusty_Blackbird,011.Rusty_Blackbird/Rusty_Blackbird_0016_6684.jpg
image_000550_c011.jpg,550,11,011.Rusty_Blackbird,011.Rusty_Blackbird/Rusty_Blackbird_0104_6685.jpg
image_000551_c011.jpg,551,11,011.Rusty_Blackbird,011.Rusty_Blackbird/Rusty_Blackbird_0043_2597.jpg
image_000552_c011.jpg,552,11,011.Rusty_Blackbird,011.Rusty_Blackbird/Rusty_Blackbird_0091_6695.jpg
image_000553_c011.jpg,553,11,011.Rusty_Blackbird,011.Rusty_Blackbird/Rusty_Blackbird_0109_6698.jpg
image_000554_c011.jpg,554,11,011.Rusty_Blackbird,011.Rusty_Blackbird/Rusty_Blackbird_0031_6699.jpg
image_000555_c011.jpg,555,11,011.Rusty_Blackbird,011.Rusty_Blackbird/Rusty_Blackbird_0019_6704.jpg
image_000556_c011.jpg,556,11,011.Rusty_Blackbird,011.Rusty_Blackbird/Rusty_Blackbird_0081_6967.jpg
image_000557_c011.jpg,557,11,011.Rusty_Blackbird,011.Rusty_Blackbird/Rusty_Blackbird_0085_6713.jpg
image_000558_c011.jpg,558,11,011.Rusty_Blackbird,011.Rusty_Blackbird/Rusty_Blackbird_0051_6715.jpg
image_000559_c011.jpg,559,11,011.Rusty_Blackbird,011.Rusty_Blackbird/Rusty_Blackbird_0076_6716.jpg
image_000560_c011.jpg,560,11,011.Rusty_Blackbird,011.Rusty_Blackbird/Rusty_Blackbird_0075_6717.jpg
image_000561_c011.jpg,561,11,011.Rusty_Blackbird,011.Rusty_Blackbird/Rusty_Blackbird_0087_6727.jpg
image_000562_c011.jpg,562,11,011.Rusty_Blackbird,011.Rusty_Blackbird/Rusty_Blackbird_0122_6736.jpg
image_000563_c011.jpg,563,11,011.Rusty_Blackbird,011.Rusty_Blackbird/Rusty_Blackbird_0112_3415.jpg
image_000564_c011.jpg,564,11,011.Rusty_Blackbird,011.Rusty_Blackbird/Rusty_Blackbird_0073_6744.jpg
image_000565_c011.jpg,565,11,011.Rusty_Blackbird,011.Rusty_Blackbird/Rusty_Blackbird_0003_6749.jpg
image_000566_c011.jpg,566,11,011.Rusty_Blackbird,011.Rusty_Blackbird/Rusty_Blackbird_0023_6752.jpg
image_000567_c011.jpg,567,11,011.Rusty_Blackbird,011.Rusty_Blackbird/Rusty_Blackbird_0047_7009.jpg
image_000568_c011.jpg,568,11,011.Rusty_Blackbird,011.Rusty_Blackbird/Rusty_Blackbird_0017_6755.jpg
image_000569_c011.jpg,569,11,011.Rusty_Blackbird,011.Rusty_Blackbird/Rusty_Blackbird_0060_6756.jpg
image_000570_c011.jpg,570,11,011.Rusty_Blackbird,011.Rusty_Blackbird/Rusty_Blackbird_0114_6760.jpg
image_000571_c011.jpg,571,11,011.Rusty_Blackbird,011.Rusty_Blackbird/Rusty_Blackbird_0120_6762.jpg
image_000572_c011.jpg,572,11,011.Rusty_Blackbird,011.Rusty_Blackbird/Rusty_Blackbird_0026_6768.jpg
image_000573_c011.jpg,573,11,011.Rusty_Blackbird,011.Rusty_Blackbird/Rusty_Blackbird_0005_6771.jpg
image_000574_c011.jpg,574,11,011.Rusty_Blackbird,011.Rusty_Blackbird/Rusty_Blackbird_0011_7028.jpg
image_000575_c011.jpg,575,11,011.Rusty_Blackbird,011.Rusty_Blackbird/Rusty_Blackbird_0102_6590.jpg
image_000576_c011.jpg,576,11,011.Rusty_Blackbird,011.Rusty_Blackbird/Rusty_Blackbird_0006_6633.jpg
image_000577_c011.jpg,577,11,011.Rusty_Blackbird,011.Rusty_Blackbird/Rusty_Blackbird_0001_6548.jpg
image_000578_c011.jpg,578,11,011.Rusty_Blackbird,011.Rusty_Blackbird/Rusty_Blackbird_0052_7035.jpg
image_000579_c011.jpg,579,11,011.Rusty_Blackbird,011.Rusty_Blackbird/Rusty_Blackbird_0057_6935.jpg
image_000580_c011.jpg,580,11,011.Rusty_Blackbird,011.Rusty_Blackbird/Rusty_Blackbird_0111_3220.jpg
image_000581_c011.jpg,581,11,011.Rusty_Blackbird,011.Rusty_Blackbird/Rusty_Blackbird_0036_6550.jpg
image_000582_c011.jpg,582,11,011.Rusty_Blackbird,011.Rusty_Blackbird/Rusty_Blackbird_0105_6937.jpg
image_000583_c011.jpg,583,11,011.Rusty_Blackbird,011.Rusty_Blackbird/Rusty_Blackbird_0022_6808.jpg
image_000584_c011.jpg,584,11,011.Rusty_Blackbird,011.Rusty_Blackbird/Rusty_Blackbird_0100_6597.jpg
image_000585_c011.jpg,585,11,011.Rusty_Blackbird,011.Rusty_Blackbird/Rusty_Blackbird_0092_2727.jpg
image_000586_c011.jpg,586,11,011.Rusty_Blackbird,011.Rusty_Blackbird/Rusty_Blackbird_0094_6582.jpg
image_000587_c011.jpg,587,11,011.Rusty_Blackbird,011.Rusty_Blackbird/Rusty_Blackbird_0107_6839.jpg
image_000588_c011.jpg,588,11,011.Rusty_Blackbird,011.Rusty_Blackbird/Rusty_Blackbird_0074_6585.jpg
image_000589_c011.jpg,589,11,011.Rusty_Blackbird,011.Rusty_Blackbird/Rusty_Blackbird_0096_6846.jpg
image_000590_c011.jpg,590,11,011.Rusty_Blackbird,011.Rusty_Blackbird/Rusty_Blackbird_0027_6593.jpg
image_000591_c011.jpg,591,11,011.Rusty_Blackbird,011.Rusty_Blackbird/Rusty_Blackbird_0009_6853.jpg
image_000592_c011.jpg,592,11,011.Rusty_Blackbird,011.Rusty_Blackbird/Rusty_Blackbird_0056_6856.jpg
image_000593_c011.jpg,593,11,011.Rusty_Blackbird,011.Rusty_Blackbird/Rusty_Blackbird_0108_6867.jpg
image_000594_c011.jpg,594,11,011.Rusty_Blackbird,011.Rusty_Blackbird/Rusty_Blackbird_0080_6877.jpg
image_000595_c011.jpg,595,11,011.Rusty_Blackbird,011.Rusty_Blackbird/Rusty_Blackbird_0033_6879.jpg
image_000596_c011.jpg,596,11,011.Rusty_Blackbird,011.Rusty_Blackbird/Rusty_Blackbird_0101_6880.jpg
image_000597_c011.jpg,597,11,011.Rusty_Blackbird,011.Rusty_Blackbird/Rusty_Blackbird_0015_6885.jpg
image_000598_c011.jpg,598,11,011.Rusty_Blackbird,011.Rusty_Blackbird/Rusty_Blackbird_0048_6632.jpg
image_000599_c011.jpg,599,11,011.Rusty_Blackbird,011.Rusty_Blackbird/Rusty_Blackbird_0093_6628.jpg
image_000600_c011.jpg,600,11,011.Rusty_Blackbird,011.Rusty_Blackbird/Rusty_Blackbird_0121_6637.jpg
image_000601_c011.jpg,601,11,011.Rusty_Blackbird,011.Rusty_Blackbird/Rusty_Blackbird_0032_6611.jpg
image_000602_c011.jpg,602,11,011.Rusty_Blackbird,011.Rusty_Blackbird/Rusty_Blackbird_0013_6902.jpg
image_000603_c011.jpg,603,11,011.Rusty_Blackbird,011.Rusty_Blackbird/Rusty_Blackbird_0082_6906.jpg
image_000604_c012.jpg,604,12,012.Yellow_headed_Blackbird,012.Yellow_headed_Blackbird/Yellow_Headed_Blackbird_0108_7937.jpg
image_000605_c012.jpg,605,12,012.Yellow_headed_Blackbird,012.Yellow_headed_Blackbird/Yellow_Headed_Blackbird_0074_8452.jpg
image_000606_c012.jpg,606,12,012.Yellow_headed_Blackbird,012.Yellow_headed_Blackbird/Yellow_Headed_Blackbird_0031_8456.jpg
image_000607_c012.jpg,607,12,012.Yellow_headed_Blackbird,012.Yellow_headed_Blackbird/Yellow_Headed_Blackbird_0095_8458.jpg
image_000608_c012.jpg,608,12,012.Yellow_headed_Blackbird,012.Yellow_headed_Blackbird/Yellow_Headed_Blackbird_0015_8207.jpg
image_000609_c012.jpg,609,12,012.Yellow_headed_Blackbird,012.Yellow_headed_Blackbird/Yellow_Headed_Blackbird_0061_8208.jpg
image_000610_c012.jpg,610,12,012.Yellow_headed_Blackbird,012.Yellow_headed_Blackbird/Yellow_Headed_Blackbird_0065_8481.jpg
image_000611_c012.jpg,611,12,012.Yellow_headed_Blackbird,012.Yellow_headed_Blackbird/Yellow_Headed_Blackbird_0086_8487.jpg
image_000612_c012.jpg,612,12,012.Yellow_headed_Blackbird,012.Yellow_headed_Blackbird/Yellow_Headed_Blackbird_0057_8236.jpg
image_000613_c012.jpg,613,12,012.Yellow_headed_Blackbird,012.Yellow_headed_Blackbird/Yellow_Headed_Blackbird_0082_8577.jpg
image_000614_c012.jpg,614,12,012.Yellow_headed_Blackbird,012.Yellow_headed_Blackbird/Yellow_Headed_Blackbird_0008_8756.jpg
image_000615_c012.jpg,615,12,012.Yellow_headed_Blackbird,012.Yellow_headed_Blackbird/Yellow_Headed_Blackbird_0009_8248.jpg
image_000616_c012.jpg,616,12,012.Yellow_headed_Blackbird,012.Yellow_headed_Blackbird/Yellow_Headed_Blackbird_0043_8250.jpg
image_000617_c012.jpg,617,12,012.Yellow_headed_Blackbird,012.Yellow_headed_Blackbird/Yellow_Headed_Blackbird_0017_8511.jpg
image_000618_c012.jpg,618,12,012.Yellow_headed_Blackbird,012.Yellow_headed_Blackbird/Yellow_Headed_Blackbird_0088_8257.jpg
image_000619_c012.jpg,619,12,012.Yellow_headed_Blackbird,012.Yellow_headed_Blackbird/Yellow_Headed_Blackbird_0025_8262.jpg
image_000620_c012.jpg,620,12,012.Yellow_headed_Blackbird,012.Yellow_headed_Blackbird/Yellow_Headed_Blackbird_0041_8264.jpg
image_000621_c012.jpg,621,12,012.Yellow_headed_Blackbird,012.Yellow_headed_Blackbird/Yellow_Headed_Blackbird_0018_8588.jpg
image_000622_c012.jpg,622,12,012.Yellow_headed_Blackbird,012.Yellow_headed_Blackbird/Yellow_Headed_Blackbird_0109_8271.jpg
image_000623_c012.jpg,623,12,012.Yellow_headed_Blackbird,012.Yellow_headed_Blackbird/Yellow_Headed_Blackbird_0034_7736.jpg
image_000624_c012.jpg,624,12,012.Yellow_headed_Blackbird,012.Yellow_headed_Blackbird/Yellow_Headed_Blackbird_0079_8535.jpg
image_000625_c012.jpg,625,12,012.Yellow_headed_Blackbird,012.Yellow_headed_Blackbird/Yellow_Headed_Blackbird_0040_7514.jpg
image_000626_c012.jpg,626,12,012.Yellow_headed_Blackbird,012.Yellow_headed_Blackbird/Yellow_Headed_Blackbird_0026_8545.jpg
image_000627_c012.jpg,627,12,012.Yellow_headed_Blackbird,012.Yellow_headed_Blackbird/Yellow_Headed_Blackbird_0049_8548.jpg
image_000628_c012.jpg,628,12,012.Yellow_headed_Blackbird,012.Yellow_headed_Blackbird/Yellow_Headed_Blackbird_0020_8549.jpg
image_000629_c012.jpg,629,12,012.Yellow_headed_Blackbird,012.Yellow_headed_Blackbird/Yellow_Headed_Blackbird_0091_8555.jpg
image_000630_c012.jpg,630,12,012.Yellow_headed_Blackbird,012.Yellow_headed_Blackbird/Yellow_Headed_Blackbird_0083_8300.jpg
image_000631_c012.jpg,631,12,012.Yellow_headed_Blackbird,012.Yellow_headed_Blackbird/Yellow_Headed_Blackbird_0062_8310.jpg
image_000632_c012.jpg,632,12,012.Yellow_headed_Blackbird,012.Yellow_headed_Blackbird/Yellow_Headed_Blackbird_0042_8574.jpg
image_000633_c012.jpg,633,12,012.Yellow_headed_Blackbird,012.Yellow_headed_Blackbird/Yellow_Headed_Blackbird_0089_8326.jpg
image_000634_c012.jpg,634,12,012.Yellow_headed_Blackbird,012.Yellow_headed_Blackbird/Yellow_Headed_Blackbird_0024_8586.jpg
image_000635_c012.jpg,635,12,012.Yellow_headed_Blackbird,012.Yellow_headed_Blackbird/Yellow_Headed_Blackbird_0077_8332.jpg
image_000636_c012.jpg,636,12,012.Yellow_headed_Blackbird,012.Yellow_headed_Blackbird/Yellow_Headed_Blackbird_0003_8337.jpg
image_000637_c012.jpg,637,12,012.Yellow_headed_Blackbird,012.Yellow_headed_Blackbird/Yellow_Headed_Blackbird_0080_8601.jpg
image_000638_c012.jpg,638,12,012.Yellow_headed_Blackbird,012.Yellow_headed_Blackbird/Yellow_Headed_Blackbird_0023_7325.jpg
image_000639_c012.jpg,639,12,012.Yellow_headed_Blackbird,012.Yellow_headed_Blackbird/Yellow_Headed_Blackbird_0058_8350.jpg
image_000640_c012.jpg,640,12,012.Yellow_headed_Blackbird,012.Yellow_headed_Blackbird/Yellow_Headed_Blackbird_0055_8357.jpg
image_000641_c012.jpg,641,12,012.Yellow_headed_Blackbird,012.Yellow_headed_Blackbird/Yellow_Headed_Blackbird_0087_8358.jpg
image_000642_c012.jpg,642,12,012.Yellow_headed_Blackbird,012.Yellow_headed_Blackbird/Yellow_Headed_Blackbird_0038_8689.jpg
image_000643_c012.jpg,643,12,012.Yellow_headed_Blackbird,012.Yellow_headed_Blackbird/Yellow_Headed_Blackbird_0013_8362.jpg
image_000644_c012.jpg,644,12,012.Yellow_headed_Blackbird,012.Yellow_headed_Blackbird/Yellow_Headed_Blackbird_0085_8363.jpg
image_000645_c012.jpg,645,12,012.Yellow_headed_Blackbird,012.Yellow_headed_Blackbird/Yellow_Headed_Blackbird_0007_8366.jpg
image_000646_c012.jpg,646,12,012.Yellow_headed_Blackbird,012.Yellow_headed_Blackbird/Yellow_Headed_Blackbird_0098_8367.jpg
image_000647_c012.jpg,647,12,012.Yellow_headed_Blackbird,012.Yellow_headed_Blackbird/Yellow_Headed_Blackbird_0072_8606.jpg
image_000648_c012.jpg,648,12,012.Yellow_headed_Blackbird,012.Yellow_headed_Blackbird/Yellow_Headed_Blackbird_0051_8387.jpg
image_000649_c012.jpg,649,12,012.Yellow_headed_Blackbird,012.Yellow_headed_Blackbird/Yellow_Headed_Blackbird_0059_8079.jpg
image_000650_c012.jpg,650,12,012.Yellow_headed_Blackbird,012.Yellow_headed_Blackbird/Yellow_Headed_Blackbird_0100_8407.jpg
image_000651_c012.jpg,651,12,012.Yellow_headed_Blackbird,012.Yellow_headed_Blackbird/Yellow_Headed_Blackbird_0053_8410.jpg
image_000652_c012.jpg,652,12,012.Yellow_headed_Blackbird,012.Yellow_headed_Blackbird/Yellow_Headed_Blackbird_0056_8455.jpg
image_000653_c012.jpg,653,12,012.Yellow_headed_Blackbird,012.Yellow_headed_Blackbird/Yellow_Headed_Blackbird_0070_8583.jpg
image_000654_c012.jpg,654,12,012.Yellow_headed_Blackbird,012.Yellow_headed_Blackbird/Yellow_Headed_Blackbird_0102_8441.jpg
image_000655_c012.jpg,655,12,012.Yellow_headed_Blackbird,012.Yellow_headed_Blackbird/Yellow_Headed_Blackbird_0084_8435.jpg
image_000656_c012.jpg,656,12,012.Yellow_headed_Blackbird,012.Yellow_headed_Blackbird/Yellow_Headed_Blackbird_0047_7929.jpg
image_000657_c012.jpg,657,12,012.Yellow_headed_Blackbird,012.Yellow_headed_Blackbird/Yellow_Headed_Blackbird_0073_8442.jpg
image_000658_c012.jpg,658,12,012.Yellow_headed_Blackbird,012.Yellow_headed_Blackbird/Yellow_Headed_Blackbird_0012_8443.jpg
image_000659_c012.jpg,659,12,012.Yellow_headed_Blackbird,012.Yellow_headed_Blackbird/Yellow_Headed_Blackbird_0035_8447.jpg
image_000660_c013.jpg,660,13,013.Bobolink,013.Bobolink/Bobolink_0107_10252.jpg
image_000661_c013.jpg,661,13,013.Bobolink,013.Bobolink/Bobolink_0007_9246.jpg
image_000662_c013.jpg,662,13,013.Bobolink,013.Bobolink/Bobolink_0104_10273.jpg
image_000663_c013.jpg,663,13,013.Bobolink,013.Bobolink/Bobolink_0001_9261.jpg
image_000664_c013.jpg,664,13,013.Bobolink,013.Bobolink/Bobolink_0115_9265.jpg
image_000665_c013.jpg,665,13,013.Bobolink,013.Bobolink/Bobolink_0039_9779.jpg
image_000666_c013.jpg,666,13,013.Bobolink,013.Bobolink/Bobolink_0102_10807.jpg
image_000667_c013.jpg,667,13,013.Bobolink,013.Bobolink/Bobolink_0033_10809.jpg
image_000668_c013.jpg,668,13,013.Bobolink,013.Bobolink/Bobolink_0094_9823.jpg
image_000669_c013.jpg,669,13,013.Bobolink,013.Bobolink/Bobolink_0008_9289.jpg
image_000670_c013.jpg,670,13,013.Bobolink,013.Bobolink/Bobolink_0099_9314.jpg
image_000671_c013.jpg,671,13,013.Bobolink,013.Bobolink/Bobolink_0101_9811.jpg
image_000672_c013.jpg,672,13,013.Bobolink,013.Bobolink/Bobolink_0050_9821.jpg
image_000673_c013.jpg,673,13,013.Bobolink,013.Bobolink/Bobolink_0074_9311.jpg
image_000674_c013.jpg,674,13,013.Bobolink,013.Bobolink/Bobolink_0120_10859.jpg
image_000675_c013.jpg,675,13,013.Bobolink,013.Bobolink/Bobolink_0097_10861.jpg
image_000676_c013.jpg,676,13,013.Bobolink,013.Bobolink/Bobolink_0109_9869.jpg
image_000677_c013.jpg,677,13,013.Bobolink,013.Bobolink/Bobolink_0013_9367.jpg
image_000678_c013.jpg,678,13,013.Bobolink,013.Bobolink/Bobolink_0065_9375.jpg
image_000679_c013.jpg,679,13,013.Bobolink,013.Bobolink/Bobolink_0018_9402.jpg
image_000680_c013.jpg,680,13,013.Bobolink,013.Bobolink/Bobolink_0119_10430.jpg
image_000681_c013.jpg,681,13,013.Bobolink,013.Bobolink/Bobolink_0126_11458.jpg
image_000682_c013.jpg,682,13,013.Bobolink,013.Bobolink/Bobolink_0052_9423.jpg
image_000683_c013.jpg,683,13,013.Bobolink,013.Bobolink/Bobolink_0081_9439.jpg
image_000684_c013.jpg,684,13,013.Bobolink,013.Bobolink/Bobolink_0048_9988.jpg
image_000685_c013.jpg,685,13,013.Bobolink,013.Bobolink/Bobolink_0044_9990.jpg
image_000686_c013.jpg,686,13,013.Bobolink,013.Bobolink/Bobolink_0067_11533.jpg
image_000687_c013.jpg,687,13,013.Bobolink,013.Bobolink/Bobolink_0110_9496.jpg
image_000688_c013.jpg,688,13,013.Bobolink,013.Bobolink/Bobolink_0071_9503.jpg
image_000689_c013.jpg,689,13,013.Bobolink,013.Bobolink/Bobolink_0128_9947.jpg
image_000690_c013.jpg,690,13,013.Bobolink,013.Bobolink/Bobolink_0092_10026.jpg
image_000691_c013.jpg,691,13,013.Bobolink,013.Bobolink/Bobolink_0014_11055.jpg
image_000692_c013.jpg,692,13,013.Bobolink,013.Bobolink/Bobolink_0026_11057.jpg
image_000693_c013.jpg,693,13,013.Bobolink,013.Bobolink/Bobolink_0019_10552.jpg
image_000694_c013.jpg,694,13,013.Bobolink,013.Bobolink/Bobolink_0059_10041.jpg
image_000695_c013.jpg,695,13,013.Bobolink,013.Bobolink/Bobolink_0112_11073.jpg
image_000696_c013.jpg,696,13,013.Bobolink,013.Bobolink/Bobolink_0057_10051.jpg
image_000697_c013.jpg,697,13,013.Bobolink,013.Bobolink/Bobolink_0049_9540.jpg
image_000698_c013.jpg,698,13,013.Bobolink,013.Bobolink/Bobolink_0027_10569.jpg
image_000699_c013.jpg,699,13,013.Bobolink,013.Bobolink/Bobolink_0002_11085.jpg
image_000700_c013.jpg,700,13,013.Bobolink,013.Bobolink/Bobolink_0076_11093.jpg
image_000701_c013.jpg,701,13,013.Bobolink,013.Bobolink/Bobolink_0131_9578.jpg
image_000702_c013.jpg,702,13,013.Bobolink,013.Bobolink/Bobolink_0064_10092.jpg
image_000703_c013.jpg,703,13,013.Bobolink,013.Bobolink/Bobolink_0035_11117.jpg
image_000704_c013.jpg,704,13,013.Bobolink,013.Bobolink/Bobolink_0043_10607.jpg
image_000705_c013.jpg,705,13,013.Bobolink,013.Bobolink/Bobolink_0056_9080.jpg
image_000706_c013.jpg,706,13,013.Bobolink,013.Bobolink/Bobolink_0069_9085.jpg
image_000707_c013.jpg,707,13,013.Bobolink,013.Bobolink/Bobolink_0021_10623.jpg
image_000708_c013.jpg,708,13,013.Bobolink,013.Bobolink/Bobolink_0070_10624.jpg
image_000709_c013.jpg,709,13,013.Bobolink,013.Bobolink/Bobolink_0114_10627.jpg
image_000710_c013.jpg,710,13,013.Bobolink,013.Bobolink/Bobolink_0133_9618.jpg
image_000711_c013.jpg,711,13,013.Bobolink,013.Bobolink/Bobolink_0106_9126.jpg
image_000712_c013.jpg,712,13,013.Bobolink,013.Bobolink/Bobolink_0053_10166.jpg
image_000713_c013.jpg,713,13,013.Bobolink,013.Bobolink/Bobolink_0124_10182.jpg
image_000714_c013.jpg,714,13,013.Bobolink,013.Bobolink/Bobolink_0040_9681.jpg
image_000715_c013.jpg,715,13,013.Bobolink,013.Bobolink/Bobolink_0117_10215.jpg
image_000716_c013.jpg,716,13,013.Bobolink,013.Bobolink/Bobolink_0032_10217.jpg
image_000717_c013.jpg,717,13,013.Bobolink,013.Bobolink/Bobolink_0020_9194.jpg
image_000718_c013.jpg,718,13,013.Bobolink,013.Bobolink/Bobolink_0079_10736.jpg
image_000719_c013.jpg,719,13,013.Bobolink,013.Bobolink/Bobolink_0047_9204.jpg
image_000720_c014.jpg,720,14,014.Indigo_Bunting,014.Indigo_Bunting/Indigo_Bunting_0005_13832.jpg
image_000721_c014.jpg,721,14,014.Indigo_Bunting,014.Indigo_Bunting/Indigo_Bunting_0014_14167.jpg
image_000722_c014.jpg,722,14,014.Indigo_Bunting,014.Indigo_Bunting/Indigo_Bunting_0002_12163.jpg
image_000723_c014.jpg,723,14,014.Indigo_Bunting,014.Indigo_Bunting/Indigo_Bunting_0068_13081.jpg
image_000724_c014.jpg,724,14,014.Indigo_Bunting,014.Indigo_Bunting/Indigo_Bunting_0040_11805.jpg
image_000725_c014.jpg,725,14,014.Indigo_Bunting,014.Indigo_Bunting/Indigo_Bunting_0075_12835.jpg
image_000726_c014.jpg,726,14,014.Indigo_Bunting,014.Indigo_Bunting/Indigo_Bunting_0063_11820.jpg
image_000727_c014.jpg,727,14,014.Indigo_Bunting,014.Indigo_Bunting/Indigo_Bunting_0028_12335.jpg
image_000728_c014.jpg,728,14,014.Indigo_Bunting,014.Indigo_Bunting/Indigo_Bunting_0037_14128.jpg
image_000729_c014.jpg,729,14,014.Indigo_Bunting,014.Indigo_Bunting/Indigo_Bunting_0044_14389.jpg
image_000730_c014.jpg,730,14,014.Indigo_Bunting,014.Indigo_Bunting/Indigo_Bunting_0017_11574.jpg
image_000731_c014.jpg,731,14,014.Indigo_Bunting,014.Indigo_Bunting/Indigo_Bunting_0027_11579.jpg
image_000732_c014.jpg,732,14,014.Indigo_Bunting,014.Indigo_Bunting/Indigo_Bunting_0001_12469.jpg
image_000733_c014.jpg,733,14,014.Indigo_Bunting,014.Indigo_Bunting/Indigo_Bunting_0066_12869.jpg
image_000734_c014.jpg,734,14,014.Indigo_Bunting,014.Indigo_Bunting/Indigo_Bunting_0084_11848.jpg
image_000735_c014.jpg,735,14,014.Indigo_Bunting,014.Indigo_Bunting/Indigo_Bunting_0049_13641.jpg
image_000736_c014.jpg,736,14,014.Indigo_Bunting,014.Indigo_Bunting/Indigo_Bunting_0059_11596.jpg
image_000737_c014.jpg,737,14,014.Indigo_Bunting,014.Indigo_Bunting/Indigo_Bunting_0053_13391.jpg
image_000738_c014.jpg,738,14,014.Indigo_Bunting,014.Indigo_Bunting/Indigo_Bunting_0015_12632.jpg
image_000739_c014.jpg,739,14,014.Indigo_Bunting,014.Indigo_Bunting/Indigo_Bunting_0016_13661.jpg
image_000740_c014.jpg,740,14,014.Indigo_Bunting,014.Indigo_Bunting/Indigo_Bunting_0080_13416.jpg
image_000741_c014.jpg,741,14,014.Indigo_Bunting,014.Indigo_Bunting/Indigo_Bunting_0018_11883.jpg
image_000742_c014.jpg,742,14,014.Indigo_Bunting,014.Indigo_Bunting/Indigo_Bunting_0073_13933.jpg
image_000743_c014.jpg,743,14,014.Indigo_Bunting,014.Indigo_Bunting/Indigo_Bunting_0072_14197.jpg
image_000744_c014.jpg,744,14,014.Indigo_Bunting,014.Indigo_Bunting/Indigo_Bunting_0056_12637.jpg
image_000745_c014.jpg,745,14,014.Indigo_Bunting,014.Indigo_Bunting/Indigo_Bunting_0071_11639.jpg
image_000746_c014.jpg,746,14,014.Indigo_Bunting,014.Indigo_Bunting/Indigo_Bunting_0082_11907.jpg
image_000747_c014.jpg,747,14,014.Indigo_Bunting,014.Indigo_Bunting/Indigo_Bunting_0004_13195.jpg
image_000748_c014.jpg,748,14,014.Indigo_Bunting,014.Indigo_Bunting/Indigo_Bunting_0022_12781.jpg
image_000749_c014.jpg,749,14,014.Indigo_Bunting,014.Indigo_Bunting/Indigo_Bunting_0036_13716.jpg
image_000750_c014.jpg,750,14,014.Indigo_Bunting,014.Indigo_Bunting/Indigo_Bunting_0013_12949.jpg
image_000751_c014.jpg,751,14,014.Indigo_Bunting,014.Indigo_Bunting/Indigo_Bunting_0076_12950.jpg
image_000752_c014.jpg,752,14,014.Indigo_Bunting,014.Indigo_Bunting/Indigo_Bunting_0021_13979.jpg
image_000753_c014.jpg,753,14,014.Indigo_Bunting,014.Indigo_Bunting/Indigo_Bunting_0060_14495.jpg
image_000754_c014.jpg,754,14,014.Indigo_Bunting,014.Indigo_Bunting/Indigo_Bunting_0055_13473.jpg
image_000755_c014.jpg,755,14,014.Indigo_Bunting,014.Indigo_Bunting/Indigo_Bunting_0041_13987.jpg
image_000756_c014.jpg,756,14,014.Indigo_Bunting,014.Indigo_Bunting/Indigo_Bunting_0047_12966.jpg
image_000757_c014.jpg,757,14,014.Indigo_Bunting,014.Indigo_Bunting/Indigo_Bunting_0058_12207.jpg
image_000758_c014.jpg,758,14,014.Indigo_Bunting,014.Indigo_Bunting/Indigo_Bunting_0034_12464.jpg
image_000759_c014.jpg,759,14,014.Indigo_Bunting,014.Indigo_Bunting/Indigo_Bunting_0054_12213.jpg
image_000760_c014.jpg,760,14,014.Indigo_Bunting,014.Indigo_Bunting/Indigo_Bunting_0032_12215.jpg
image_000761_c014.jpg,761,14,014.Indigo_Bunting,014.Indigo_Bunting/Indigo_Bunting_0025_12532.jpg
image_000762_c014.jpg,762,14,014.Indigo_Bunting,014.Indigo_Bunting/Indigo_Bunting_0026_11964.jpg
image_000763_c014.jpg,763,14,014.Indigo_Bunting,014.Indigo_Bunting/Indigo_Bunting_0052_11893.jpg
image_000764_c014.jpg,764,14,014.Indigo_Bunting,014.Indigo_Bunting/Indigo_Bunting_0029_13761.jpg
image_000765_c014.jpg,765,14,014.Indigo_Bunting,014.Indigo_Bunting/Indigo_Bunting_0010_13000.jpg
image_000766_c014.jpg,766,14,014.Indigo_Bunting,014.Indigo_Bunting/Indigo_Bunting_0078_11852.jpg
image_000767_c014.jpg,767,14,014.Indigo_Bunting,014.Indigo_Bunting/Indigo_Bunting_0061_13259.jpg
image_000768_c014.jpg,768,14,014.Indigo_Bunting,014.Indigo_Bunting/Indigo_Bunting_0050_11811.jpg
image_000769_c014.jpg,769,14,014.Indigo_Bunting,014.Indigo_Bunting/Indigo_Bunting_0039_12756.jpg
image_000770_c014.jpg,770,14,014.Indigo_Bunting,014.Indigo_Bunting/Indigo_Bunting_0085_11991.jpg
image_000771_c014.jpg,771,14,014.Indigo_Bunting,014.Indigo_Bunting/Indigo_Bunting_0065_14558.jpg
image_000772_c014.jpg,772,14,014.Indigo_Bunting,014.Indigo_Bunting/Indigo_Bunting_0051_12837.jpg
image_000773_c014.jpg,773,14,014.Indigo_Bunting,014.Indigo_Bunting/Indigo_Bunting_0033_12777.jpg
image_000774_c014.jpg,774,14,014.Indigo_Bunting,014.Indigo_Bunting/Indigo_Bunting_0077_14060.jpg
image_000775_c014.jpg,775,14,014.Indigo_Bunting,014.Indigo_Bunting/Indigo_Bunting_0006_14317.jpg
image_000776_c014.jpg,776,14,014.Indigo_Bunting,014.Indigo_Bunting/Indigo_Bunting_0024_13523.jpg
image_000777_c014.jpg,777,14,014.Indigo_Bunting,014.Indigo_Bunting/Indigo_Bunting_0031_13300.jpg
image_000778_c014.jpg,778,14,014.Indigo_Bunting,014.Indigo_Bunting/Indigo_Bunting_0003_13049.jpg
image_000779_c014.jpg,779,14,014.Indigo_Bunting,014.Indigo_Bunting/Indigo_Bunting_0074_12829.jpg
image_000780_c015.jpg,780,15,015.Lazuli_Bunting,015.Lazuli_Bunting/Lazuli_Bunting_0073_14594.jpg
image_000781_c015.jpg,781,15,015.Lazuli_Bunting,015.Lazuli_Bunting/Lazuli_Bunting_0074_14854.jpg
image_000782_c015.jpg,782,15,015.Lazuli_Bunting,015.Lazuli_Bunting/Lazuli_Bunting_0102_14605.jpg
image_000783_c015.jpg,783,15,015.Lazuli_Bunting,015.Lazuli_Bunting/Lazuli_Bunting_0047_14863.jpg
image_000784_c015.jpg,784,15,015.Lazuli_Bunting,015.Lazuli_Bunting/Lazuli_Bunting_0034_14864.jpg
image_000785_c015.jpg,785,15,015.Lazuli_Bunting,015.Lazuli_Bunting/Lazuli_Bunting_0101_14873.jpg
image_000786_c015.jpg,786,15,015.Lazuli_Bunting,015.Lazuli_Bunting/Lazuli_Bunting_0052_14618.jpg
image_000787_c015.jpg,787,15,015.Lazuli_Bunting,015.Lazuli_Bunting/Lazuli_Bunting_0085_14627.jpg
image_000788_c015.jpg,788,15,015.Lazuli_Bunting,015.Lazuli_Bunting/Lazuli_Bunting_0089_14598.jpg
image_000789_c015.jpg,789,15,015.Lazuli_Bunting,015.Lazuli_Bunting/Lazuli_Bunting_0004_14887.jpg
image_000790_c015.jpg,790,15,015.Lazuli_Bunting,015.Lazuli_Bunting/Lazuli_Bunting_0080_14893.jpg
image_000791_c015.jpg,791,15,015.Lazuli_Bunting,015.Lazuli_Bunting/Lazuli_Bunting_0027_14895.jpg
image_000792_c015.jpg,792,15,015.Lazuli_Bunting,015.Lazuli_Bunting/Lazuli_Bunting_0041_15152.jpg
image_000793_c015.jpg,793,15,015.Lazuli_Bunting,015.Lazuli_Bunting/Lazuli_Bunting_0061_15155.jpg
image_000794_c015.jpg,794,15,015.Lazuli_Bunting,015.Lazuli_Bunting/Lazuli_Bunting_0009_15163.jpg
image_000795_c015.jpg,795,15,015.Lazuli_Bunting,015.Lazuli_Bunting/Lazuli_Bunting_0078_15164.jpg
image_000796_c015.jpg,796,15,015.Lazuli_Bunting,015.Lazuli_Bunting/Lazuli_Bunting_0092_14656.jpg
image_000797_c015.jpg,797,15,015.Lazuli_Bunting,015.Lazuli_Bunting/Lazuli_Bunting_0066_14914.jpg
image_000798_c015.jpg,798,15,015.Lazuli_Bunting,015.Lazuli_Bunting/Lazuli_Bunting_0010_14915.jpg
image_000799_c015.jpg,799,15,015.Lazuli_Bunting,015.Lazuli_Bunting/Lazuli_Bunting_0001_14916.jpg
image_000800_c015.jpg,800,15,015.Lazuli_Bunting,015.Lazuli_Bunting/Lazuli_Bunting_0076_14662.jpg
image_000801_c015.jpg,801,15,015.Lazuli_Bunting,015.Lazuli_Bunting/Lazuli_Bunting_0095_14919.jpg
image_000802_c015.jpg,802,15,015.Lazuli_Bunting,015.Lazuli_Bunting/Lazuli_Bunting_0035_14920.jpg
image_000803_c015.jpg,803,15,015.Lazuli_Bunting,015.Lazuli_Bunting/Lazuli_Bunting_0070_14665.jpg
image_000804_c015.jpg,804,15,015.Lazuli_Bunting,015.Lazuli_Bunting/Lazuli_Bunting_0040_14923.jpg
image_000805_c015.jpg,805,15,015.Lazuli_Bunting,015.Lazuli_Bunting/Lazuli_Bunting_0026_14669.jpg
image_000806_c015.jpg,806,15,015.Lazuli_Bunting,015.Lazuli_Bunting/Lazuli_Bunting_0067_14672.jpg
image_000807_c015.jpg,807,15,015.Lazuli_Bunting,015.Lazuli_Bunting/Lazuli_Bunting_0008_15195.jpg
image_000808_c015.jpg,808,15,015.Lazuli_Bunting,015.Lazuli_Bunting/Lazuli_Bunting_0032_14778.jpg
image_000809_c015.jpg,809,15,015.Lazuli_Bunting,015.Lazuli_Bunting/Lazuli_Bunting_0021_14686.jpg
image_000810_c015.jpg,810,15,015.Lazuli_Bunting,015.Lazuli_Bunting/Lazuli_Bunting_0015_14690.jpg
image_000811_c015.jpg,811,15,015.Lazuli_Bunting,015.Lazuli_Bunting/Lazuli_Bunting_0028_14950.jpg
image_000812_c015.jpg,812,15,015.Lazuli_Bunting,015.Lazuli_Bunting/Lazuli_Bunting_0045_14954.jpg
image_000813_c015.jpg,813,15,015.Lazuli_Bunting,015.Lazuli_Bunting/Lazuli_Bunting_0107_14705.jpg
image_000814_c015.jpg,814,15,015.Lazuli_Bunting,015.Lazuli_Bunting/Lazuli_Bunting_0081_14709.jpg
image_000815_c015.jpg,815,15,015.Lazuli_Bunting,015.Lazuli_Bunting/Lazuli_Bunting_0094_11894.jpg
image_000816_c015.jpg,816,15,015.Lazuli_Bunting,015.Lazuli_Bunting/Lazuli_Bunting_0054_14714.jpg
image_000817_c015.jpg,817,15,015.Lazuli_Bunting,015.Lazuli_Bunting/Lazuli_Bunting_0030_14986.jpg
image_000818_c015.jpg,818,15,015.Lazuli_Bunting,015.Lazuli_Bunting/Lazuli_Bunting_0086_14992.jpg
image_000819_c015.jpg,819,15,015.Lazuli_Bunting,015.Lazuli_Bunting/Lazuli_Bunting_0046_14787.jpg
image_000820_c015.jpg,820,15,015.Lazuli_Bunting,015.Lazuli_Bunting/Lazuli_Bunting_0097_14617.jpg
image_000821_c015.jpg,821,15,015.Lazuli_Bunting,015.Lazuli_Bunting/Lazuli_Bunting_0059_14749.jpg
image_000822_c015.jpg,822,15,015.Lazuli_Bunting,015.Lazuli_Bunting/Lazuli_Bunting_0105_15017.jpg
image_000823_c015.jpg,823,15,015.Lazuli_Bunting,015.Lazuli_Bunting/Lazuli_Bunting_0031_15018.jpg
image_000824_c015.jpg,824,15,015.Lazuli_Bunting,015.Lazuli_Bunting/Lazuli_Bunting_0037_15021.jpg
image_000825_c015.jpg,825,15,015.Lazuli_Bunting,015.Lazuli_Bunting/Lazuli_Bunting_0093_15030.jpg
image_000826_c015.jpg,826,15,015.Lazuli_Bunting,015.Lazuli_Bunting/Lazuli_Bunting_0057_14775.jpg
image_000827_c015.jpg,827,15,015.Lazuli_Bunting,015.Lazuli_Bunting/Lazuli_Bunting_0056_15032.jpg
image_000828_c015.jpg,828,15,015.Lazuli_Bunting,015.Lazuli_Bunting/Lazuli_Bunting_0055_15043.jpg
image_000829_c015.jpg,829,15,015.Lazuli_Bunting,015.Lazuli_Bunting/Lazuli_Bunting_0082_15047.jpg
image_000830_c015.jpg,830,15,015.Lazuli_Bunting,015.Lazuli_Bunting/Lazuli_Bunting_0084_14815.jpg
image_000831_c015.jpg,831,15,015.Lazuli_Bunting,015.Lazuli_Bunting/Lazuli_Bunting_0042_14820.jpg
image_000832_c015.jpg,832,15,015.Lazuli_Bunting,015.Lazuli_Bunting/Lazuli_Bunting_0025_15079.jpg
image_000833_c015.jpg,833,15,015.Lazuli_Bunting,015.Lazuli_Bunting/Lazuli_Bunting_0014_14824.jpg
image_000834_c015.jpg,834,15,015.Lazuli_Bunting,015.Lazuli_Bunting/Lazuli_Bunting_0039_15081.jpg
image_000835_c015.jpg,835,15,015.Lazuli_Bunting,015.Lazuli_Bunting/Lazuli_Bunting_0020_14837.jpg
image_000836_c015.jpg,836,15,015.Lazuli_Bunting,015.Lazuli_Bunting/Lazuli_Bunting_0087_15096.jpg
image_000837_c015.jpg,837,15,015.Lazuli_Bunting,015.Lazuli_Bunting/Lazuli_Bunting_0048_14844.jpg
image_000838_c016.jpg,838,16,016.Painted_Bunting,016.Painted_Bunting/Painted_Bunting_0102_16642.jpg
image_000839_c016.jpg,839,16,016.Painted_Bunting,016.Painted_Bunting/Painted_Bunting_0004_16641.jpg
image_000840_c016.jpg,840,16,016.Painted_Bunting,016.Painted_Bunting/Painted_Bunting_0077_16819.jpg
image_000841_c016.jpg,841,16,016.Painted_Bunting,016.Painted_Bunting/Painted_Bunting_0039_15235.jpg
image_000842_c016.jpg,842,16,016.Painted_Bunting,016.Painted_Bunting/Painted_Bunting_0053_16404.jpg
image_000843_c016.jpg,843,16,016.Painted_Bunting,016.Painted_Bunting/Painted_Bunting_0050_16670.jpg
image_000844_c016.jpg,844,16,016.Painted_Bunting,016.Painted_Bunting/Painted_Bunting_0008_16416.jpg
image_000845_c016.jpg,845,16,016.Painted_Bunting,016.Painted_Bunting/Painted_Bunting_0061_16930.jpg
image_000846_c016.jpg,846,16,016.Painted_Bunting,016.Painted_Bunting/Painted_Bunting_0011_16690.jpg
image_000847_c016.jpg,847,16,016.Painted_Bunting,016.Painted_Bunting/Painted_Bunting_0040_16691.jpg
image_000848_c016.jpg,848,16,016.Painted_Bunting,016.Painted_Bunting/Painted_Bunting_0010_16948.jpg
image_000849_c016.jpg,849,16,016.Painted_Bunting,016.Painted_Bunting/Painted_Bunting_0072_16697.jpg
image_000850_c016.jpg,850,16,016.Painted_Bunting,016.Painted_Bunting/Painted_Bunting_0054_16711.jpg
image_000851_c016.jpg,851,16,016.Painted_Bunting,016.Painted_Bunting/Painted_Bunting_0069_16462.jpg
image_000852_c016.jpg,852,16,016.Painted_Bunting,016.Painted_Bunting/Painted_Bunting_0058_16719.jpg
image_000853_c016.jpg,853,16,016.Painted_Bunting,016.Painted_Bunting/Painted_Bunting_0025_16722.jpg
image_000854_c016.jpg,854,16,016.Painted_Bunting,016.Painted_Bunting/Painted_Bunting_0094_16467.jpg
image_000855_c016.jpg,855,16,016.Painted_Bunting,016.Painted_Bunting/Painted_Bunting_0079_15197.jpg
image_000856_c016.jpg,856,16,016.Painted_Bunting,016.Painted_Bunting/Painted_Bunting_0091_15198.jpg
image_000857_c016.jpg,857,16,016.Painted_Bunting,016.Painted_Bunting/Painted_Bunting_0100_16735.jpg
image_000858_c016.jpg,858,16,016.Painted_Bunting,016.Painted_Bunting/Painted_Bunting_0016_15200.jpg
image_000859_c016.jpg,859,16,016.Painted_Bunting,016.Painted_Bunting/Painted_Bunting_0073_16737.jpg
image_000860_c016.jpg,860,16,016.Painted_Bunting,016.Painted_Bunting/Painted_Bunting_0005_15202.jpg
image_000861_c016.jpg,861,16,016.Painted_Bunting,016.Painted_Bunting/Painted_Bunting_0028_15205.jpg
image_000862_c016.jpg,862,16,016.Painted_Bunting,016.Painted_Bunting/Painted_Bunting_0034_15207.jpg
image_000863_c016.jpg,863,16,016.Painted_Bunting,016.Painted_Bunting/Painted_Bunting_0055_15208.jpg
image_000864_c016.jpg,864,16,016.Painted_Bunting,016.Painted_Bunting/Painted_Bunting_0071_15209.jpg
image_000865_c016.jpg,865,16,016.Painted_Bunting,016.Painted_Bunting/Painted_Bunting_0093_15212.jpg
image_000866_c016.jpg,866,16,016.Painted_Bunting,016.Painted_Bunting/Painted_Bunting_0098_15226.jpg
image_000867_c016.jpg,867,16,016.Painted_Bunting,016.Painted_Bunting/Painted_Bunting_0076_16765.jpg
image_000868_c016.jpg,868,16,016.Painted_Bunting,016.Painted_Bunting/Painted_Bunting_0081_15230.jpg
image_000869_c016.jpg,869,16,016.Painted_Bunting,016.Painted_Bunting/Painted_Bunting_0019_15231.jpg
image_000870_c016.jpg,870,16,016.Painted_Bunting,016.Painted_Bunting/Painted_Bunting_0087_15232.jpg
image_000871_c016.jpg,871,16,016.Painted_Bunting,016.Painted_Bunting/Painted_Bunting_0096_15233.jpg
image_000872_c016.jpg,872,16,016.Painted_Bunting,016.Painted_Bunting/Painted_Bunting_0070_16515.jpg
image_000873_c016.jpg,873,16,016.Painted_Bunting,016.Painted_Bunting/Painted_Bunting_0066_15241.jpg
image_000874_c016.jpg,874,16,016.Painted_Bunting,016.Painted_Bunting/Painted_Bunting_0099_16525.jpg
image_000875_c016.jpg,875,16,016.Painted_Bunting,016.Painted_Bunting/Painted_Bunting_0006_15249.jpg
image_000876_c016.jpg,876,16,016.Painted_Bunting,016.Painted_Bunting/Painted_Bunting_0029_16530.jpg
image_000877_c016.jpg,877,16,016.Painted_Bunting,016.Painted_Bunting/Painted_Bunting_0084_16531.jpg
image_000878_c016.jpg,878,16,016.Painted_Bunting,016.Painted_Bunting/Painted_Bunting_0080_16534.jpg
image_000879_c016.jpg,879,16,016.Painted_Bunting,016.Painted_Bunting/Painted_Bunting_0046_16535.jpg
image_000880_c016.jpg,880,16,016.Painted_Bunting,016.Painted_Bunting/Painted_Bunting_0027_16536.jpg
image_000881_c016.jpg,881,16,016.Painted_Bunting,016.Painted_Bunting/Painted_Bunting_0086_16540.jpg
image_000882_c016.jpg,882,16,016.Painted_Bunting,016.Painted_Bunting/Painted_Bunting_0044_16557.jpg
image_000883_c016.jpg,883,16,016.Painted_Bunting,016.Painted_Bunting/Painted_Bunting_0085_15282.jpg
image_000884_c016.jpg,884,16,016.Painted_Bunting,016.Painted_Bunting/Painted_Bunting_0036_16563.jpg
image_000885_c016.jpg,885,16,016.Painted_Bunting,016.Painted_Bunting/Painted_Bunting_0078_16565.jpg
image_000886_c016.jpg,886,16,016.Painted_Bunting,016.Painted_Bunting/Painted_Bunting_0013_15294.jpg
image_000887_c016.jpg,887,16,016.Painted_Bunting,016.Painted_Bunting/Painted_Bunting_0021_15295.jpg
image_000888_c016.jpg,888,16,016.Painted_Bunting,016.Painted_Bunting/Painted_Bunting_0001_16585.jpg
image_000889_c016.jpg,889,16,016.Painted_Bunting,016.Painted_Bunting/Painted_Bunting_0083_16587.jpg
image_000890_c016.jpg,890,16,016.Painted_Bunting,016.Painted_Bunting/Painted_Bunting_0009_16674.jpg
image_000891_c016.jpg,891,16,016.Painted_Bunting,016.Painted_Bunting/Painted_Bunting_0056_16599.jpg
image_000892_c016.jpg,892,16,016.Painted_Bunting,016.Painted_Bunting/Painted_Bunting_0032_16605.jpg
image_000893_c016.jpg,893,16,016.Painted_Bunting,016.Painted_Bunting/Painted_Bunting_0049_16869.jpg
image_000894_c016.jpg,894,16,016.Painted_Bunting,016.Painted_Bunting/Painted_Bunting_0060_15224.jpg
image_000895_c016.jpg,895,16,016.Painted_Bunting,016.Painted_Bunting/Painted_Bunting_0002_16887.jpg
image_000896_c017.jpg,896,17,017.Cardinal,017.Cardinal/Cardinal_0038_19203.jpg
image_000897_c017.jpg,897,17,017.Cardinal,017.Cardinal/Cardinal_0072_17159.jpg
image_000898_c017.jpg,898,17,017.Cardinal,017.Cardinal/Cardinal_0085_19162.jpg
image_000899_c017.jpg,899,17,017.Cardinal,017.Cardinal/Cardinal_0047_17673.jpg
image_000900_c017.jpg,900,17,017.Cardinal,017.Cardinal/Cardinal_0094_17165.jpg
image_000901_c017.jpg,901,17,017.Cardinal,017.Cardinal/Cardinal_0035_17678.jpg
image_000902_c017.jpg,902,17,017.Cardinal,017.Cardinal/Cardinal_0045_18021.jpg
image_000903_c017.jpg,903,17,017.Cardinal,017.Cardinal/Cardinal_0103_17425.jpg
image_000904_c017.jpg,904,17,017.Cardinal,017.Cardinal/Cardinal_0102_17808.jpg
image_000905_c017.jpg,905,17,017.Cardinal,017.Cardinal/Cardinal_0006_17684.jpg
image_000906_c017.jpg,906,17,017.Cardinal,017.Cardinal/Cardinal_0054_19334.jpg
image_000907_c017.jpg,907,17,017.Cardinal,017.Cardinal/Cardinal_0075_17946.jpg
image_000908_c017.jpg,908,17,017.Cardinal,017.Cardinal/Cardinal_0078_17181.jpg
image_000909_c017.jpg,909,17,017.Cardinal,017.Cardinal/Cardinal_0041_17189.jpg
image_000910_c017.jpg,910,17,017.Cardinal,017.Cardinal/Cardinal_0066_17803.jpg
image_000911_c017.jpg,911,17,017.Cardinal,017.Cardinal/Cardinal_0040_17477.jpg
image_000912_c017.jpg,912,17,017.Cardinal,017.Cardinal/Cardinal_0051_17223.jpg
image_000913_c017.jpg,913,17,017.Cardinal,017.Cardinal/Cardinal_0093_17676.jpg
image_000914_c017.jpg,914,17,017.Cardinal,017.Cardinal/Cardinal_0022_17233.jpg
image_000915_c017.jpg,915,17,017.Cardinal,017.Cardinal/Cardinal_0023_19026.jpg
image_000916_c017.jpg,916,17,017.Cardinal,017.Cardinal/Cardinal_0019_17368.jpg
image_000917_c017.jpg,917,17,017.Cardinal,017.Cardinal/Cardinal_0089_18005.jpg
image_000918_c017.jpg,918,17,017.Cardinal,017.Cardinal/Cardinal_0025_17239.jpg
image_000919_c017.jpg,919,17,017.Cardinal,017.Cardinal/Cardinal_0033_19215.jpg
image_000920_c017.jpg,920,17,017.Cardinal,017.Cardinal/Cardinal_0079_19044.jpg
image_000921_c017.jpg,921,17,017.Cardinal,017.Cardinal/Cardinal_0105_19045.jpg
image_000922_c017.jpg,922,17,017.Cardinal,017.Cardinal/Cardinal_0029_17297.jpg
image_000923_c017.jpg,923,17,017.Cardinal,017.Cardinal/Cardinal_0081_17291.jpg
image_000924_c017.jpg,924,17,017.Cardinal,017.Cardinal/Cardinal_0050_18035.jpg
image_000925_c017.jpg,925,17,017.Cardinal,017.Cardinal/Cardinal_0007_18537.jpg
image_000926_c017.jpg,926,17,017.Cardinal,017.Cardinal/Cardinal_0083_18042.jpg
image_000927_c017.jpg,927,17,017.Cardinal,017.Cardinal/Cardinal_0020_18664.jpg
image_000928_c017.jpg,928,17,017.Cardinal,017.Cardinal/Cardinal_0053_17541.jpg
image_000929_c017.jpg,929,17,017.Cardinal,017.Cardinal/Cardinal_0028_18054.jpg
image_000930_c017.jpg,930,17,017.Cardinal,017.Cardinal/Cardinal_0014_17389.jpg
image_000931_c017.jpg,931,17,017.Cardinal,017.Cardinal/Cardinal_0052_18334.jpg
image_000932_c017.jpg,932,17,017.Cardinal,017.Cardinal/Cardinal_0001_17057.jpg
image_000933_c017.jpg,933,17,017.Cardinal,017.Cardinal/Cardinal_0074_18339.jpg
image_000934_c017.jpg,934,17,017.Cardinal,017.Cardinal/Cardinal_0084_17576.jpg
image_000935_c017.jpg,935,17,017.Cardinal,017.Cardinal/Cardinal_0037_18092.jpg
image_000936_c017.jpg,936,17,017.Cardinal,017.Cardinal/Cardinal_0018_17071.jpg
image_000937_c017.jpg,937,17,017.Cardinal,017.Cardinal/Cardinal_0056_18352.jpg
image_000938_c017.jpg,938,17,017.Cardinal,017.Cardinal/Cardinal_0062_17334.jpg
image_000939_c017.jpg,939,17,017.Cardinal,017.Cardinal/Cardinal_0092_17591.jpg
image_000940_c017.jpg,940,17,017.Cardinal,017.Cardinal/Cardinal_0095_18108.jpg
image_000941_c017.jpg,941,17,017.Cardinal,017.Cardinal/Cardinal_0039_17597.jpg
image_000942_c017.jpg,942,17,017.Cardinal,017.Cardinal/Cardinal_0016_17862.jpg
image_000943_c017.jpg,943,17,017.Cardinal,017.Cardinal/Cardinal_0012_18638.jpg
image_000944_c017.jpg,944,17,017.Cardinal,017.Cardinal/Cardinal_0055_18898.jpg
image_000945_c017.jpg,945,17,017.Cardinal,017.Cardinal/Cardinal_0010_18894.jpg
image_000946_c017.jpg,946,17,017.Cardinal,017.Cardinal/Cardinal_0104_17122.jpg
image_000947_c017.jpg,947,17,017.Cardinal,017.Cardinal/Cardinal_0057_17128.jpg
image_000948_c017.jpg,948,17,017.Cardinal,017.Cardinal/Cardinal_0049_18258.jpg
image_000949_c017.jpg,949,17,017.Cardinal,017.Cardinal/Cardinal_0082_17875.jpg
image_000950_c017.jpg,950,17,017.Cardinal,017.Cardinal/Cardinal_0060_17139.jpg
image_000951_c017.jpg,951,17,017.Cardinal,017.Cardinal/Cardinal_0097_17396.jpg
image_000952_c017.jpg,952,17,017.Cardinal,017.Cardinal/Cardinal_0002_18424.jpg
image_000953_c018.jpg,953,18,018.Spotted_Catbird,018.Spotted_Catbird/Spotted_Catbird_0018_796800.jpg
image_000954_c018.jpg,954,18,018.Spotted_Catbird,018.Spotted_Catbird/Spotted_Catbird_0030_796801.jpg
image_000955_c018.jpg,955,18,018.Spotted_Catbird,018.Spotted_Catbird/Spotted_Catbird_0012_796802.jpg
image_000956_c018.jpg,956,18,018.Spotted_Catbird,018.Spotted_Catbird/Spotted_Catbird_0016_796803.jpg
image_000957_c018.jpg,957,18,018.Spotted_Catbird,018.Spotted_Catbird/Spotted_Catbird_0004_796804.jpg
image_000958_c018.jpg,958,18,018.Spotted_Catbird,018.Spotted_Catbird/Spotted_Catbird_0033_796805.jpg
image_000959_c018.jpg,959,18,018.Spotted_Catbird,018.Spotted_Catbird/Spotted_Catbird_0031_796806.jpg
image_000960_c018.jpg,960,18,018.Spotted_Catbird,018.Spotted_Catbird/Spotted_Catbird_0041_796807.jpg
image_000961_c018.jpg,961,18,018.Spotted_Catbird,018.Spotted_Catbird/Spotted_Catbird_0015_796808.jpg
image_000962_c018.jpg,962,18,018.Spotted_Catbird,018.Spotted_Catbird/Spotted_Catbird_0044_796809.jpg
image_000963_c018.jpg,963,18,018.Spotted_Catbird,018.Spotted_Catbird/Spotted_Catbird_0037_796810.jpg
image_000964_c018.jpg,964,18,018.Spotted_Catbird,018.Spotted_Catbird/Spotted_Catbird_0039_796811.jpg
image_000965_c018.jpg,965,18,018.Spotted_Catbird,018.Spotted_Catbird/Spotted_Catbird_0028_796813.jpg
image_000966_c018.jpg,966,18,018.Spotted_Catbird,018.Spotted_Catbird/Spotted_Catbird_0045_796814.jpg
image_000967_c018.jpg,967,18,018.Spotted_Catbird,018.Spotted_Catbird/Spotted_Catbird_0011_796815.jpg
image_000968_c018.jpg,968,18,018.Spotted_Catbird,018.Spotted_Catbird/Spotted_Catbird_0048_796817.jpg
image_000969_c018.jpg,969,18,018.Spotted_Catbird,018.Spotted_Catbird/Spotted_Catbird_0026_796818.jpg
image_000970_c018.jpg,970,18,018.Spotted_Catbird,018.Spotted_Catbird/Spotted_Catbird_0025_796819.jpg
image_000971_c018.jpg,971,18,018.Spotted_Catbird,018.Spotted_Catbird/Spotted_Catbird_0040_796820.jpg
image_000972_c018.jpg,972,18,018.Spotted_Catbird,018.Spotted_Catbird/Spotted_Catbird_0022_796821.jpg
image_000973_c018.jpg,973,18,018.Spotted_Catbird,018.Spotted_Catbird/Spotted_Catbird_0003_796822.jpg
image_000974_c018.jpg,974,18,018.Spotted_Catbird,018.Spotted_Catbird/Spotted_Catbird_0006_796823.jpg
image_000975_c018.jpg,975,18,018.Spotted_Catbird,018.Spotted_Catbird/Spotted_Catbird_0029_796825.jpg
image_000976_c018.jpg,976,18,018.Spotted_Catbird,018.Spotted_Catbird/Spotted_Catbird_0002_796827.jpg
image_000977_c018.jpg,977,18,018.Spotted_Catbird,018.Spotted_Catbird/Spotted_Catbird_0032_796828.jpg
image_000978_c018.jpg,978,18,018.Spotted_Catbird,018.Spotted_Catbird/Spotted_Catbird_0046_19399.jpg
image_000979_c018.jpg,979,18,018.Spotted_Catbird,018.Spotted_Catbird/Spotted_Catbird_0047_19400.jpg
image_000980_c018.jpg,980,18,018.Spotted_Catbird,018.Spotted_Catbird/Spotted_Catbird_0036_19406.jpg
image_000981_c018.jpg,981,18,018.Spotted_Catbird,018.Spotted_Catbird/Spotted_Catbird_0005_19411.jpg
image_000982_c018.jpg,982,18,018.Spotted_Catbird,018.Spotted_Catbird/Spotted_Catbird_0007_19424.jpg
image_000983_c018.jpg,983,18,018.Spotted_Catbird,018.Spotted_Catbird/Spotted_Catbird_0014_19425.jpg
image_000984_c018.jpg,984,18,018.Spotted_Catbird,018.Spotted_Catbird/Spotted_Catbird_0013_19428.jpg
image_000985_c018.jpg,985,18,018.Spotted_Catbird,018.Spotted_Catbird/Spotted_Catbird_0042_19430.jpg
image_000986_c018.jpg,986,18,018.Spotted_Catbird,018.Spotted_Catbird/Spotted_Catbird_0010_19436.jpg
image_000987_c018.jpg,987,18,018.Spotted_Catbird,018.Spotted_Catbird/Spotted_Catbird_0034_19437.jpg
image_000988_c018.jpg,988,18,018.Spotted_Catbird,018.Spotted_Catbird/Spotted_Catbird_0019_796788.jpg
image_000989_c018.jpg,989,18,018.Spotted_Catbird,018.Spotted_Catbird/Spotted_Catbird_0008_796789.jpg
image_000990_c018.jpg,990,18,018.Spotted_Catbird,018.Spotted_Catbird/Spotted_Catbird_0024_796791.jpg
image_000991_c018.jpg,991,18,018.Spotted_Catbird,018.Spotted_Catbird/Spotted_Catbird_0023_796793.jpg
image_000992_c018.jpg,992,18,018.Spotted_Catbird,018.Spotted_Catbird/Spotted_Catbird_0020_796794.jpg
image_000993_c018.jpg,993,18,018.Spotted_Catbird,018.Spotted_Catbird/Spotted_Catbird_0009_796795.jpg
image_000994_c018.jpg,994,18,018.Spotted_Catbird,018.Spotted_Catbird/Spotted_Catbird_0027_796796.jpg
image_000995_c018.jpg,995,18,018.Spotted_Catbird,018.Spotted_Catbird/Spotted_Catbird_0001_796797.jpg
image_000996_c018.jpg,996,18,018.Spotted_Catbird,018.Spotted_Catbird/Spotted_Catbird_0021_796798.jpg
image_000997_c018.jpg,997,18,018.Spotted_Catbird,018.Spotted_Catbird/Spotted_Catbird_0035_796799.jpg
image_000998_c019.jpg,998,19,019.Gray_Catbird,019.Gray_Catbird/Gray_Catbird_0043_21008.jpg
image_000999_c019.jpg,999,19,019.Gray_Catbird,019.Gray_Catbird/Gray_Catbird_0032_21551.jpg
image_001000_c019.jpg,1000,19,019.Gray_Catbird,019.Gray_Catbird/Gray_Catbird_0067_21043.jpg
image_001001_c019.jpg,1001,19,019.Gray_Catbird,019.Gray_Catbird/Gray_Catbird_0039_21040.jpg
image_001002_c019.jpg,1002,19,019.Gray_Catbird,019.Gray_Catbird/Gray_Catbird_0127_20034.jpg
image_001003_c019.jpg,1003,19,019.Gray_Catbird,019.Gray_Catbird/Gray_Catbird_0069_21065.jpg
image_001004_c019.jpg,1004,19,019.Gray_Catbird,019.Gray_Catbird/Gray_Catbird_0048_20558.jpg
image_001005_c019.jpg,1005,19,019.Gray_Catbird,019.Gray_Catbird/Gray_Catbird_0013_20562.jpg
image_001006_c019.jpg,1006,19,019.Gray_Catbird,019.Gray_Catbird/Gray_Catbird_0019_20567.jpg
image_001007_c019.jpg,1007,19,019.Gray_Catbird,019.Gray_Catbird/Gray_Catbird_0111_19550.jpg
image_001008_c019.jpg,1008,19,019.Gray_Catbird,019.Gray_Catbird/Gray_Catbird_0023_20668.jpg
image_001009_c019.jpg,1009,19,019.Gray_Catbird,019.Gray_Catbird/Gray_Catbird_0130_20328.jpg
image_001010_c019.jpg,1010,19,019.Gray_Catbird,019.Gray_Catbird/Gray_Catbird_0134_20596.jpg
image_001011_c019.jpg,1011,19,019.Gray_Catbird,019.Gray_Catbird/Gray_Catbird_0028_20598.jpg
image_001012_c019.jpg,1012,19,019.Gray_Catbird,019.Gray_Catbird/Gray_Catbird_0022_19585.jpg
image_001013_c019.jpg,1013,19,019.Gray_Catbird,019.Gray_Catbird/Gray_Catbird_0031_21635.jpg
image_001014_c019.jpg,1014,19,019.Gray_Catbird,019.Gray_Catbird/Gray_Catbird_0075_21125.jpg
image_001015_c019.jpg,1015,19,019.Gray_Catbird,019.Gray_Catbird/Gray_Catbird_0074_19601.jpg
image_001016_c019.jpg,1016,19,019.Gray_Catbird,019.Gray_Catbird/Gray_Catbird_0102_20644.jpg
image_001017_c019.jpg,1017,19,019.Gray_Catbird,019.Gray_Catbird/Gray_Catbird_0080_20139.jpg
image_001018_c019.jpg,1018,19,019.Gray_Catbird,019.Gray_Catbird/Gray_Catbird_0060_20656.jpg
image_001019_c019.jpg,1019,19,019.Gray_Catbird,019.Gray_Catbird/Gray_Catbird_0131_19633.jpg
image_001020_c019.jpg,1020,19,019.Gray_Catbird,019.Gray_Catbird/Gray_Catbird_0141_21174.jpg
image_001021_c019.jpg,1021,19,019.Gray_Catbird,019.Gray_Catbird/Gray_Catbird_0101_21178.jpg
image_001022_c019.jpg,1022,19,019.Gray_Catbird,019.Gray_Catbird/Gray_Catbird_0055_20671.jpg
image_001023_c019.jpg,1023,19,019.Gray_Catbird,019.Gray_Catbird/Gray_Catbird_0100_20674.jpg
image_001024_c019.jpg,1024,19,019.Gray_Catbird,019.Gray_Catbird/Gray_Catbird_0107_20513.jpg
image_001025_c019.jpg,1025,19,019.Gray_Catbird,019.Gray_Catbird/Gray_Catbird_0053_20694.jpg
image_001026_c019.jpg,1026,19,019.Gray_Catbird,019.Gray_Catbird/Gray_Catbird_0001_20695.jpg
image_001027_c019.jpg,1027,19,019.Gray_Catbird,019.Gray_Catbird/Gray_Catbird_0063_20707.jpg
image_001028_c019.jpg,1028,19,019.Gray_Catbird,019.Gray_Catbird/Gray_Catbird_0104_20716.jpg
image_001029_c019.jpg,1029,19,019.Gray_Catbird,019.Gray_Catbird/Gray_Catbird_0015_21230.jpg
image_001030_c019.jpg,1030,19,019.Gray_Catbird,019.Gray_Catbird/Gray_Catbird_0092_20735.jpg
image_001031_c019.jpg,1031,19,019.Gray_Catbird,019.Gray_Catbird/Gray_Catbird_0024_20739.jpg
image_001032_c019.jpg,1032,19,019.Gray_Catbird,019.Gray_Catbird/Gray_Catbird_0091_20416.jpg
image_001033_c019.jpg,1033,19,019.Gray_Catbird,019.Gray_Catbird/Gray_Catbird_0113_21270.jpg
image_001034_c019.jpg,1034,19,019.Gray_Catbird,019.Gray_Catbird/Gray_Catbird_0050_20763.jpg
image_001035_c019.jpg,1035,19,019.Gray_Catbird,019.Gray_Catbird/Gray_Catbird_0007_20186.jpg
image_001036_c019.jpg,1036,19,019.Gray_Catbird,019.Gray_Catbird/Gray_Catbird_0139_21281.jpg
image_001037_c019.jpg,1037,19,019.Gray_Catbird,019.Gray_Catbird/Gray_Catbird_0094_21303.jpg
image_001038_c019.jpg,1038,19,019.Gray_Catbird,019.Gray_Catbird/Gray_Catbird_0049_21311.jpg
image_001039_c019.jpg,1039,19,019.Gray_Catbird,019.Gray_Catbird/Gray_Catbird_0117_21333.jpg
image_001040_c019.jpg,1040,19,019.Gray_Catbird,019.Gray_Catbird/Gray_Catbird_0125_19833.jpg
image_001041_c019.jpg,1041,19,019.Gray_Catbird,019.Gray_Catbird/Gray_Catbird_0105_20864.jpg
image_001042_c019.jpg,1042,19,019.Gray_Catbird,019.Gray_Catbird/Gray_Catbird_0042_20546.jpg
image_001043_c019.jpg,1043,19,019.Gray_Catbird,019.Gray_Catbird/Gray_Catbird_0002_21395.jpg
image_001044_c019.jpg,1044,19,019.Gray_Catbird,019.Gray_Catbird/Gray_Catbird_0057_20979.jpg
image_001045_c019.jpg,1045,19,019.Gray_Catbird,019.Gray_Catbird/Gray_Catbird_0103_20930.jpg
image_001046_c019.jpg,1046,19,019.Gray_Catbird,019.Gray_Catbird/Gray_Catbird_0008_20430.jpg
image_001047_c019.jpg,1047,19,019.Gray_Catbird,019.Gray_Catbird/Gray_Catbird_0138_20945.jpg
image_001048_c019.jpg,1048,19,019.Gray_Catbird,019.Gray_Catbird/Gray_Catbird_0045_20950.jpg
image_001049_c019.jpg,1049,19,019.Gray_Catbird,019.Gray_Catbird/Gray_Catbird_0090_21464.jpg
image_001050_c019.jpg,1050,19,019.Gray_Catbird,019.Gray_Catbird/Gray_Catbird_0044_20955.jpg
image_001051_c019.jpg,1051,19,019.Gray_Catbird,019.Gray_Catbird/Gray_Catbird_0027_20968.jpg
image_001052_c019.jpg,1052,19,019.Gray_Catbird,019.Gray_Catbird/Gray_Catbird_0118_20476.jpg
image_001053_c019.jpg,1053,19,019.Gray_Catbird,019.Gray_Catbird/Gray_Catbird_0006_20867.jpg
image_001054_c019.jpg,1054,19,019.Gray_Catbird,019.Gray_Catbird/Gray_Catbird_0071_20974.jpg
image_001055_c019.jpg,1055,19,019.Gray_Catbird,019.Gray_Catbird/Gray_Catbird_0126_19446.jpg
image_001056_c019.jpg,1056,19,019.Gray_Catbird,019.Gray_Catbird/Gray_Catbird_0129_20987.jpg
image_001057_c020.jpg,1057,20,020.Yellow_breasted_Chat,020.Yellow_breasted_Chat/Yellow_Breasted_Chat_0029_22017.jpg
image_001058_c020.jpg,1058,20,020.Yellow_breasted_Chat,020.Yellow_breasted_Chat/Yellow_Breasted_Chat_0090_21931.jpg
image_001059_c020.jpg,1059,20,020.Yellow_breasted_Chat,020.Yellow_breasted_Chat/Yellow_Breasted_Chat_0073_21932.jpg
image_001060_c020.jpg,1060,20,020.Yellow_breasted_Chat,020.Yellow_breasted_Chat/Yellow_Breasted_Chat_0106_22032.jpg
image_001061_c020.jpg,1061,20,020.Yellow_breasted_Chat,020.Yellow_breasted_Chat/Yellow_Breasted_Chat_0010_21777.jpg
image_001062_c020.jpg,1062,20,020.Yellow_breasted_Chat,020.Yellow_breasted_Chat/Yellow_Breasted_Chat_0063_21783.jpg
image_001063_c020.jpg,1063,20,020.Yellow_breasted_Chat,020.Yellow_breasted_Chat/Yellow_Breasted_Chat_0109_21796.jpg
image_001064_c020.jpg,1064,20,020.Yellow_breasted_Chat,020.Yellow_breasted_Chat/Yellow_Breasted_Chat_0048_21797.jpg
image_001065_c020.jpg,1065,20,020.Yellow_breasted_Chat,020.Yellow_breasted_Chat/Yellow_Breasted_Chat_0089_21804.jpg
image_001066_c020.jpg,1066,20,020.Yellow_breasted_Chat,020.Yellow_breasted_Chat/Yellow_Breasted_Chat_0011_21820.jpg
image_001067_c020.jpg,1067,20,020.Yellow_breasted_Chat,020.Yellow_breasted_Chat/Yellow_Breasted_Chat_0032_21823.jpg
image_001068_c020.jpg,1068,20,020.Yellow_breasted_Chat,020.Yellow_breasted_Chat/Yellow_Breasted_Chat_0084_22082.jpg
image_001069_c020.jpg,1069,20,020.Yellow_breasted_Chat,020.Yellow_breasted_Chat/Yellow_Breasted_Chat_0005_21828.jpg
image_001070_c020.jpg,1070,20,020.Yellow_breasted_Chat,020.Yellow_breasted_Chat/Yellow_Breasted_Chat_0072_21830.jpg
image_001071_c020.jpg,1071,20,020.Yellow_breasted_Chat,020.Yellow_breasted_Chat/Yellow_Breasted_Chat_0095_21832.jpg
image_001072_c020.jpg,1072,20,020.Yellow_breasted_Chat,020.Yellow_breasted_Chat/Yellow_Breasted_Chat_0066_21839.jpg
image_001073_c020.jpg,1073,20,020.Yellow_breasted_Chat,020.Yellow_breasted_Chat/Yellow_Breasted_Chat_0026_21845.jpg
image_001074_c020.jpg,1074,20,020.Yellow_breasted_Chat,020.Yellow_breasted_Chat/Yellow_Breasted_Chat_0044_22106.jpg
image_001075_c020.jpg,1075,20,020.Yellow_breasted_Chat,020.Yellow_breasted_Chat/Yellow_Breasted_Chat_0091_22111.jpg
image_001076_c020.jpg,1076,20,020.Yellow_breasted_Chat,020.Yellow_breasted_Chat/Yellow_Breasted_Chat_0008_21856.jpg
image_001077_c020.jpg,1077,20,020.Yellow_breasted_Chat,020.Yellow_breasted_Chat/Yellow_Breasted_Chat_0002_21819.jpg
image_001078_c020.jpg,1078,20,020.Yellow_breasted_Chat,020.Yellow_breasted_Chat/Yellow_Breasted_Chat_0068_21860.jpg
image_001079_c020.jpg,1079,20,020.Yellow_breasted_Chat,020.Yellow_breasted_Chat/Yellow_Breasted_Chat_0058_21864.jpg
image_001080_c020.jpg,1080,20,020.Yellow_breasted_Chat,020.Yellow_breasted_Chat/Yellow_Breasted_Chat_0052_21866.jpg
image_001081_c020.jpg,1081,20,020.Yellow_breasted_Chat,020.Yellow_breasted_Chat/Yellow_Breasted_Chat_0035_21870.jpg
image_001082_c020.jpg,1082,20,020.Yellow_breasted_Chat,020.Yellow_breasted_Chat/Yellow_Breasted_Chat_0110_21871.jpg
image_001083_c020.jpg,1083,20,020.Yellow_breasted_Chat,020.Yellow_breasted_Chat/Yellow_Breasted_Chat_0071_22129.jpg
image_001084_c020.jpg,1084,20,020.Yellow_breasted_Chat,020.Yellow_breasted_Chat/Yellow_Breasted_Chat_0086_21877.jpg
image_001085_c020.jpg,1085,20,020.Yellow_breasted_Chat,020.Yellow_breasted_Chat/Yellow_Breasted_Chat_0065_22137.jpg
image_001086_c020.jpg,1086,20,020.Yellow_breasted_Chat,020.Yellow_breasted_Chat/Yellow_Breasted_Chat_0085_21899.jpg
image_001087_c020.jpg,1087,20,020.Yellow_breasted_Chat,020.Yellow_breasted_Chat/Yellow_Breasted_Chat_0039_21654.jpg
image_001088_c020.jpg,1088,20,020.Yellow_breasted_Chat,020.Yellow_breasted_Chat/Yellow_Breasted_Chat_0100_21913.jpg
image_001089_c020.jpg,1089,20,020.Yellow_breasted_Chat,020.Yellow_breasted_Chat/Yellow_Breasted_Chat_0081_21829.jpg
image_001090_c020.jpg,1090,20,020.Yellow_breasted_Chat,020.Yellow_breasted_Chat/Yellow_Breasted_Chat_0023_21664.jpg
image_001091_c020.jpg,1091,20,020.Yellow_breasted_Chat,020.Yellow_breasted_Chat/Yellow_Breasted_Chat_0103_21670.jpg
image_001092_c020.jpg,1092,20,020.Yellow_breasted_Chat,020.Yellow_breasted_Chat/Yellow_Breasted_Chat_0001_21928.jpg
image_001093_c020.jpg,1093,20,020.Yellow_breasted_Chat,020.Yellow_breasted_Chat/Yellow_Breasted_Chat_0062_21673.jpg
image_001094_c020.jpg,1094,20,020.Yellow_breasted_Chat,020.Yellow_breasted_Chat/Yellow_Breasted_Chat_0101_21677.jpg
image_001095_c020.jpg,1095,20,020.Yellow_breasted_Chat,020.Yellow_breasted_Chat/Yellow_Breasted_Chat_0041_21683.jpg
image_001096_c020.jpg,1096,20,020.Yellow_breasted_Chat,020.Yellow_breasted_Chat/Yellow_Breasted_Chat_0088_21686.jpg
image_001097_c020.jpg,1097,20,020.Yellow_breasted_Chat,020.Yellow_breasted_Chat/Yellow_Breasted_Chat_0022_21944.jpg
image_001098_c020.jpg,1098,20,020.Yellow_breasted_Chat,020.Yellow_breasted_Chat/Yellow_Breasted_Chat_0094_21693.jpg
image_001099_c020.jpg,1099,20,020.Yellow_breasted_Chat,020.Yellow_breasted_Chat/Yellow_Breasted_Chat_0087_21695.jpg
image_001100_c020.jpg,1100,20,020.Yellow_breasted_Chat,020.Yellow_breasted_Chat/Yellow_Breasted_Chat_0102_21696.jpg
image_001101_c020.jpg,1101,20,020.Yellow_breasted_Chat,020.Yellow_breasted_Chat/Yellow_Breasted_Chat_0107_21698.jpg
image_001102_c020.jpg,1102,20,020.Yellow_breasted_Chat,020.Yellow_breasted_Chat/Yellow_Breasted_Chat_0034_21955.jpg
image_001103_c020.jpg,1103,20,020.Yellow_breasted_Chat,020.Yellow_breasted_Chat/Yellow_Breasted_Chat_0012_21961.jpg
image_001104_c020.jpg,1104,20,020.Yellow_breasted_Chat,020.Yellow_breasted_Chat/Yellow_Breasted_Chat_0030_21964.jpg
image_001105_c020.jpg,1105,20,020.Yellow_breasted_Chat,020.Yellow_breasted_Chat/Yellow_Breasted_Chat_0061_21967.jpg
image_001106_c020.jpg,1106,20,020.Yellow_breasted_Chat,020.Yellow_breasted_Chat/Yellow_Breasted_Chat_0105_21714.jpg
image_001107_c020.jpg,1107,20,020.Yellow_breasted_Chat,020.Yellow_breasted_Chat/Yellow_Breasted_Chat_0075_21715.jpg
image_001108_c020.jpg,1108,20,020.Yellow_breasted_Chat,020.Yellow_breasted_Chat/Yellow_Breasted_Chat_0017_21719.jpg
image_001109_c020.jpg,1109,20,020.Yellow_breasted_Chat,020.Yellow_breasted_Chat/Yellow_Breasted_Chat_0079_21978.jpg
image_001110_c020.jpg,1110,20,020.Yellow_breasted_Chat,020.Yellow_breasted_Chat/Yellow_Breasted_Chat_0077_21986.jpg
image_001111_c020.jpg,1111,20,020.Yellow_breasted_Chat,020.Yellow_breasted_Chat/Yellow_Breasted_Chat_0098_21987.jpg
image_001112_c020.jpg,1112,20,020.Yellow_breasted_Chat,020.Yellow_breasted_Chat/Yellow_Breasted_Chat_0014_21970.jpg
image_001113_c020.jpg,1113,20,020.Yellow_breasted_Chat,020.Yellow_breasted_Chat/Yellow_Breasted_Chat_0033_21873.jpg
image_001114_c020.jpg,1114,20,020.Yellow_breasted_Chat,020.Yellow_breasted_Chat/Yellow_Breasted_Chat_0097_21748.jpg
image_001115_c020.jpg,1115,20,020.Yellow_breasted_Chat,020.Yellow_breasted_Chat/Yellow_Breasted_Chat_0013_22008.jpg
image_001116_c021.jpg,1116,21,021.Eastern_Towhee,021.Eastern_Towhee/Eastern_Towhee_0122_22538.jpg
image_001117_c021.jpg,1117,21,021.Eastern_Towhee,021.Eastern_Towhee/Eastern_Towhee_0018_22546.jpg
image_001118_c021.jpg,1118,21,021.Eastern_Towhee,021.Eastern_Towhee/Eastern_Towhee_0110_22549.jpg
image_001119_c021.jpg,1119,21,021.Eastern_Towhee,021.Eastern_Towhee/Eastern_Towhee_0048_22557.jpg
image_001120_c021.jpg,1120,21,021.Eastern_Towhee,021.Eastern_Towhee/Eastern_Towhee_0052_22558.jpg
image_001121_c021.jpg,1121,21,021.Eastern_Towhee,021.Eastern_Towhee/Eastern_Towhee_0101_22559.jpg
image_001122_c021.jpg,1122,21,021.Eastern_Towhee,021.Eastern_Towhee/Eastern_Towhee_0099_22566.jpg
image_001123_c021.jpg,1123,21,021.Eastern_Towhee,021.Eastern_Towhee/Eastern_Towhee_0068_22194.jpg
image_001124_c021.jpg,1124,21,021.Eastern_Towhee,021.Eastern_Towhee/Eastern_Towhee_0097_22580.jpg
image_001125_c021.jpg,1125,21,021.Eastern_Towhee,021.Eastern_Towhee/Eastern_Towhee_0124_22585.jpg
image_001126_c021.jpg,1126,21,021.Eastern_Towhee,021.Eastern_Towhee/Eastern_Towhee_0075_22588.jpg
image_001127_c021.jpg,1127,21,021.Eastern_Towhee,021.Eastern_Towhee/Eastern_Towhee_0095_22594.jpg
image_001128_c021.jpg,1128,21,021.Eastern_Towhee,021.Eastern_Towhee/Eastern_Towhee_0086_22611.jpg
image_001129_c021.jpg,1129,21,021.Eastern_Towhee,021.Eastern_Towhee/Eastern_Towhee_0074_22620.jpg
image_001130_c021.jpg,1130,21,021.Eastern_Towhee,021.Eastern_Towhee/Eastern_Towhee_0093_22621.jpg
image_001131_c021.jpg,1131,21,021.Eastern_Towhee,021.Eastern_Towhee/Eastern_Towhee_0053_22623.jpg
image_001132_c021.jpg,1132,21,021.Eastern_Towhee,021.Eastern_Towhee/Eastern_Towhee_0134_22624.jpg
image_001133_c021.jpg,1133,21,021.Eastern_Towhee,021.Eastern_Towhee/Eastern_Towhee_0091_22629.jpg
image_001134_c021.jpg,1134,21,021.Eastern_Towhee,021.Eastern_Towhee/Eastern_Towhee_0126_22639.jpg
image_001135_c021.jpg,1135,21,021.Eastern_Towhee,021.Eastern_Towhee/Eastern_Towhee_0064_22649.jpg
image_001136_c021.jpg,1136,21,021.Eastern_Towhee,021.Eastern_Towhee/Eastern_Towhee_0017_22138.jpg
image_001137_c021.jpg,1137,21,021.Eastern_Towhee,021.Eastern_Towhee/Eastern_Towhee_0020_22141.jpg
image_001138_c021.jpg,1138,21,021.Eastern_Towhee,021.Eastern_Towhee/Eastern_Towhee_0067_22142.jpg
image_001139_c021.jpg,1139,21,021.Eastern_Towhee,021.Eastern_Towhee/Eastern_Towhee_0054_22147.jpg
image_001140_c021.jpg,1140,21,021.Eastern_Towhee,021.Eastern_Towhee/Eastern_Towhee_0021_22152.jpg
image_001141_c021.jpg,1141,21,021.Eastern_Towhee,021.Eastern_Towhee/Eastern_Towhee_0042_22155.jpg
image_001142_c021.jpg,1142,21,021.Eastern_Towhee,021.Eastern_Towhee/Eastern_Towhee_0085_22674.jpg
image_001143_c021.jpg,1143,21,021.Eastern_Towhee,021.Eastern_Towhee/Eastern_Towhee_0105_22675.jpg
image_001144_c021.jpg,1144,21,021.Eastern_Towhee,021.Eastern_Towhee/Eastern_Towhee_0098_22676.jpg
image_001145_c021.jpg,1145,21,021.Eastern_Towhee,021.Eastern_Towhee/Eastern_Towhee_0111_22168.jpg
image_001146_c021.jpg,1146,21,021.Eastern_Towhee,021.Eastern_Towhee/Eastern_Towhee_0007_22172.jpg
image_001147_c021.jpg,1147,21,021.Eastern_Towhee,021.Eastern_Towhee/Eastern_Towhee_0030_22693.jpg
image_001148_c021.jpg,1148,21,021.Eastern_Towhee,021.Eastern_Towhee/Eastern_Towhee_0108_22182.jpg
image_001149_c021.jpg,1149,21,021.Eastern_Towhee,021.Eastern_Towhee/Eastern_Towhee_0120_22189.jpg
image_001150_c021.jpg,1150,21,021.Eastern_Towhee,021.Eastern_Towhee/Eastern_Towhee_0125_22220.jpg
image_001151_c021.jpg,1151,21,021.Eastern_Towhee,021.Eastern_Towhee/Eastern_Towhee_0035_22223.jpg
image_001152_c021.jpg,1152,21,021.Eastern_Towhee,021.Eastern_Towhee/Eastern_Towhee_0117_22741.jpg
image_001153_c021.jpg,1153,21,021.Eastern_Towhee,021.Eastern_Towhee/Eastern_Towhee_0112_22231.jpg
image_001154_c021.jpg,1154,21,021.Eastern_Towhee,021.Eastern_Towhee/Eastern_Towhee_0031_22233.jpg
image_001155_c021.jpg,1155,21,021.Eastern_Towhee,021.Eastern_Towhee/Eastern_Towhee_0073_22247.jpg
image_001156_c021.jpg,1156,21,021.Eastern_Towhee,021.Eastern_Towhee/Eastern_Towhee_0050_22257.jpg
image_001157_c021.jpg,1157,21,021.Eastern_Towhee,021.Eastern_Towhee/Eastern_Towhee_0090_22273.jpg
image_001158_c021.jpg,1158,21,021.Eastern_Towhee,021.Eastern_Towhee/Eastern_Towhee_0015_22275.jpg
image_001159_c021.jpg,1159,21,021.Eastern_Towhee,021.Eastern_Towhee/Eastern_Towhee_0022_22279.jpg
image_001160_c021.jpg,1160,21,021.Eastern_Towhee,021.Eastern_Towhee/Eastern_Towhee_0080_22303.jpg
image_001161_c021.jpg,1161,21,021.Eastern_Towhee,021.Eastern_Towhee/Eastern_Towhee_0115_22304.jpg
image_001162_c021.jpg,1162,21,021.Eastern_Towhee,021.Eastern_Towhee/Eastern_Towhee_0001_22314.jpg
image_001163_c021.jpg,1163,21,021.Eastern_Towhee,021.Eastern_Towhee/Eastern_Towhee_0002_22318.jpg
image_001164_c021.jpg,1164,21,021.Eastern_Towhee,021.Eastern_Towhee/Eastern_Towhee_0121_22319.jpg
image_001165_c021.jpg,1165,21,021.Eastern_Towhee,021.Eastern_Towhee/Eastern_Towhee_0082_22330.jpg
image_001166_c021.jpg,1166,21,021.Eastern_Towhee,021.Eastern_Towhee/Eastern_Towhee_0013_22336.jpg
image_001167_c021.jpg,1167,21,021.Eastern_Towhee,021.Eastern_Towhee/Eastern_Towhee_0040_22341.jpg
image_001168_c021.jpg,1168,21,021.Eastern_Towhee,021.Eastern_Towhee/Eastern_Towhee_0049_22357.jpg
image_001169_c021.jpg,1169,21,021.Eastern_Towhee,021.Eastern_Towhee/Eastern_Towhee_0129_22358.jpg
image_001170_c021.jpg,1170,21,021.Eastern_Towhee,021.Eastern_Towhee/Eastern_Towhee_0014_22367.jpg
image_001171_c021.jpg,1171,21,021.Eastern_Towhee,021.Eastern_Towhee/Eastern_Towhee_0027_22372.jpg
image_001172_c021.jpg,1172,21,021.Eastern_Towhee,021.Eastern_Towhee/Eastern_Towhee_0024_22382.jpg
image_001173_c021.jpg,1173,21,021.Eastern_Towhee,021.Eastern_Towhee/Eastern_Towhee_0038_22399.jpg
image_001174_c021.jpg,1174,21,021.Eastern_Towhee,021.Eastern_Towhee/Eastern_Towhee_0062_22418.jpg
image_001175_c021.jpg,1175,21,021.Eastern_Towhee,021.Eastern_Towhee/Eastern_Towhee_0079_22690.jpg
image_001176_c022.jpg,1176,22,022.Chuck_will_Widow,022.Chuck_will_Widow/Chuck_Will_Widow_0033_22792.jpg
image_001177_c022.jpg,1177,22,022.Chuck_will_Widow,022.Chuck_will_Widow/Chuck_Will_Widow_0045_22798.jpg
image_001178_c022.jpg,1178,22,022.Chuck_will_Widow,022.Chuck_will_Widow/Chuck_Will_Widow_0032_22802.jpg
image_001179_c022.jpg,1179,22,022.Chuck_will_Widow,022.Chuck_will_Widow/Chuck_Will_Widow_0019_22806.jpg
image_001180_c022.jpg,1180,22,022.Chuck_will_Widow,022.Chuck_will_Widow/Chuck_Will_Widow_0021_796952.jpg
image_001181_c022.jpg,1181,22,022.Chuck_will_Widow,022.Chuck_will_Widow/Chuck_Will_Widow_0053_796953.jpg
image_001182_c022.jpg,1182,22,022.Chuck_will_Widow,022.Chuck_will_Widow/Chuck_Will_Widow_0011_796954.jpg
image_001183_c022.jpg,1183,22,022.Chuck_will_Widow,022.Chuck_will_Widow/Chuck_Will_Widow_0009_796955.jpg
image_001184_c022.jpg,1184,22,022.Chuck_will_Widow,022.Chuck_will_Widow/Chuck_Will_Widow_0012_796956.jpg
image_001185_c022.jpg,1185,22,022.Chuck_will_Widow,022.Chuck_will_Widow/Chuck_Will_Widow_0004_796957.jpg
image_001186_c022.jpg,1186,22,022.Chuck_will_Widow,022.Chuck_will_Widow/Chuck_Will_Widow_0007_796958.jpg
image_001187_c022.jpg,1187,22,022.Chuck_will_Widow,022.Chuck_will_Widow/Chuck_Will_Widow_0002_796959.jpg
image_001188_c022.jpg,1188,22,022.Chuck_will_Widow,022.Chuck_will_Widow/Chuck_Will_Widow_0017_796960.jpg
image_001189_c022.jpg,1189,22,022.Chuck_will_Widow,022.Chuck_will_Widow/Chuck_Will_Widow_0037_796961.jpg
image_001190_c022.jpg,1190,22,022.Chuck_will_Widow,022.Chuck_will_Widow/Chuck_Will_Widow_0015_796962.jpg
image_001191_c022.jpg,1191,22,022.Chuck_will_Widow,022.Chuck_will_Widow/Chuck_Will_Widow_0026_796963.jpg
image_001192_c022.jpg,1192,22,022.Chuck_will_Widow,022.Chuck_will_Widow/Chuck_Will_Widow_0010_796964.jpg
image_001193_c022.jpg,1193,22,022.Chuck_will_Widow,022.Chuck_will_Widow/Chuck_Will_Widow_0020_796965.jpg
image_001194_c022.jpg,1194,22,022.Chuck_will_Widow,022.Chuck_will_Widow/Chuck_Will_Widow_0046_796966.jpg
image_001195_c022.jpg,1195,22,022.Chuck_will_Widow,022.Chuck_will_Widow/Chuck_Will_Widow_0022_796967.jpg
image_001196_c022.jpg,1196,22,022.Chuck_will_Widow,022.Chuck_will_Widow/Chuck_Will_Widow_0008_796968.jpg
image_001197_c022.jpg,1197,22,022.Chuck_will_Widow,022.Chuck_will_Widow/Chuck_Will_Widow_0034_796969.jpg
image_001198_c022.jpg,1198,22,022.Chuck_will_Widow,022.Chuck_will_Widow/Chuck_Will_Widow_0057_796970.jpg
image_001199_c022.jpg,1199,22,022.Chuck_will_Widow,022.Chuck_will_Widow/Chuck_Will_Widow_0047_796971.jpg
image_001200_c022.jpg,1200,22,022.Chuck_will_Widow,022.Chuck_will_Widow/Chuck_Will_Widow_0025_796972.jpg
image_001201_c022.jpg,1201,22,022.Chuck_will_Widow,022.Chuck_will_Widow/Chuck_Will_Widow_0055_796973.jpg
image_001202_c022.jpg,1202,22,022.Chuck_will_Widow,022.Chuck_will_Widow/Chuck_Will_Widow_0016_796974.jpg
image_001203_c022.jpg,1203,22,022.Chuck_will_Widow,022.Chuck_will_Widow/Chuck_Will_Widow_0001_796975.jpg
image_001204_c022.jpg,1204,22,022.Chuck_will_Widow,022.Chuck_will_Widow/Chuck_Will_Widow_0040_796976.jpg
image_001205_c022.jpg,1205,22,022.Chuck_will_Widow,022.Chuck_will_Widow/Chuck_Will_Widow_0003_796977.jpg
image_001206_c022.jpg,1206,22,022.Chuck_will_Widow,022.Chuck_will_Widow/Chuck_Will_Widow_0027_796978.jpg
image_001207_c022.jpg,1207,22,022.Chuck_will_Widow,022.Chuck_will_Widow/Chuck_Will_Widow_0023_796979.jpg
image_001208_c022.jpg,1208,22,022.Chuck_will_Widow,022.Chuck_will_Widow/Chuck_Will_Widow_0018_796980.jpg
image_001209_c022.jpg,1209,22,022.Chuck_will_Widow,022.Chuck_will_Widow/Chuck_Will_Widow_0031_796981.jpg
image_001210_c022.jpg,1210,22,022.Chuck_will_Widow,022.Chuck_will_Widow/Chuck_Will_Widow_0059_796982.jpg
image_001211_c022.jpg,1211,22,022.Chuck_will_Widow,022.Chuck_will_Widow/Chuck_Will_Widow_0042_796983.jpg
image_001212_c022.jpg,1212,22,022.Chuck_will_Widow,022.Chuck_will_Widow/Chuck_Will_Widow_0052_796984.jpg
image_001213_c022.jpg,1213,22,022.Chuck_will_Widow,022.Chuck_will_Widow/Chuck_Will_Widow_0035_796985.jpg
image_001214_c022.jpg,1214,22,022.Chuck_will_Widow,022.Chuck_will_Widow/Chuck_Will_Widow_0006_796986.jpg
image_001215_c022.jpg,1215,22,022.Chuck_will_Widow,022.Chuck_will_Widow/Chuck_Will_Widow_0014_796987.jpg
image_001216_c022.jpg,1216,22,022.Chuck_will_Widow,022.Chuck_will_Widow/Chuck_Will_Widow_0028_796988.jpg
image_001217_c022.jpg,1217,22,022.Chuck_will_Widow,022.Chuck_will_Widow/Chuck_Will_Widow_0038_796989.jpg
image_001218_c022.jpg,1218,22,022.Chuck_will_Widow,022.Chuck_will_Widow/Chuck_Will_Widow_0051_796991.jpg
image_001219_c022.jpg,1219,22,022.Chuck_will_Widow,022.Chuck_will_Widow/Chuck_Will_Widow_0024_796993.jpg
image_001220_c022.jpg,1220,22,022.Chuck_will_Widow,022.Chuck_will_Widow/Chuck_Will_Widow_0030_796994.jpg
image_001221_c022.jpg,1221,22,022.Chuck_will_Widow,022.Chuck_will_Widow/Chuck_Will_Widow_0048_796995.jpg
image_001222_c022.jpg,1222,22,022.Chuck_will_Widow,022.Chuck_will_Widow/Chuck_Will_Widow_0056_796996.jpg
image_001223_c022.jpg,1223,22,022.Chuck_will_Widow,022.Chuck_will_Widow/Chuck_Will_Widow_0041_796997.jpg
image_001224_c022.jpg,1224,22,022.Chuck_will_Widow,022.Chuck_will_Widow/Chuck_Will_Widow_0005_796998.jpg
image_001225_c022.jpg,1225,22,022.Chuck_will_Widow,022.Chuck_will_Widow/Chuck_Will_Widow_0058_796999.jpg
image_001226_c022.jpg,1226,22,022.Chuck_will_Widow,022.Chuck_will_Widow/Chuck_Will_Widow_0039_797000.jpg
image_001227_c022.jpg,1227,22,022.Chuck_will_Widow,022.Chuck_will_Widow/Chuck_Will_Widow_0043_797001.jpg
image_001228_c022.jpg,1228,22,022.Chuck_will_Widow,022.Chuck_will_Widow/Chuck_Will_Widow_0049_22747.jpg
image_001229_c022.jpg,1229,22,022.Chuck_will_Widow,022.Chuck_will_Widow/Chuck_Will_Widow_0050_22750.jpg
image_001230_c022.jpg,1230,22,022.Chuck_will_Widow,022.Chuck_will_Widow/Chuck_Will_Widow_0029_22751.jpg
image_001231_c022.jpg,1231,22,022.Chuck_will_Widow,022.Chuck_will_Widow/Chuck_Will_Widow_0054_22782.jpg
image_001232_c023.jpg,1232,23,023.Brandt_Cormorant,023.Brandt_Cormorant/Brandt_Cormorant_0029_23043.jpg
image_001233_c023.jpg,1233,23,023.Brandt_Cormorant,023.Brandt_Cormorant/Brandt_Cormorant_0014_23050.jpg
image_001234_c023.jpg,1234,23,023.Brandt_Cormorant,023.Brandt_Cormorant/Brandt_Cormorant_0019_23058.jpg
image_001235_c023.jpg,1235,23,023.Brandt_Cormorant,023.Brandt_Cormorant/Brandt_Cormorant_0092_23061.jpg
image_001236_c023.jpg,1236,23,023.Brandt_Cormorant,023.Brandt_Cormorant/Brandt_Cormorant_0072_23069.jpg
image_001237_c023.jpg,1237,23,023.Brandt_Cormorant,023.Brandt_Cormorant/Brandt_Cormorant_0002_23072.jpg
image_001238_c023.jpg,1238,23,023.Brandt_Cormorant,023.Brandt_Cormorant/Brandt_Cormorant_0025_22820.jpg
image_001239_c023.jpg,1239,23,023.Brandt_Cormorant,023.Brandt_Cormorant/Brandt_Cormorant_0016_23077.jpg
image_001240_c023.jpg,1240,23,023.Brandt_Cormorant,023.Brandt_Cormorant/Brandt_Cormorant_0018_23090.jpg
image_001241_c023.jpg,1241,23,023.Brandt_Cormorant,023.Brandt_Cormorant/Brandt_Cormorant_0067_23352.jpg
image_001242_c023.jpg,1242,23,023.Brandt_Cormorant,023.Brandt_Cormorant/Brandt_Cormorant_0021_23097.jpg
image_001243_c023.jpg,1243,23,023.Brandt_Cormorant,023.Brandt_Cormorant/Brandt_Cormorant_0052_23356.jpg
image_001244_c023.jpg,1244,23,023.Brandt_Cormorant,023.Brandt_Cormorant/Brandt_Cormorant_0064_22849.jpg
image_001245_c023.jpg,1245,23,023.Brandt_Cormorant,023.Brandt_Cormorant/Brandt_Cormorant_0038_23110.jpg
image_001246_c023.jpg,1246,23,023.Brandt_Cormorant,023.Brandt_Cormorant/Brandt_Cormorant_0074_22881.jpg
image_001247_c023.jpg,1247,23,023.Brandt_Cormorant,023.Brandt_Cormorant/Brandt_Cormorant_0065_23118.jpg
image_001248_c023.jpg,1248,23,023.Brandt_Cormorant,023.Brandt_Cormorant/Brandt_Cormorant_0087_23126.jpg
image_001249_c023.jpg,1249,23,023.Brandt_Cormorant,023.Brandt_Cormorant/Brandt_Cormorant_0079_22874.jpg
image_001250_c023.jpg,1250,23,023.Brandt_Cormorant,023.Brandt_Cormorant/Brandt_Cormorant_0013_23391.jpg
image_001251_c023.jpg,1251,23,023.Brandt_Cormorant,023.Brandt_Cormorant/Brandt_Cormorant_0070_23137.jpg
image_001252_c023.jpg,1252,23,023.Brandt_Cormorant,023.Brandt_Cormorant/Brandt_Cormorant_0044_22884.jpg
image_001253_c023.jpg,1253,23,023.Brandt_Cormorant,023.Brandt_Cormorant/Brandt_Cormorant_0017_23141.jpg
image_001254_c023.jpg,1254,23,023.Brandt_Cormorant,023.Brandt_Cormorant/Brandt_Cormorant_0001_23398.jpg
image_001255_c023.jpg,1255,23,023.Brandt_Cormorant,023.Brandt_Cormorant/Brandt_Cormorant_0040_23144.jpg
image_001256_c023.jpg,1256,23,023.Brandt_Cormorant,023.Brandt_Cormorant/Brandt_Cormorant_0009_22890.jpg
image_001257_c023.jpg,1257,23,023.Brandt_Cormorant,023.Brandt_Cormorant/Brandt_Cormorant_0028_22892.jpg
image_001258_c023.jpg,1258,23,023.Brandt_Cormorant,023.Brandt_Cormorant/Brandt_Cormorant_0042_23151.jpg
image_001259_c023.jpg,1259,23,023.Brandt_Cormorant,023.Brandt_Cormorant/Brandt_Cormorant_0083_23156.jpg
image_001260_c023.jpg,1260,23,023.Brandt_Cormorant,023.Brandt_Cormorant/Brandt_Cormorant_0022_23157.jpg
image_001261_c023.jpg,1261,23,023.Brandt_Cormorant,023.Brandt_Cormorant/Brandt_Cormorant_0061_22902.jpg
image_001262_c023.jpg,1262,23,023.Brandt_Cormorant,023.Brandt_Cormorant/Brandt_Cormorant_0026_22913.jpg
image_001263_c023.jpg,1263,23,023.Brandt_Cormorant,023.Brandt_Cormorant/Brandt_Cormorant_0045_22916.jpg
image_001264_c023.jpg,1264,23,023.Brandt_Cormorant,023.Brandt_Cormorant/Brandt_Cormorant_0003_22922.jpg
image_001265_c023.jpg,1265,23,023.Brandt_Cormorant,023.Brandt_Cormorant/Brandt_Cormorant_0049_22924.jpg
image_001266_c023.jpg,1266,23,023.Brandt_Cormorant,023.Brandt_Cormorant/Brandt_Cormorant_0030_22926.jpg
image_001267_c023.jpg,1267,23,023.Brandt_Cormorant,023.Brandt_Cormorant/Brandt_Cormorant_0007_22934.jpg
image_001268_c023.jpg,1268,23,023.Brandt_Cormorant,023.Brandt_Cormorant/Brandt_Cormorant_0036_22937.jpg
image_001269_c023.jpg,1269,23,023.Brandt_Cormorant,023.Brandt_Cormorant/Brandt_Cormorant_0091_22825.jpg
image_001270_c023.jpg,1270,23,023.Brandt_Cormorant,023.Brandt_Cormorant/Brandt_Cormorant_0015_23198.jpg
image_001271_c023.jpg,1271,23,023.Brandt_Cormorant,023.Brandt_Cormorant/Brandt_Cormorant_0039_22945.jpg
image_001272_c023.jpg,1272,23,023.Brandt_Cormorant,023.Brandt_Cormorant/Brandt_Cormorant_0078_23203.jpg
image_001273_c023.jpg,1273,23,023.Brandt_Cormorant,023.Brandt_Cormorant/Brandt_Cormorant_0053_22957.jpg
image_001274_c023.jpg,1274,23,023.Brandt_Cormorant,023.Brandt_Cormorant/Brandt_Cormorant_0075_22970.jpg
image_001275_c023.jpg,1275,23,023.Brandt_Cormorant,023.Brandt_Cormorant/Brandt_Cormorant_0033_22975.jpg
image_001276_c023.jpg,1276,23,023.Brandt_Cormorant,023.Brandt_Cormorant/Brandt_Cormorant_0082_22978.jpg
image_001277_c023.jpg,1277,23,023.Brandt_Cormorant,023.Brandt_Cormorant/Brandt_Cormorant_0032_22886.jpg
image_001278_c023.jpg,1278,23,023.Brandt_Cormorant,023.Brandt_Cormorant/Brandt_Cormorant_0006_22925.jpg
image_001279_c023.jpg,1279,23,023.Brandt_Cormorant,023.Brandt_Cormorant/Brandt_Cormorant_0023_23254.jpg
image_001280_c023.jpg,1280,23,023.Brandt_Cormorant,023.Brandt_Cormorant/Brandt_Cormorant_0035_23000.jpg
image_001281_c023.jpg,1281,23,023.Brandt_Cormorant,023.Brandt_Cormorant/Brandt_Cormorant_0088_22948.jpg
image_001282_c023.jpg,1282,23,023.Brandt_Cormorant,023.Brandt_Cormorant/Brandt_Cormorant_0080_23002.jpg
image_001283_c023.jpg,1283,23,023.Brandt_Cormorant,023.Brandt_Cormorant/Brandt_Cormorant_0073_23259.jpg
image_001284_c023.jpg,1284,23,023.Brandt_Cormorant,023.Brandt_Cormorant/Brandt_Cormorant_0071_23007.jpg
image_001285_c023.jpg,1285,23,023.Brandt_Cormorant,023.Brandt_Cormorant/Brandt_Cormorant_0084_23265.jpg
image_001286_c023.jpg,1286,23,023.Brandt_Cormorant,023.Brandt_Cormorant/Brandt_Cormorant_0063_22865.jpg
image_001287_c023.jpg,1287,23,023.Brandt_Cormorant,023.Brandt_Cormorant/Brandt_Cormorant_0068_23019.jpg
image_001288_c023.jpg,1288,23,023.Brandt_Cormorant,023.Brandt_Cormorant/Brandt_Cormorant_0076_23021.jpg
image_001289_c023.jpg,1289,23,023.Brandt_Cormorant,023.Brandt_Cormorant/Brandt_Cormorant_0047_23337.jpg
image_001290_c023.jpg,1290,23,023.Brandt_Cormorant,023.Brandt_Cormorant/Brandt_Cormorant_0062_23038.jpg
image_001291_c024.jpg,1291,24,024.Red_faced_Cormorant,024.Red_faced_Cormorant/Red_Faced_Cormorant_0053_796331.jpg
image_001292_c024.jpg,1292,24,024.Red_faced_Cormorant,024.Red_faced_Cormorant/Red_Faced_Cormorant_0026_796289.jpg
image_001293_c024.jpg,1293,24,024.Red_faced_Cormorant,024.Red_faced_Cormorant/Red_Faced_Cormorant_0021_796265.jpg
image_001294_c024.jpg,1294,24,024.Red_faced_Cormorant,024.Red_faced_Cormorant/Red_Faced_Cormorant_0072_796269.jpg
image_001295_c024.jpg,1295,24,024.Red_faced_Cormorant,024.Red_faced_Cormorant/Red_Faced_Cormorant_0003_796270.jpg
image_001296_c024.jpg,1296,24,024.Red_faced_Cormorant,024.Red_faced_Cormorant/Red_Faced_Cormorant_0040_796272.jpg
image_001297_c024.jpg,1297,24,024.Red_faced_Cormorant,024.Red_faced_Cormorant/Red_Faced_Cormorant_0069_796274.jpg
image_001298_c024.jpg,1298,24,024.Red_faced_Cormorant,024.Red_faced_Cormorant/Red_Faced_Cormorant_0002_796275.jpg
image_001299_c024.jpg,1299,24,024.Red_faced_Cormorant,024.Red_faced_Cormorant/Red_Faced_Cormorant_0050_796276.jpg
image_001300_c024.jpg,1300,24,024.Red_faced_Cormorant,024.Red_faced_Cormorant/Red_Faced_Cormorant_0042_796277.jpg
image_001301_c024.jpg,1301,24,024.Red_faced_Cormorant,024.Red_faced_Cormorant/Red_Faced_Cormorant_0013_796278.jpg
image_001302_c024.jpg,1302,24,024.Red_faced_Cormorant,024.Red_faced_Cormorant/Red_Faced_Cormorant_0049_796279.jpg
image_001303_c024.jpg,1303,24,024.Red_faced_Cormorant,024.Red_faced_Cormorant/Red_Faced_Cormorant_0007_796280.jpg
image_001304_c024.jpg,1304,24,024.Red_faced_Cormorant,024.Red_faced_Cormorant/Red_Faced_Cormorant_0063_796284.jpg
image_001305_c024.jpg,1305,24,024.Red_faced_Cormorant,024.Red_faced_Cormorant/Red_Faced_Cormorant_0024_796285.jpg
image_001306_c024.jpg,1306,24,024.Red_faced_Cormorant,024.Red_faced_Cormorant/Red_Faced_Cormorant_0057_796286.jpg
image_001307_c024.jpg,1307,24,024.Red_faced_Cormorant,024.Red_faced_Cormorant/Red_Faced_Cormorant_0034_23425.jpg
image_001308_c024.jpg,1308,24,024.Red_faced_Cormorant,024.Red_faced_Cormorant/Red_Faced_Cormorant_0065_796293.jpg
image_001309_c024.jpg,1309,24,024.Red_faced_Cormorant,024.Red_faced_Cormorant/Red_Faced_Cormorant_0035_796294.jpg
image_001310_c024.jpg,1310,24,024.Red_faced_Cormorant,024.Red_faced_Cormorant/Red_Faced_Cormorant_0048_796296.jpg
image_001311_c024.jpg,1311,24,024.Red_faced_Cormorant,024.Red_faced_Cormorant/Red_Faced_Cormorant_0056_796297.jpg
image_001312_c024.jpg,1312,24,024.Red_faced_Cormorant,024.Red_faced_Cormorant/Red_Faced_Cormorant_0061_796300.jpg
image_001313_c024.jpg,1313,24,024.Red_faced_Cormorant,024.Red_faced_Cormorant/Red_Faced_Cormorant_0054_796301.jpg
image_001314_c024.jpg,1314,24,024.Red_faced_Cormorant,024.Red_faced_Cormorant/Red_Faced_Cormorant_0037_796305.jpg
image_001315_c024.jpg,1315,24,024.Red_faced_Cormorant,024.Red_faced_Cormorant/Red_Faced_Cormorant_0025_796306.jpg
image_001316_c024.jpg,1316,24,024.Red_faced_Cormorant,024.Red_faced_Cormorant/Red_Faced_Cormorant_0015_796307.jpg
image_001317_c024.jpg,1317,24,024.Red_faced_Cormorant,024.Red_faced_Cormorant/Red_Faced_Cormorant_0039_796308.jpg
image_001318_c024.jpg,1318,24,024.Red_faced_Cormorant,024.Red_faced_Cormorant/Red_Faced_Cormorant_0046_23446.jpg
image_001319_c024.jpg,1319,24,024.Red_faced_Cormorant,024.Red_faced_Cormorant/Red_Faced_Cormorant_0038_796313.jpg
image_001320_c024.jpg,1320,24,024.Red_faced_Cormorant,024.Red_faced_Cormorant/Red_Faced_Cormorant_0009_796314.jpg
image_001321_c024.jpg,1321,24,024.Red_faced_Cormorant,024.Red_faced_Cormorant/Red_Faced_Cormorant_0058_796315.jpg
image_001322_c024.jpg,1322,24,024.Red_faced_Cormorant,024.Red_faced_Cormorant/Red_Faced_Cormorant_0052_796316.jpg
image_001323_c024.jpg,1323,24,024.Red_faced_Cormorant,024.Red_faced_Cormorant/Red_Faced_Cormorant_0020_796318.jpg
image_001324_c024.jpg,1324,24,024.Red_faced_Cormorant,024.Red_faced_Cormorant/Red_Faced_Cormorant_0070_796319.jpg
image_001325_c024.jpg,1325,24,024.Red_faced_Cormorant,024.Red_faced_Cormorant/Red_Faced_Cormorant_0068_796321.jpg
image_001326_c024.jpg,1326,24,024.Red_faced_Cormorant,024.Red_faced_Cormorant/Red_Faced_Cormorant_0028_796322.jpg
image_001327_c024.jpg,1327,24,024.Red_faced_Cormorant,024.Red_faced_Cormorant/Red_Faced_Cormorant_0017_796323.jpg
image_001328_c024.jpg,1328,24,024.Red_faced_Cormorant,024.Red_faced_Cormorant/Red_Faced_Cormorant_0045_796324.jpg
image_001329_c024.jpg,1329,24,024.Red_faced_Cormorant,024.Red_faced_Cormorant/Red_Faced_Cormorant_0030_796325.jpg
image_001330_c024.jpg,1330,24,024.Red_faced_Cormorant,024.Red_faced_Cormorant/Red_Faced_Cormorant_0001_796327.jpg
image_001331_c024.jpg,1331,24,024.Red_faced_Cormorant,024.Red_faced_Cormorant/Red_Faced_Cormorant_0064_23464.jpg
image_001332_c024.jpg,1332,24,024.Red_faced_Cormorant,024.Red_faced_Cormorant/Red_Faced_Cormorant_0036_796329.jpg
image_001333_c024.jpg,1333,24,024.Red_faced_Cormorant,024.Red_faced_Cormorant/Red_Faced_Cormorant_0047_796330.jpg
image_001334_c024.jpg,1334,24,024.Red_faced_Cormorant,024.Red_faced_Cormorant/Red_Faced_Cormorant_0073_796332.jpg
image_001335_c024.jpg,1335,24,024.Red_faced_Cormorant,024.Red_faced_Cormorant/Red_Faced_Cormorant_0066_796333.jpg
image_001336_c024.jpg,1336,24,024.Red_faced_Cormorant,024.Red_faced_Cormorant/Red_Faced_Cormorant_0032_796334.jpg
image_001337_c024.jpg,1337,24,024.Red_faced_Cormorant,024.Red_faced_Cormorant/Red_Faced_Cormorant_0062_796336.jpg
image_001338_c024.jpg,1338,24,024.Red_faced_Cormorant,024.Red_faced_Cormorant/Red_Faced_Cormorant_0033_796337.jpg
image_001339_c024.jpg,1339,24,024.Red_faced_Cormorant,024.Red_faced_Cormorant/Red_Faced_Cormorant_0027_23482.jpg
image_001340_c024.jpg,1340,24,024.Red_faced_Cormorant,024.Red_faced_Cormorant/Red_Faced_Cormorant_0060_23416.jpg
image_001341_c024.jpg,1341,24,024.Red_faced_Cormorant,024.Red_faced_Cormorant/Red_Faced_Cormorant_0010_23421.jpg
image_001342_c024.jpg,1342,24,024.Red_faced_Cormorant,024.Red_faced_Cormorant/Red_Faced_Cormorant_0023_796328.jpg
image_001343_c025.jpg,1343,25,025.Pelagic_Cormorant,025.Pelagic_Cormorant/Pelagic_Cormorant_0054_23812.jpg
image_001344_c025.jpg,1344,25,025.Pelagic_Cormorant,025.Pelagic_Cormorant/Pelagic_Cormorant_0083_23557.jpg
image_001345_c025.jpg,1345,25,025.Pelagic_Cormorant,025.Pelagic_Cormorant/Pelagic_Cormorant_0009_23561.jpg
image_001346_c025.jpg,1346,25,025.Pelagic_Cormorant,025.Pelagic_Cormorant/Pelagic_Cormorant_0012_23565.jpg
image_001347_c025.jpg,1347,25,025.Pelagic_Cormorant,025.Pelagic_Cormorant/Pelagic_Cormorant_0032_23570.jpg
image_001348_c025.jpg,1348,25,025.Pelagic_Cormorant,025.Pelagic_Cormorant/Pelagic_Cormorant_0070_23513.jpg
image_001349_c025.jpg,1349,25,025.Pelagic_Cormorant,025.Pelagic_Cormorant/Pelagic_Cormorant_0084_23836.jpg
image_001350_c025.jpg,1350,25,025.Pelagic_Cormorant,025.Pelagic_Cormorant/Pelagic_Cormorant_0063_23515.jpg
image_001351_c025.jpg,1351,25,025.Pelagic_Cormorant,025.Pelagic_Cormorant/Pelagic_Cormorant_0046_23588.jpg
image_001352_c025.jpg,1352,25,025.Pelagic_Cormorant,025.Pelagic_Cormorant/Pelagic_Cormorant_0036_23503.jpg
image_001353_c025.jpg,1353,25,025.Pelagic_Cormorant,025.Pelagic_Cormorant/Pelagic_Cormorant_0035_23849.jpg
image_001354_c025.jpg,1354,25,025.Pelagic_Cormorant,025.Pelagic_Cormorant/Pelagic_Cormorant_0088_23855.jpg
image_001355_c025.jpg,1355,25,025.Pelagic_Cormorant,025.Pelagic_Cormorant/Pelagic_Cormorant_0008_23602.jpg
image_001356_c025.jpg,1356,25,025.Pelagic_Cormorant,025.Pelagic_Cormorant/Pelagic_Cormorant_0071_23964.jpg
image_001357_c025.jpg,1357,25,025.Pelagic_Cormorant,025.Pelagic_Cormorant/Pelagic_Cormorant_0017_23875.jpg
image_001358_c025.jpg,1358,25,025.Pelagic_Cormorant,025.Pelagic_Cormorant/Pelagic_Cormorant_0062_23623.jpg
image_001359_c025.jpg,1359,25,025.Pelagic_Cormorant,025.Pelagic_Cormorant/Pelagic_Cormorant_0042_23522.jpg
image_001360_c025.jpg,1360,25,025.Pelagic_Cormorant,025.Pelagic_Cormorant/Pelagic_Cormorant_0085_23821.jpg
image_001361_c025.jpg,1361,25,025.Pelagic_Cormorant,025.Pelagic_Cormorant/Pelagic_Cormorant_0037_23889.jpg
image_001362_c025.jpg,1362,25,025.Pelagic_Cormorant,025.Pelagic_Cormorant/Pelagic_Cormorant_0080_23890.jpg
image_001363_c025.jpg,1363,25,025.Pelagic_Cormorant,025.Pelagic_Cormorant/Pelagic_Cormorant_0100_23894.jpg
image_001364_c025.jpg,1364,25,025.Pelagic_Cormorant,025.Pelagic_Cormorant/Pelagic_Cormorant_0092_23639.jpg
image_001365_c025.jpg,1365,25,025.Pelagic_Cormorant,025.Pelagic_Cormorant/Pelagic_Cormorant_0064_23641.jpg
image_001366_c025.jpg,1366,25,025.Pelagic_Cormorant,025.Pelagic_Cormorant/Pelagic_Cormorant_0038_23643.jpg
image_001367_c025.jpg,1367,25,025.Pelagic_Cormorant,025.Pelagic_Cormorant/Pelagic_Cormorant_0075_23645.jpg
image_001368_c025.jpg,1368,25,025.Pelagic_Cormorant,025.Pelagic_Cormorant/Pelagic_Cormorant_0011_23667.jpg
image_001369_c025.jpg,1369,25,025.Pelagic_Cormorant,025.Pelagic_Cormorant/Pelagic_Cormorant_0029_23545.jpg
image_001370_c025.jpg,1370,25,025.Pelagic_Cormorant,025.Pelagic_Cormorant/Pelagic_Cormorant_0055_23415.jpg
image_001371_c025.jpg,1371,25,025.Pelagic_Cormorant,025.Pelagic_Cormorant/Pelagic_Cormorant_0002_23680.jpg
image_001372_c025.jpg,1372,25,025.Pelagic_Cormorant,025.Pelagic_Cormorant/Pelagic_Cormorant_0003_23695.jpg
image_001373_c025.jpg,1373,25,025.Pelagic_Cormorant,025.Pelagic_Cormorant/Pelagic_Cormorant_0010_23711.jpg
image_001374_c025.jpg,1374,25,025.Pelagic_Cormorant,025.Pelagic_Cormorant/Pelagic_Cormorant_0024_23712.jpg
image_001375_c025.jpg,1375,25,025.Pelagic_Cormorant,025.Pelagic_Cormorant/Pelagic_Cormorant_0044_23536.jpg
image_001376_c025.jpg,1376,25,025.Pelagic_Cormorant,025.Pelagic_Cormorant/Pelagic_Cormorant_0049_23714.jpg
image_001377_c025.jpg,1377,25,025.Pelagic_Cormorant,025.Pelagic_Cormorant/Pelagic_Cormorant_0047_23718.jpg
image_001378_c025.jpg,1378,25,025.Pelagic_Cormorant,025.Pelagic_Cormorant/Pelagic_Cormorant_0086_23719.jpg
image_001379_c025.jpg,1379,25,025.Pelagic_Cormorant,025.Pelagic_Cormorant/Pelagic_Cormorant_0005_23720.jpg
image_001380_c025.jpg,1380,25,025.Pelagic_Cormorant,025.Pelagic_Cormorant/Pelagic_Cormorant_0093_23722.jpg
image_001381_c025.jpg,1381,25,025.Pelagic_Cormorant,025.Pelagic_Cormorant/Pelagic_Cormorant_0018_23880.jpg
image_001382_c025.jpg,1382,25,025.Pelagic_Cormorant,025.Pelagic_Cormorant/Pelagic_Cormorant_0030_23732.jpg
image_001383_c025.jpg,1383,25,025.Pelagic_Cormorant,025.Pelagic_Cormorant/Pelagic_Cormorant_0057_24002.jpg
image_001384_c025.jpg,1384,25,025.Pelagic_Cormorant,025.Pelagic_Cormorant/Pelagic_Cormorant_0053_23760.jpg
image_001385_c025.jpg,1385,25,025.Pelagic_Cormorant,025.Pelagic_Cormorant/Pelagic_Cormorant_0041_23763.jpg
image_001386_c025.jpg,1386,25,025.Pelagic_Cormorant,025.Pelagic_Cormorant/Pelagic_Cormorant_0016_23509.jpg
image_001387_c025.jpg,1387,25,025.Pelagic_Cormorant,025.Pelagic_Cormorant/Pelagic_Cormorant_0074_23511.jpg
image_001388_c025.jpg,1388,25,025.Pelagic_Cormorant,025.Pelagic_Cormorant/Pelagic_Cormorant_0082_23844.jpg
image_001389_c025.jpg,1389,25,025.Pelagic_Cormorant,025.Pelagic_Cormorant/Pelagic_Cormorant_0019_23546.jpg
image_001390_c025.jpg,1390,25,025.Pelagic_Cormorant,025.Pelagic_Cormorant/Pelagic_Cormorant_0096_23775.jpg
image_001391_c025.jpg,1391,25,025.Pelagic_Cormorant,025.Pelagic_Cormorant/Pelagic_Cormorant_0025_23776.jpg
image_001392_c025.jpg,1392,25,025.Pelagic_Cormorant,025.Pelagic_Cormorant/Pelagic_Cormorant_0102_23778.jpg
image_001393_c025.jpg,1393,25,025.Pelagic_Cormorant,025.Pelagic_Cormorant/Pelagic_Cormorant_0076_23523.jpg
image_001394_c025.jpg,1394,25,025.Pelagic_Cormorant,025.Pelagic_Cormorant/Pelagic_Cormorant_0098_23783.jpg
image_001395_c025.jpg,1395,25,025.Pelagic_Cormorant,025.Pelagic_Cormorant/Pelagic_Cormorant_0099_23784.jpg
image_001396_c025.jpg,1396,25,025.Pelagic_Cormorant,025.Pelagic_Cormorant/Pelagic_Cormorant_0073_23785.jpg
image_001397_c025.jpg,1397,25,025.Pelagic_Cormorant,025.Pelagic_Cormorant/Pelagic_Cormorant_0033_23530.jpg
image_001398_c025.jpg,1398,25,025.Pelagic_Cormorant,025.Pelagic_Cormorant/Pelagic_Cormorant_0026_23792.jpg
image_001399_c025.jpg,1399,25,025.Pelagic_Cormorant,025.Pelagic_Cormorant/Pelagic_Cormorant_0001_23538.jpg
image_001400_c025.jpg,1400,25,025.Pelagic_Cormorant,025.Pelagic_Cormorant/Pelagic_Cormorant_0014_23801.jpg
image_001401_c025.jpg,1401,25,025.Pelagic_Cormorant,025.Pelagic_Cormorant/Pelagic_Cormorant_0022_23802.jpg
image_001402_c025.jpg,1402,25,025.Pelagic_Cormorant,025.Pelagic_Cormorant/Pelagic_Cormorant_0061_23548.jpg
image_001403_c026.jpg,1403,26,026.Bronzed_Cowbird,026.Bronzed_Cowbird/Bronzed_Cowbird_0027_24022.jpg
image_001404_c026.jpg,1404,26,026.Bronzed_Cowbird,026.Bronzed_Cowbird/Bronzed_Cowbird_0057_24074.jpg
image_001405_c026.jpg,1405,26,026.Bronzed_Cowbird,026.Bronzed_Cowbird/Bronzed_Cowbird_0012_796247.jpg
image_001406_c026.jpg,1406,26,026.Bronzed_Cowbird,026.Bronzed_Cowbird/Bronzed_Cowbird_0055_24076.jpg
image_001407_c026.jpg,1407,26,026.Bronzed_Cowbird,026.Bronzed_Cowbird/Bronzed_Cowbird_0085_24152.jpg
image_001408_c026.jpg,1408,26,026.Bronzed_Cowbird,026.Bronzed_Cowbird/Bronzed_Cowbird_0060_24082.jpg
image_001409_c026.jpg,1409,26,026.Bronzed_Cowbird,026.Bronzed_Cowbird/Bronzed_Cowbird_0051_24083.jpg
image_001410_c026.jpg,1410,26,026.Bronzed_Cowbird,026.Bronzed_Cowbird/Bronzed_Cowbird_0030_24103.jpg
image_001411_c026.jpg,1411,26,026.Bronzed_Cowbird,026.Bronzed_Cowbird/Bronzed_Cowbird_0034_796209.jpg
image_001412_c026.jpg,1412,26,026.Bronzed_Cowbird,026.Bronzed_Cowbird/Bronzed_Cowbird_0091_796212.jpg
image_001413_c026.jpg,1413,26,026.Bronzed_Cowbird,026.Bronzed_Cowbird/Bronzed_Cowbird_0025_796213.jpg
image_001414_c026.jpg,1414,26,026.Bronzed_Cowbird,026.Bronzed_Cowbird/Bronzed_Cowbird_0092_796215.jpg
image_001415_c026.jpg,1415,26,026.Bronzed_Cowbird,026.Bronzed_Cowbird/Bronzed_Cowbird_0052_796216.jpg
image_001416_c026.jpg,1416,26,026.Bronzed_Cowbird,026.Bronzed_Cowbird/Bronzed_Cowbird_0046_796218.jpg
image_001417_c026.jpg,1417,26,026.Bronzed_Cowbird,026.Bronzed_Cowbird/Bronzed_Cowbird_0001_796219.jpg
image_001418_c026.jpg,1418,26,026.Bronzed_Cowbird,026.Bronzed_Cowbird/Bronzed_Cowbird_0089_796220.jpg
image_001419_c026.jpg,1419,26,026.Bronzed_Cowbird,026.Bronzed_Cowbird/Bronzed_Cowbird_0022_796221.jpg
image_001420_c026.jpg,1420,26,026.Bronzed_Cowbird,026.Bronzed_Cowbird/Bronzed_Cowbird_0056_796222.jpg
image_001421_c026.jpg,1421,26,026.Bronzed_Cowbird,026.Bronzed_Cowbird/Bronzed_Cowbird_0087_796223.jpg
image_001422_c026.jpg,1422,26,026.Bronzed_Cowbird,026.Bronzed_Cowbird/Bronzed_Cowbird_0043_796224.jpg
image_001423_c026.jpg,1423,26,026.Bronzed_Cowbird,026.Bronzed_Cowbird/Bronzed_Cowbird_0073_796226.jpg
image_001424_c026.jpg,1424,26,026.Bronzed_Cowbird,026.Bronzed_Cowbird/Bronzed_Cowbird_0013_24131.jpg
image_001425_c026.jpg,1425,26,026.Bronzed_Cowbird,026.Bronzed_Cowbird/Bronzed_Cowbird_0026_796229.jpg
image_001426_c026.jpg,1426,26,026.Bronzed_Cowbird,026.Bronzed_Cowbird/Bronzed_Cowbird_0040_24134.jpg
image_001427_c026.jpg,1427,26,026.Bronzed_Cowbird,026.Bronzed_Cowbird/Bronzed_Cowbird_0061_796232.jpg
image_001428_c026.jpg,1428,26,026.Bronzed_Cowbird,026.Bronzed_Cowbird/Bronzed_Cowbird_0032_796233.jpg
image_001429_c026.jpg,1429,26,026.Bronzed_Cowbird,026.Bronzed_Cowbird/Bronzed_Cowbird_0011_24138.jpg
image_001430_c026.jpg,1430,26,026.Bronzed_Cowbird,026.Bronzed_Cowbird/Bronzed_Cowbird_0076_796235.jpg
image_001431_c026.jpg,1431,26,026.Bronzed_Cowbird,026.Bronzed_Cowbird/Bronzed_Cowbird_0020_796237.jpg
image_001432_c026.jpg,1432,26,026.Bronzed_Cowbird,026.Bronzed_Cowbird/Bronzed_Cowbird_0062_796238.jpg
image_001433_c026.jpg,1433,26,026.Bronzed_Cowbird,026.Bronzed_Cowbird/Bronzed_Cowbird_0058_796239.jpg
image_001434_c026.jpg,1434,26,026.Bronzed_Cowbird,026.Bronzed_Cowbird/Bronzed_Cowbird_0010_24146.jpg
image_001435_c026.jpg,1435,26,026.Bronzed_Cowbird,026.Bronzed_Cowbird/Bronzed_Cowbird_0049_24147.jpg
image_001436_c026.jpg,1436,26,026.Bronzed_Cowbird,026.Bronzed_Cowbird/Bronzed_Cowbird_0002_796244.jpg
image_001437_c026.jpg,1437,26,026.Bronzed_Cowbird,026.Bronzed_Cowbird/Bronzed_Cowbird_0003_796246.jpg
image_001438_c026.jpg,1438,26,026.Bronzed_Cowbird,026.Bronzed_Cowbird/Bronzed_Cowbird_0008_796250.jpg
image_001439_c026.jpg,1439,26,026.Bronzed_Cowbird,026.Bronzed_Cowbird/Bronzed_Cowbird_0054_24159.jpg
image_001440_c026.jpg,1440,26,026.Bronzed_Cowbird,026.Bronzed_Cowbird/Bronzed_Cowbird_0029_796256.jpg
image_001441_c026.jpg,1441,26,026.Bronzed_Cowbird,026.Bronzed_Cowbird/Bronzed_Cowbird_0086_796259.jpg
image_001442_c026.jpg,1442,26,026.Bronzed_Cowbird,026.Bronzed_Cowbird/Bronzed_Cowbird_0078_796262.jpg
image_001443_c026.jpg,1443,26,026.Bronzed_Cowbird,026.Bronzed_Cowbird/Bronzed_Cowbird_0024_24167.jpg
image_001444_c026.jpg,1444,26,026.Bronzed_Cowbird,026.Bronzed_Cowbird/Bronzed_Cowbird_0053_24170.jpg
image_001445_c026.jpg,1445,26,026.Bronzed_Cowbird,026.Bronzed_Cowbird/Bronzed_Cowbird_0005_24173.jpg
image_001446_c026.jpg,1446,26,026.Bronzed_Cowbird,026.Bronzed_Cowbird/Bronzed_Cowbird_0082_24175.jpg
image_001447_c026.jpg,1447,26,026.Bronzed_Cowbird,026.Bronzed_Cowbird/Bronzed_Cowbird_0090_24179.jpg
image_001448_c026.jpg,1448,26,026.Bronzed_Cowbird,026.Bronzed_Cowbird/Bronzed_Cowbird_0021_24189.jpg
image_001449_c026.jpg,1449,26,026.Bronzed_Cowbird,026.Bronzed_Cowbird/Bronzed_Cowbird_0081_24198.jpg
image_001450_c026.jpg,1450,26,026.Bronzed_Cowbird,026.Bronzed_Cowbird/Bronzed_Cowbird_0064_24199.jpg
image_001451_c026.jpg,1451,26,026.Bronzed_Cowbird,026.Bronzed_Cowbird/Bronzed_Cowbird_0031_24139.jpg
image_001452_c026.jpg,1452,26,026.Bronzed_Cowbird,026.Bronzed_Cowbird/Bronzed_Cowbird_0018_24140.jpg
image_001453_c026.jpg,1453,26,026.Bronzed_Cowbird,026.Bronzed_Cowbird/Bronzed_Cowbird_0017_24019.jpg
image_001454_c026.jpg,1454,26,026.Bronzed_Cowbird,026.Bronzed_Cowbird/Bronzed_Cowbird_0019_796242.jpg
image_001455_c026.jpg,1455,26,026.Bronzed_Cowbird,026.Bronzed_Cowbird/Bronzed_Cowbird_0039_24026.jpg
image_001456_c026.jpg,1456,26,026.Bronzed_Cowbird,026.Bronzed_Cowbird/Bronzed_Cowbird_0014_24030.jpg
image_001457_c026.jpg,1457,26,026.Bronzed_Cowbird,026.Bronzed_Cowbird/Bronzed_Cowbird_0037_24032.jpg
image_001458_c026.jpg,1458,26,026.Bronzed_Cowbird,026.Bronzed_Cowbird/Bronzed_Cowbird_0009_24033.jpg
image_001459_c026.jpg,1459,26,026.Bronzed_Cowbird,026.Bronzed_Cowbird/Bronzed_Cowbird_0044_24145.jpg
image_001460_c026.jpg,1460,26,026.Bronzed_Cowbird,026.Bronzed_Cowbird/Bronzed_Cowbird_0074_24045.jpg
image_001461_c026.jpg,1461,26,026.Bronzed_Cowbird,026.Bronzed_Cowbird/Bronzed_Cowbird_0023_24058.jpg
image_001462_c026.jpg,1462,26,026.Bronzed_Cowbird,026.Bronzed_Cowbird/Bronzed_Cowbird_0016_796245.jpg
image_001463_c027.jpg,1463,27,027.Shiny_Cowbird,027.Shiny_Cowbird/Shiny_Cowbird_0056_24321.jpg
image_001464_c027.jpg,1464,27,027.Shiny_Cowbird,027.Shiny_Cowbird/Shiny_Cowbird_0019_24323.jpg
image_001465_c027.jpg,1465,27,027.Shiny_Cowbird,027.Shiny_Cowbird/Shiny_Cowbird_0055_24331.jpg
image_001466_c027.jpg,1466,27,027.Shiny_Cowbird,027.Shiny_Cowbird/Shiny_Cowbird_0075_24335.jpg
image_001467_c027.jpg,1467,27,027.Shiny_Cowbird,027.Shiny_Cowbird/Shiny_Cowbird_0057_24345.jpg
image_001468_c027.jpg,1468,27,027.Shiny_Cowbird,027.Shiny_Cowbird/Shiny_Cowbird_0026_796847.jpg
image_001469_c027.jpg,1469,27,027.Shiny_Cowbird,027.Shiny_Cowbird/Shiny_Cowbird_0069_24351.jpg
image_001470_c027.jpg,1470,27,027.Shiny_Cowbird,027.Shiny_Cowbird/Shiny_Cowbird_0066_24358.jpg
image_001471_c027.jpg,1471,27,027.Shiny_Cowbird,027.Shiny_Cowbird/Shiny_Cowbird_0039_24359.jpg
image_001472_c027.jpg,1472,27,027.Shiny_Cowbird,027.Shiny_Cowbird/Shiny_Cowbird_0076_24363.jpg
image_001473_c027.jpg,1473,27,027.Shiny_Cowbird,027.Shiny_Cowbird/Shiny_Cowbird_0029_24372.jpg
image_001474_c027.jpg,1474,27,027.Shiny_Cowbird,027.Shiny_Cowbird/Shiny_Cowbird_0040_24379.jpg
image_001475_c027.jpg,1475,27,027.Shiny_Cowbird,027.Shiny_Cowbird/Shiny_Cowbird_0002_24380.jpg
image_001476_c027.jpg,1476,27,027.Shiny_Cowbird,027.Shiny_Cowbird/Shiny_Cowbird_0086_24386.jpg
image_001477_c027.jpg,1477,27,027.Shiny_Cowbird,027.Shiny_Cowbird/Shiny_Cowbird_0067_24392.jpg
image_001478_c027.jpg,1478,27,027.Shiny_Cowbird,027.Shiny_Cowbird/Shiny_Cowbird_0079_24399.jpg
image_001479_c027.jpg,1479,27,027.Shiny_Cowbird,027.Shiny_Cowbird/Shiny_Cowbird_0012_24249.jpg
image_001480_c027.jpg,1480,27,027.Shiny_Cowbird,027.Shiny_Cowbird/Shiny_Cowbird_0068_24413.jpg
image_001481_c027.jpg,1481,27,027.Shiny_Cowbird,027.Shiny_Cowbird/Shiny_Cowbird_0059_24421.jpg
image_001482_c027.jpg,1482,27,027.Shiny_Cowbird,027.Shiny_Cowbird/Shiny_Cowbird_0007_24434.jpg
image_001483_c027.jpg,1483,27,027.Shiny_Cowbird,027.Shiny_Cowbird/Shiny_Cowbird_0051_24438.jpg
image_001484_c027.jpg,1484,27,027.Shiny_Cowbird,027.Shiny_Cowbird/Shiny_Cowbird_0010_24439.jpg
image_001485_c027.jpg,1485,27,027.Shiny_Cowbird,027.Shiny_Cowbird/Shiny_Cowbird_0037_24440.jpg
image_001486_c027.jpg,1486,27,027.Shiny_Cowbird,027.Shiny_Cowbird/Shiny_Cowbird_0025_24444.jpg
image_001487_c027.jpg,1487,27,027.Shiny_Cowbird,027.Shiny_Cowbird/Shiny_Cowbird_0030_24206.jpg
image_001488_c027.jpg,1488,27,027.Shiny_Cowbird,027.Shiny_Cowbird/Shiny_Cowbird_0047_24210.jpg
image_001489_c027.jpg,1489,27,027.Shiny_Cowbird,027.Shiny_Cowbird/Shiny_Cowbird_0014_24214.jpg
image_001490_c027.jpg,1490,27,027.Shiny_Cowbird,027.Shiny_Cowbird/Shiny_Cowbird_0018_796830.jpg
image_001491_c027.jpg,1491,27,027.Shiny_Cowbird,027.Shiny_Cowbird/Shiny_Cowbird_0070_796832.jpg
image_001492_c027.jpg,1492,27,027.Shiny_Cowbird,027.Shiny_Cowbird/Shiny_Cowbird_0081_796833.jpg
image_001493_c027.jpg,1493,27,027.Shiny_Cowbird,027.Shiny_Cowbird/Shiny_Cowbird_0083_796834.jpg
image_001494_c027.jpg,1494,27,027.Shiny_Cowbird,027.Shiny_Cowbird/Shiny_Cowbird_0009_796835.jpg
image_001495_c027.jpg,1495,27,027.Shiny_Cowbird,027.Shiny_Cowbird/Shiny_Cowbird_0035_796837.jpg
image_001496_c027.jpg,1496,27,027.Shiny_Cowbird,027.Shiny_Cowbird/Shiny_Cowbird_0085_796839.jpg
image_001497_c027.jpg,1497,27,027.Shiny_Cowbird,027.Shiny_Cowbird/Shiny_Cowbird_0004_796841.jpg
image_001498_c027.jpg,1498,27,027.Shiny_Cowbird,027.Shiny_Cowbird/Shiny_Cowbird_0078_796846.jpg
image_001499_c027.jpg,1499,27,027.Shiny_Cowbird,027.Shiny_Cowbird/Shiny_Cowbird_0044_24239.jpg
image_001500_c027.jpg,1500,27,027.Shiny_Cowbird,027.Shiny_Cowbird/Shiny_Cowbird_0064_796848.jpg
image_001501_c027.jpg,1501,27,027.Shiny_Cowbird,027.Shiny_Cowbird/Shiny_Cowbird_0034_796849.jpg
image_001502_c027.jpg,1502,27,027.Shiny_Cowbird,027.Shiny_Cowbird/Shiny_Cowbird_0027_796850.jpg
image_001503_c027.jpg,1503,27,027.Shiny_Cowbird,027.Shiny_Cowbird/Shiny_Cowbird_0031_796851.jpg
image_001504_c027.jpg,1504,27,027.Shiny_Cowbird,027.Shiny_Cowbird/Shiny_Cowbird_0017_796853.jpg
image_001505_c027.jpg,1505,27,027.Shiny_Cowbird,027.Shiny_Cowbird/Shiny_Cowbird_0045_796856.jpg
image_001506_c027.jpg,1506,27,027.Shiny_Cowbird,027.Shiny_Cowbird/Shiny_Cowbird_0043_796857.jpg
image_001507_c027.jpg,1507,27,027.Shiny_Cowbird,027.Shiny_Cowbird/Shiny_Cowbird_0015_796858.jpg
image_001508_c027.jpg,1508,27,027.Shiny_Cowbird,027.Shiny_Cowbird/Shiny_Cowbird_0001_796860.jpg
image_001509_c027.jpg,1509,27,027.Shiny_Cowbird,027.Shiny_Cowbird/Shiny_Cowbird_0006_796864.jpg
image_001510_c027.jpg,1510,27,027.Shiny_Cowbird,027.Shiny_Cowbird/Shiny_Cowbird_0063_24259.jpg
image_001511_c027.jpg,1511,27,027.Shiny_Cowbird,027.Shiny_Cowbird/Shiny_Cowbird_0021_796870.jpg
image_001512_c027.jpg,1512,27,027.Shiny_Cowbird,027.Shiny_Cowbird/Shiny_Cowbird_0061_796874.jpg
image_001513_c027.jpg,1513,27,027.Shiny_Cowbird,027.Shiny_Cowbird/Shiny_Cowbird_0080_796875.jpg
image_001514_c027.jpg,1514,27,027.Shiny_Cowbird,027.Shiny_Cowbird/Shiny_Cowbird_0062_24271.jpg
image_001515_c027.jpg,1515,27,027.Shiny_Cowbird,027.Shiny_Cowbird/Shiny_Cowbird_0077_24273.jpg
image_001516_c027.jpg,1516,27,027.Shiny_Cowbird,027.Shiny_Cowbird/Shiny_Cowbird_0036_24274.jpg
image_001517_c027.jpg,1517,27,027.Shiny_Cowbird,027.Shiny_Cowbird/Shiny_Cowbird_0020_24276.jpg
image_001518_c027.jpg,1518,27,027.Shiny_Cowbird,027.Shiny_Cowbird/Shiny_Cowbird_0082_24279.jpg
image_001519_c027.jpg,1519,27,027.Shiny_Cowbird,027.Shiny_Cowbird/Shiny_Cowbird_0024_24281.jpg
image_001520_c027.jpg,1520,27,027.Shiny_Cowbird,027.Shiny_Cowbird/Shiny_Cowbird_0005_796873.jpg
image_001521_c027.jpg,1521,27,027.Shiny_Cowbird,027.Shiny_Cowbird/Shiny_Cowbird_0032_24284.jpg
image_001522_c027.jpg,1522,27,027.Shiny_Cowbird,027.Shiny_Cowbird/Shiny_Cowbird_0074_24297.jpg
image_001523_c028.jpg,1523,28,028.Brown_Creeper,028.Brown_Creeper/Brown_Creeper_0042_24578.jpg
image_001524_c028.jpg,1524,28,028.Brown_Creeper,028.Brown_Creeper/Brown_Creeper_0093_24581.jpg
image_001525_c028.jpg,1525,28,028.Brown_Creeper,028.Brown_Creeper/Brown_Creeper_0123_24589.jpg
image_001526_c028.jpg,1526,28,028.Brown_Creeper,028.Brown_Creeper/Brown_Creeper_0111_24590.jpg
image_001527_c028.jpg,1527,28,028.Brown_Creeper,028.Brown_Creeper/Brown_Creeper_0061_24601.jpg
image_001528_c028.jpg,1528,28,028.Brown_Creeper,028.Brown_Creeper/Brown_Creeper_0106_24617.jpg
image_001529_c028.jpg,1529,28,028.Brown_Creeper,028.Brown_Creeper/Brown_Creeper_0069_24618.jpg
image_001530_c028.jpg,1530,28,028.Brown_Creeper,028.Brown_Creeper/Brown_Creeper_0103_24632.jpg
image_001531_c028.jpg,1531,28,028.Brown_Creeper,028.Brown_Creeper/Brown_Creeper_0079_24647.jpg
image_001532_c028.jpg,1532,28,028.Brown_Creeper,028.Brown_Creeper/Brown_Creeper_0114_24649.jpg
image_001533_c028.jpg,1533,28,028.Brown_Creeper,028.Brown_Creeper/Brown_Creeper_0127_24656.jpg
image_001534_c028.jpg,1534,28,028.Brown_Creeper,028.Brown_Creeper/Brown_Creeper_0005_24659.jpg
image_001535_c028.jpg,1535,28,028.Brown_Creeper,028.Brown_Creeper/Brown_Creeper_0053_24451.jpg
image_001536_c028.jpg,1536,28,028.Brown_Creeper,028.Brown_Creeper/Brown_Creeper_0104_24698.jpg
image_001537_c028.jpg,1537,28,028.Brown_Creeper,028.Brown_Creeper/Brown_Creeper_0063_24724.jpg
image_001538_c028.jpg,1538,28,028.Brown_Creeper,028.Brown_Creeper/Brown_Creeper_0027_24729.jpg
image_001539_c028.jpg,1539,28,028.Brown_Creeper,028.Brown_Creeper/Brown_Creeper_0088_24731.jpg
image_001540_c028.jpg,1540,28,028.Brown_Creeper,028.Brown_Creeper/Brown_Creeper_0074_24789.jpg
image_001541_c028.jpg,1541,28,028.Brown_Creeper,028.Brown_Creeper/Brown_Creeper_0032_24800.jpg
image_001542_c028.jpg,1542,28,028.Brown_Creeper,028.Brown_Creeper/Brown_Creeper_0107_24827.jpg
image_001543_c028.jpg,1543,28,028.Brown_Creeper,028.Brown_Creeper/Brown_Creeper_0002_24838.jpg
image_001544_c028.jpg,1544,28,028.Brown_Creeper,028.Brown_Creeper/Brown_Creeper_0064_24840.jpg
image_001545_c028.jpg,1545,28,028.Brown_Creeper,028.Brown_Creeper/Brown_Creeper_0089_24841.jpg
image_001546_c028.jpg,1546,28,028.Brown_Creeper,028.Brown_Creeper/Brown_Creeper_0004_24851.jpg
image_001547_c028.jpg,1547,28,028.Brown_Creeper,028.Brown_Creeper/Brown_Creeper_0110_24866.jpg
image_001548_c028.jpg,1548,28,028.Brown_Creeper,028.Brown_Creeper/Brown_Creeper_0007_24902.jpg
image_001549_c028.jpg,1549,28,028.Brown_Creeper,028.Brown_Creeper/Brown_Creeper_0049_24911.jpg
image_001550_c028.jpg,1550,28,028.Brown_Creeper,028.Brown_Creeper/Brown_Creeper_0029_24912.jpg
image_001551_c028.jpg,1551,28,028.Brown_Creeper,028.Brown_Creeper/Brown_Creeper_0065_24464.jpg
image_001552_c028.jpg,1552,28,028.Brown_Creeper,028.Brown_Creeper/Brown_Creeper_0058_24933.jpg
image_001553_c028.jpg,1553,28,028.Brown_Creeper,028.Brown_Creeper/Brown_Creeper_0085_24938.jpg
image_001554_c028.jpg,1554,28,028.Brown_Creeper,028.Brown_Creeper/Brown_Creeper_0023_24940.jpg
image_001555_c028.jpg,1555,28,028.Brown_Creeper,028.Brown_Creeper/Brown_Creeper_0035_24941.jpg
image_001556_c028.jpg,1556,28,028.Brown_Creeper,028.Brown_Creeper/Brown_Creeper_0075_24947.jpg
image_001557_c028.jpg,1557,28,028.Brown_Creeper,028.Brown_Creeper/Brown_Creeper_0120_24955.jpg
image_001558_c028.jpg,1558,28,028.Brown_Creeper,028.Brown_Creeper/Brown_Creeper_0012_24956.jpg
image_001559_c028.jpg,1559,28,028.Brown_Creeper,028.Brown_Creeper/Brown_Creeper_0001_24449.jpg
image_001560_c028.jpg,1560,28,028.Brown_Creeper,028.Brown_Creeper/Brown_Creeper_0124_24963.jpg
image_001561_c028.jpg,1561,28,028.Brown_Creeper,028.Brown_Creeper/Brown_Creeper_0056_24452.jpg
image_001562_c028.jpg,1562,28,028.Brown_Creeper,028.Brown_Creeper/Brown_Creeper_0083_24967.jpg
image_001563_c028.jpg,1563,28,028.Brown_Creeper,028.Brown_Creeper/Brown_Creeper_0046_24463.jpg
image_001564_c028.jpg,1564,28,028.Brown_Creeper,028.Brown_Creeper/Brown_Creeper_0048_24976.jpg
image_001565_c028.jpg,1565,28,028.Brown_Creeper,028.Brown_Creeper/Brown_Creeper_0072_24977.jpg
image_001566_c028.jpg,1566,28,028.Brown_Creeper,028.Brown_Creeper/Brown_Creeper_0051_24468.jpg
image_001567_c028.jpg,1567,28,028.Brown_Creeper,028.Brown_Creeper/Brown_Creeper_0047_24984.jpg
image_001568_c028.jpg,1568,28,028.Brown_Creeper,028.Brown_Creeper/Brown_Creeper_0101_24987.jpg
image_001569_c028.jpg,1569,28,028.Brown_Creeper,028.Brown_Creeper/Brown_Creeper_0125_24995.jpg
image_001570_c028.jpg,1570,28,028.Brown_Creeper,028.Brown_Creeper/Brown_Creeper_0031_24999.jpg
image_001571_c028.jpg,1571,28,028.Brown_Creeper,028.Brown_Creeper/Brown_Creeper_0115_24488.jpg
image_001572_c028.jpg,1572,28,028.Brown_Creeper,028.Brown_Creeper/Brown_Creeper_0059_25010.jpg
image_001573_c028.jpg,1573,28,028.Brown_Creeper,028.Brown_Creeper/Brown_Creeper_0118_24500.jpg
image_001574_c028.jpg,1574,28,028.Brown_Creeper,028.Brown_Creeper/Brown_Creeper_0100_24502.jpg
image_001575_c028.jpg,1575,28,028.Brown_Creeper,028.Brown_Creeper/Brown_Creeper_0006_25034.jpg
image_001576_c028.jpg,1576,28,028.Brown_Creeper,028.Brown_Creeper/Brown_Creeper_0057_24529.jpg
image_001577_c028.jpg,1577,28,028.Brown_Creeper,028.Brown_Creeper/Brown_Creeper_0073_24546.jpg
image_001578_c028.jpg,1578,28,028.Brown_Creeper,028.Brown_Creeper/Brown_Creeper_0043_24549.jpg
image_001579_c028.jpg,1579,28,028.Brown_Creeper,028.Brown_Creeper/Brown_Creeper_0113_24560.jpg
image_001580_c028.jpg,1580,28,028.Brown_Creeper,028.Brown_Creeper/Brown_Creeper_0102_25000.jpg
image_001581_c028.jpg,1581,28,028.Brown_Creeper,028.Brown_Creeper/Brown_Creeper_0121_24574.jpg
image_001582_c029.jpg,1582,29,029.American_Crow,029.American_Crow/American_Crow_0117_25090.jpg
image_001583_c029.jpg,1583,29,029.American_Crow,029.American_Crow/American_Crow_0030_25092.jpg
image_001584_c029.jpg,1584,29,029.American_Crow,029.American_Crow/American_Crow_0119_25610.jpg
image_001585_c029.jpg,1585,29,029.American_Crow,029.American_Crow/American_Crow_0020_25618.jpg
image_001586_c029.jpg,1586,29,029.American_Crow,029.American_Crow/American_Crow_0016_25112.jpg
image_001587_c029.jpg,1587,29,029.American_Crow,029.American_Crow/American_Crow_0136_25117.jpg
image_001588_c029.jpg,1588,29,029.American_Crow,029.American_Crow/American_Crow_0101_25118.jpg
image_001589_c029.jpg,1589,29,029.American_Crow,029.American_Crow/American_Crow_0002_25122.jpg
image_001590_c029.jpg,1590,29,029.American_Crow,029.American_Crow/American_Crow_0109_25123.jpg
image_001591_c029.jpg,1591,29,029.American_Crow,029.American_Crow/American_Crow_0111_25127.jpg
image_001592_c029.jpg,1592,29,029.American_Crow,029.American_Crow/American_Crow_0003_25130.jpg
image_001593_c029.jpg,1593,29,029.American_Crow,029.American_Crow/American_Crow_0021_25137.jpg
image_001594_c029.jpg,1594,29,029.American_Crow,029.American_Crow/American_Crow_0027_25146.jpg
image_001595_c029.jpg,1595,29,029.American_Crow,029.American_Crow/American_Crow_0113_25149.jpg
image_001596_c029.jpg,1596,29,029.American_Crow,029.American_Crow/American_Crow_0011_25151.jpg
image_001597_c029.jpg,1597,29,029.American_Crow,029.American_Crow/American_Crow_0043_25666.jpg
image_001598_c029.jpg,1598,29,029.American_Crow,029.American_Crow/American_Crow_0130_25163.jpg
image_001599_c029.jpg,1599,29,029.American_Crow,029.American_Crow/American_Crow_0093_25694.jpg
image_001600_c029.jpg,1600,29,029.American_Crow,029.American_Crow/American_Crow_0139_25186.jpg
image_001601_c029.jpg,1601,29,029.American_Crow,029.American_Crow/American_Crow_0132_25704.jpg
image_001602_c029.jpg,1602,29,029.American_Crow,029.American_Crow/American_Crow_0131_25706.jpg
image_001603_c029.jpg,1603,29,029.American_Crow,029.American_Crow/American_Crow_0068_25198.jpg
image_001604_c029.jpg,1604,29,029.American_Crow,029.American_Crow/American_Crow_0116_25199.jpg
image_001605_c029.jpg,1605,29,029.American_Crow,029.American_Crow/American_Crow_0122_25200.jpg
image_001606_c029.jpg,1606,29,029.American_Crow,029.American_Crow/American_Crow_0053_25203.jpg
image_001607_c029.jpg,1607,29,029.American_Crow,029.American_Crow/American_Crow_0099_25717.jpg
image_001608_c029.jpg,1608,29,029.American_Crow,029.American_Crow/American_Crow_0134_25206.jpg
image_001609_c029.jpg,1609,29,029.American_Crow,029.American_Crow/American_Crow_0121_25720.jpg
image_001610_c029.jpg,1610,29,029.American_Crow,029.American_Crow/American_Crow_0080_25220.jpg
image_001611_c029.jpg,1611,29,029.American_Crow,029.American_Crow/American_Crow_0137_25221.jpg
image_001612_c029.jpg,1612,29,029.American_Crow,029.American_Crow/American_Crow_0050_25255.jpg
image_001613_c029.jpg,1613,29,029.American_Crow,029.American_Crow/American_Crow_0085_25260.jpg
image_001614_c029.jpg,1614,29,029.American_Crow,029.American_Crow/American_Crow_0105_25283.jpg
image_001615_c029.jpg,1615,29,029.American_Crow,029.American_Crow/American_Crow_0014_25287.jpg
image_001616_c029.jpg,1616,29,029.American_Crow,029.American_Crow/American_Crow_0088_25303.jpg
image_001617_c029.jpg,1617,29,029.American_Crow,029.American_Crow/American_Crow_0012_25305.jpg
image_001618_c029.jpg,1618,29,029.American_Crow,029.American_Crow/American_Crow_0004_25819.jpg
image_001619_c029.jpg,1619,29,029.American_Crow,029.American_Crow/American_Crow_0036_25313.jpg
image_001620_c029.jpg,1620,29,029.American_Crow,029.American_Crow/American_Crow_0081_25837.jpg
image_001621_c029.jpg,1621,29,029.American_Crow,029.American_Crow/American_Crow_0074_25350.jpg
image_001622_c029.jpg,1622,29,029.American_Crow,029.American_Crow/American_Crow_0107_25353.jpg
image_001623_c029.jpg,1623,29,029.American_Crow,029.American_Crow/American_Crow_0124_25356.jpg
image_001624_c029.jpg,1624,29,029.American_Crow,029.American_Crow/American_Crow_0047_25397.jpg
image_001625_c029.jpg,1625,29,029.American_Crow,029.American_Crow/American_Crow_0127_25412.jpg
image_001626_c029.jpg,1626,29,029.American_Crow,029.American_Crow/American_Crow_0066_25827.jpg
image_001627_c029.jpg,1627,29,029.American_Crow,029.American_Crow/American_Crow_0031_25433.jpg
image_001628_c029.jpg,1628,29,029.American_Crow,029.American_Crow/American_Crow_0067_25443.jpg
image_001629_c029.jpg,1629,29,029.American_Crow,029.American_Crow/American_Crow_0079_25463.jpg
image_001630_c029.jpg,1630,29,029.American_Crow,029.American_Crow/American_Crow_0051_25505.jpg
image_001631_c029.jpg,1631,29,029.American_Crow,029.American_Crow/American_Crow_0069_25506.jpg
image_001632_c029.jpg,1632,29,029.American_Crow,029.American_Crow/American_Crow_0025_25522.jpg
image_001633_c029.jpg,1633,29,029.American_Crow,029.American_Crow/American_Crow_0110_25541.jpg
image_001634_c029.jpg,1634,29,029.American_Crow,029.American_Crow/American_Crow_0001_25053.jpg
image_001635_c029.jpg,1635,29,029.American_Crow,029.American_Crow/American_Crow_0039_25061.jpg
image_001636_c029.jpg,1636,29,029.American_Crow,029.American_Crow/American_Crow_0048_25062.jpg
image_001637_c029.jpg,1637,29,029.American_Crow,029.American_Crow/American_Crow_0094_25576.jpg
image_001638_c029.jpg,1638,29,029.American_Crow,029.American_Crow/American_Crow_0102_25066.jpg
image_001639_c029.jpg,1639,29,029.American_Crow,029.American_Crow/American_Crow_0062_25587.jpg
image_001640_c029.jpg,1640,29,029.American_Crow,029.American_Crow/American_Crow_0104_25086.jpg
image_001641_c029.jpg,1641,29,029.American_Crow,029.American_Crow/American_Crow_0059_25599.jpg
image_001642_c030.jpg,1642,30,030.Fish_Crow,030.Fish_Crow/Fish_Crow_0068_25859.jpg
image_001643_c030.jpg,1643,30,030.Fish_Crow,030.Fish_Crow/Fish_Crow_0080_25861.jpg
image_001644_c030.jpg,1644,30,030.Fish_Crow,030.Fish_Crow/Fish_Crow_0059_25864.jpg
image_001645_c030.jpg,1645,30,030.Fish_Crow,030.Fish_Crow/Fish_Crow_0011_25866.jpg
image_001646_c030.jpg,1646,30,030.Fish_Crow,030.Fish_Crow/Fish_Crow_0067_26124.jpg
image_001647_c030.jpg,1647,30,030.Fish_Crow,030.Fish_Crow/Fish_Crow_0017_26127.jpg
image_001648_c030.jpg,1648,30,030.Fish_Crow,030.Fish_Crow/Fish_Crow_0018_25879.jpg
image_001649_c030.jpg,1649,30,030.Fish_Crow,030.Fish_Crow/Fish_Crow_0041_25887.jpg
image_001650_c030.jpg,1650,30,030.Fish_Crow,030.Fish_Crow/Fish_Crow_0078_26144.jpg
image_001651_c030.jpg,1651,30,030.Fish_Crow,030.Fish_Crow/Fish_Crow_0034_25891.jpg
image_001652_c030.jpg,1652,30,030.Fish_Crow,030.Fish_Crow/Fish_Crow_0042_26148.jpg
image_001653_c030.jpg,1653,30,030.Fish_Crow,030.Fish_Crow/Fish_Crow_0025_25893.jpg
image_001654_c030.jpg,1654,30,030.Fish_Crow,030.Fish_Crow/Fish_Crow_0081_25908.jpg
image_001655_c030.jpg,1655,30,030.Fish_Crow,030.Fish_Crow/Fish_Crow_0031_25909.jpg
image_001656_c030.jpg,1656,30,030.Fish_Crow,030.Fish_Crow/Fish_Crow_0036_25911.jpg
image_001657_c030.jpg,1657,30,030.Fish_Crow,030.Fish_Crow/Fish_Crow_0005_25912.jpg
image_001658_c030.jpg,1658,30,030.Fish_Crow,030.Fish_Crow/Fish_Crow_0033_25915.jpg
image_001659_c030.jpg,1659,30,030.Fish_Crow,030.Fish_Crow/Fish_Crow_0085_25919.jpg
image_001660_c030.jpg,1660,30,030.Fish_Crow,030.Fish_Crow/Fish_Crow_0071_25155.jpg
image_001661_c030.jpg,1661,30,030.Fish_Crow,030.Fish_Crow/Fish_Crow_0040_25158.jpg
image_001662_c030.jpg,1662,30,030.Fish_Crow,030.Fish_Crow/Fish_Crow_0051_25934.jpg
image_001663_c030.jpg,1663,30,030.Fish_Crow,030.Fish_Crow/Fish_Crow_0004_25936.jpg
image_001664_c030.jpg,1664,30,030.Fish_Crow,030.Fish_Crow/Fish_Crow_0013_25939.jpg
image_001665_c030.jpg,1665,30,030.Fish_Crow,030.Fish_Crow/Fish_Crow_0065_25942.jpg
image_001666_c030.jpg,1666,30,030.Fish_Crow,030.Fish_Crow/Fish_Crow_0072_25945.jpg
image_001667_c030.jpg,1667,30,030.Fish_Crow,030.Fish_Crow/Fish_Crow_0012_25946.jpg
image_001668_c030.jpg,1668,30,030.Fish_Crow,030.Fish_Crow/Fish_Crow_0083_25949.jpg
image_001669_c030.jpg,1669,30,030.Fish_Crow,030.Fish_Crow/Fish_Crow_0044_25964.jpg
image_001670_c030.jpg,1670,30,030.Fish_Crow,030.Fish_Crow/Fish_Crow_0028_25968.jpg
image_001671_c030.jpg,1671,30,030.Fish_Crow,030.Fish_Crow/Fish_Crow_0003_25970.jpg
image_001672_c030.jpg,1672,30,030.Fish_Crow,030.Fish_Crow/Fish_Crow_0076_25971.jpg
image_001673_c030.jpg,1673,30,030.Fish_Crow,030.Fish_Crow/Fish_Crow_0073_25977.jpg
image_001674_c030.jpg,1674,30,030.Fish_Crow,030.Fish_Crow/Fish_Crow_0010_25836.jpg
image_001675_c030.jpg,1675,30,030.Fish_Crow,030.Fish_Crow/Fish_Crow_0058_25999.jpg
image_001676_c030.jpg,1676,30,030.Fish_Crow,030.Fish_Crow/Fish_Crow_0038_26000.jpg
image_001677_c030.jpg,1677,30,030.Fish_Crow,030.Fish_Crow/Fish_Crow_0069_26008.jpg
image_001678_c030.jpg,1678,30,030.Fish_Crow,030.Fish_Crow/Fish_Crow_0082_26012.jpg
image_001679_c030.jpg,1679,30,030.Fish_Crow,030.Fish_Crow/Fish_Crow_0032_26014.jpg
image_001680_c030.jpg,1680,30,030.Fish_Crow,030.Fish_Crow/Fish_Crow_0070_25504.jpg
image_001681_c030.jpg,1681,30,030.Fish_Crow,030.Fish_Crow/Fish_Crow_0007_26023.jpg
image_001682_c030.jpg,1682,30,030.Fish_Crow,030.Fish_Crow/Fish_Crow_0061_25884.jpg
image_001683_c030.jpg,1683,30,030.Fish_Crow,030.Fish_Crow/Fish_Crow_0020_26027.jpg
image_001684_c030.jpg,1684,30,030.Fish_Crow,030.Fish_Crow/Fish_Crow_0079_26030.jpg
image_001685_c030.jpg,1685,30,030.Fish_Crow,030.Fish_Crow/Fish_Crow_0001_26031.jpg
image_001686_c030.jpg,1686,30,030.Fish_Crow,030.Fish_Crow/Fish_Crow_0023_26037.jpg
image_001687_c030.jpg,1687,30,030.Fish_Crow,030.Fish_Crow/Fish_Crow_0049_26040.jpg
image_001688_c030.jpg,1688,30,030.Fish_Crow,030.Fish_Crow/Fish_Crow_0014_26041.jpg
image_001689_c030.jpg,1689,30,030.Fish_Crow,030.Fish_Crow/Fish_Crow_0060_26016.jpg
image_001690_c030.jpg,1690,30,030.Fish_Crow,030.Fish_Crow/Fish_Crow_0022_26062.jpg
image_001691_c030.jpg,1691,30,030.Fish_Crow,030.Fish_Crow/Fish_Crow_0024_26064.jpg
image_001692_c030.jpg,1692,30,030.Fish_Crow,030.Fish_Crow/Fish_Crow_0053_26067.jpg
image_001693_c030.jpg,1693,30,030.Fish_Crow,030.Fish_Crow/Fish_Crow_0047_26070.jpg
image_001694_c030.jpg,1694,30,030.Fish_Crow,030.Fish_Crow/Fish_Crow_0037_26071.jpg
image_001695_c030.jpg,1695,30,030.Fish_Crow,030.Fish_Crow/Fish_Crow_0002_26072.jpg
image_001696_c030.jpg,1696,30,030.Fish_Crow,030.Fish_Crow/Fish_Crow_0055_26077.jpg
image_001697_c030.jpg,1697,30,030.Fish_Crow,030.Fish_Crow/Fish_Crow_0035_26081.jpg
image_001698_c030.jpg,1698,30,030.Fish_Crow,030.Fish_Crow/Fish_Crow_0063_26094.jpg
image_001699_c030.jpg,1699,30,030.Fish_Crow,030.Fish_Crow/Fish_Crow_0043_25847.jpg
image_001700_c030.jpg,1700,30,030.Fish_Crow,030.Fish_Crow/Fish_Crow_0056_25851.jpg
image_001701_c030.jpg,1701,30,030.Fish_Crow,030.Fish_Crow/Fish_Crow_0016_25854.jpg
image_001702_c031.jpg,1702,31,031.Black_billed_Cuckoo,031.Black_billed_Cuckoo/Black_Billed_Cuckoo_0071_26288.jpg
image_001703_c031.jpg,1703,31,031.Black_billed_Cuckoo,031.Black_billed_Cuckoo/Black_Billed_Cuckoo_0005_26161.jpg
image_001704_c031.jpg,1704,31,031.Black_billed_Cuckoo,031.Black_billed_Cuckoo/Black_Billed_Cuckoo_0028_26165.jpg
image_001705_c031.jpg,1705,31,031.Black_billed_Cuckoo,031.Black_billed_Cuckoo/Black_Billed_Cuckoo_0032_26292.jpg
image_001706_c031.jpg,1706,31,031.Black_billed_Cuckoo,031.Black_billed_Cuckoo/Black_Billed_Cuckoo_0084_26175.jpg
image_001707_c031.jpg,1707,31,031.Black_billed_Cuckoo,031.Black_billed_Cuckoo/Black_Billed_Cuckoo_0047_26176.jpg
image_001708_c031.jpg,1708,31,031.Black_billed_Cuckoo,031.Black_billed_Cuckoo/Black_Billed_Cuckoo_0076_26177.jpg
image_001709_c031.jpg,1709,31,031.Black_billed_Cuckoo,031.Black_billed_Cuckoo/Black_Billed_Cuckoo_0079_26180.jpg
image_001710_c031.jpg,1710,31,031.Black_billed_Cuckoo,031.Black_billed_Cuckoo/Black_Billed_Cuckoo_0051_795318.jpg
image_001711_c031.jpg,1711,31,031.Black_billed_Cuckoo,031.Black_billed_Cuckoo/Black_Billed_Cuckoo_0086_26188.jpg
image_001712_c031.jpg,1712,31,031.Black_billed_Cuckoo,031.Black_billed_Cuckoo/Black_Billed_Cuckoo_0045_26194.jpg
image_001713_c031.jpg,1713,31,031.Black_billed_Cuckoo,031.Black_billed_Cuckoo/Black_Billed_Cuckoo_0065_26203.jpg
image_001714_c031.jpg,1714,31,031.Black_billed_Cuckoo,031.Black_billed_Cuckoo/Black_Billed_Cuckoo_0096_26204.jpg
image_001715_c031.jpg,1715,31,031.Black_billed_Cuckoo,031.Black_billed_Cuckoo/Black_Billed_Cuckoo_0015_26208.jpg
image_001716_c031.jpg,1716,31,031.Black_billed_Cuckoo,031.Black_billed_Cuckoo/Black_Billed_Cuckoo_0081_26209.jpg
image_001717_c031.jpg,1717,31,031.Black_billed_Cuckoo,031.Black_billed_Cuckoo/Black_Billed_Cuckoo_0088_26217.jpg
image_001718_c031.jpg,1718,31,031.Black_billed_Cuckoo,031.Black_billed_Cuckoo/Black_Billed_Cuckoo_0018_26218.jpg
image_001719_c031.jpg,1719,31,031.Black_billed_Cuckoo,031.Black_billed_Cuckoo/Black_Billed_Cuckoo_0017_26221.jpg
image_001720_c031.jpg,1720,31,031.Black_billed_Cuckoo,031.Black_billed_Cuckoo/Black_Billed_Cuckoo_0077_26222.jpg
image_001721_c031.jpg,1721,31,031.Black_billed_Cuckoo,031.Black_billed_Cuckoo/Black_Billed_Cuckoo_0055_26223.jpg
image_001722_c031.jpg,1722,31,031.Black_billed_Cuckoo,031.Black_billed_Cuckoo/Black_Billed_Cuckoo_0052_26232.jpg
image_001723_c031.jpg,1723,31,031.Black_billed_Cuckoo,031.Black_billed_Cuckoo/Black_Billed_Cuckoo_0006_26233.jpg
image_001724_c031.jpg,1724,31,031.Black_billed_Cuckoo,031.Black_billed_Cuckoo/Black_Billed_Cuckoo_0066_26303.jpg
image_001725_c031.jpg,1725,31,031.Black_billed_Cuckoo,031.Black_billed_Cuckoo/Black_Billed_Cuckoo_0030_26240.jpg
image_001726_c031.jpg,1726,31,031.Black_billed_Cuckoo,031.Black_billed_Cuckoo/Black_Billed_Cuckoo_0082_26241.jpg
image_001727_c031.jpg,1727,31,031.Black_billed_Cuckoo,031.Black_billed_Cuckoo/Black_Billed_Cuckoo_0001_26242.jpg
image_001728_c031.jpg,1728,31,031.Black_billed_Cuckoo,031.Black_billed_Cuckoo/Black_Billed_Cuckoo_0044_26243.jpg
image_001729_c031.jpg,1729,31,031.Black_billed_Cuckoo,031.Black_billed_Cuckoo/Black_Billed_Cuckoo_0091_26246.jpg
image_001730_c031.jpg,1730,31,031.Black_billed_Cuckoo,031.Black_billed_Cuckoo/Black_Billed_Cuckoo_0023_26258.jpg
image_001731_c031.jpg,1731,31,031.Black_billed_Cuckoo,031.Black_billed_Cuckoo/Black_Billed_Cuckoo_0074_795286.jpg
image_001732_c031.jpg,1732,31,031.Black_billed_Cuckoo,031.Black_billed_Cuckoo/Black_Billed_Cuckoo_0058_795292.jpg
image_001733_c031.jpg,1733,31,031.Black_billed_Cuckoo,031.Black_billed_Cuckoo/Black_Billed_Cuckoo_0085_795294.jpg
image_001734_c031.jpg,1734,31,031.Black_billed_Cuckoo,031.Black_billed_Cuckoo/Black_Billed_Cuckoo_0075_795298.jpg
image_001735_c031.jpg,1735,31,031.Black_billed_Cuckoo,031.Black_billed_Cuckoo/Black_Billed_Cuckoo_0087_795300.jpg
image_001736_c031.jpg,1736,31,031.Black_billed_Cuckoo,031.Black_billed_Cuckoo/Black_Billed_Cuckoo_0073_795304.jpg
image_001737_c031.jpg,1737,31,031.Black_billed_Cuckoo,031.Black_billed_Cuckoo/Black_Billed_Cuckoo_0008_795305.jpg
image_001738_c031.jpg,1738,31,031.Black_billed_Cuckoo,031.Black_billed_Cuckoo/Black_Billed_Cuckoo_0095_795307.jpg
image_001739_c031.jpg,1739,31,031.Black_billed_Cuckoo,031.Black_billed_Cuckoo/Black_Billed_Cuckoo_0042_795308.jpg
image_001740_c031.jpg,1740,31,031.Black_billed_Cuckoo,031.Black_billed_Cuckoo/Black_Billed_Cuckoo_0062_795309.jpg
image_001741_c031.jpg,1741,31,031.Black_billed_Cuckoo,031.Black_billed_Cuckoo/Black_Billed_Cuckoo_0070_795310.jpg
image_001742_c031.jpg,1742,31,031.Black_billed_Cuckoo,031.Black_billed_Cuckoo/Black_Billed_Cuckoo_0092_795313.jpg
image_001743_c031.jpg,1743,31,031.Black_billed_Cuckoo,031.Black_billed_Cuckoo/Black_Billed_Cuckoo_0083_795315.jpg
image_001744_c031.jpg,1744,31,031.Black_billed_Cuckoo,031.Black_billed_Cuckoo/Black_Billed_Cuckoo_0093_795316.jpg
image_001745_c031.jpg,1745,31,031.Black_billed_Cuckoo,031.Black_billed_Cuckoo/Black_Billed_Cuckoo_0022_795319.jpg
image_001746_c031.jpg,1746,31,031.Black_billed_Cuckoo,031.Black_billed_Cuckoo/Black_Billed_Cuckoo_0034_795320.jpg
image_001747_c031.jpg,1747,31,031.Black_billed_Cuckoo,031.Black_billed_Cuckoo/Black_Billed_Cuckoo_0053_795321.jpg
image_001748_c031.jpg,1748,31,031.Black_billed_Cuckoo,031.Black_billed_Cuckoo/Black_Billed_Cuckoo_0089_795322.jpg
image_001749_c031.jpg,1749,31,031.Black_billed_Cuckoo,031.Black_billed_Cuckoo/Black_Billed_Cuckoo_0057_795323.jpg
image_001750_c031.jpg,1750,31,031.Black_billed_Cuckoo,031.Black_billed_Cuckoo/Black_Billed_Cuckoo_0043_795324.jpg
image_001751_c031.jpg,1751,31,031.Black_billed_Cuckoo,031.Black_billed_Cuckoo/Black_Billed_Cuckoo_0069_795326.jpg
image_001752_c031.jpg,1752,31,031.Black_billed_Cuckoo,031.Black_billed_Cuckoo/Black_Billed_Cuckoo_0061_795327.jpg
image_001753_c031.jpg,1753,31,031.Black_billed_Cuckoo,031.Black_billed_Cuckoo/Black_Billed_Cuckoo_0046_795328.jpg
image_001754_c031.jpg,1754,31,031.Black_billed_Cuckoo,031.Black_billed_Cuckoo/Black_Billed_Cuckoo_0019_795329.jpg
image_001755_c031.jpg,1755,31,031.Black_billed_Cuckoo,031.Black_billed_Cuckoo/Black_Billed_Cuckoo_0037_795330.jpg
image_001756_c031.jpg,1756,31,031.Black_billed_Cuckoo,031.Black_billed_Cuckoo/Black_Billed_Cuckoo_0024_795331.jpg
image_001757_c031.jpg,1757,31,031.Black_billed_Cuckoo,031.Black_billed_Cuckoo/Black_Billed_Cuckoo_0090_26311.jpg
image_001758_c031.jpg,1758,31,031.Black_billed_Cuckoo,031.Black_billed_Cuckoo/Black_Billed_Cuckoo_0054_26313.jpg
image_001759_c031.jpg,1759,31,031.Black_billed_Cuckoo,031.Black_billed_Cuckoo/Black_Billed_Cuckoo_0031_26318.jpg
image_001760_c031.jpg,1760,31,031.Black_billed_Cuckoo,031.Black_billed_Cuckoo/Black_Billed_Cuckoo_0027_26319.jpg
image_001761_c031.jpg,1761,31,031.Black_billed_Cuckoo,031.Black_billed_Cuckoo/Black_Billed_Cuckoo_0007_26320.jpg
image_001762_c032.jpg,1762,32,032.Mangrove_Cuckoo,032.Mangrove_Cuckoo/Mangrove_Cuckoo_0029_794624.jpg
image_001763_c032.jpg,1763,32,032.Mangrove_Cuckoo,032.Mangrove_Cuckoo/Mangrove_Cuckoo_0022_794625.jpg
image_001764_c032.jpg,1764,32,032.Mangrove_Cuckoo,032.Mangrove_Cuckoo/Mangrove_Cuckoo_0041_26370.jpg
image_001765_c032.jpg,1765,32,032.Mangrove_Cuckoo,032.Mangrove_Cuckoo/Mangrove_Cuckoo_0051_794627.jpg
image_001766_c032.jpg,1766,32,032.Mangrove_Cuckoo,032.Mangrove_Cuckoo/Mangrove_Cuckoo_0042_794628.jpg
image_001767_c032.jpg,1767,32,032.Mangrove_Cuckoo,032.Mangrove_Cuckoo/Mangrove_Cuckoo_0020_794629.jpg
image_001768_c032.jpg,1768,32,032.Mangrove_Cuckoo,032.Mangrove_Cuckoo/Mangrove_Cuckoo_0024_794630.jpg
image_001769_c032.jpg,1769,32,032.Mangrove_Cuckoo,032.Mangrove_Cuckoo/Mangrove_Cuckoo_0025_26375.jpg
image_001770_c032.jpg,1770,32,032.Mangrove_Cuckoo,032.Mangrove_Cuckoo/Mangrove_Cuckoo_0039_26348.jpg
image_001771_c032.jpg,1771,32,032.Mangrove_Cuckoo,032.Mangrove_Cuckoo/Mangrove_Cuckoo_0040_26378.jpg
image_001772_c032.jpg,1772,32,032.Mangrove_Cuckoo,032.Mangrove_Cuckoo/Mangrove_Cuckoo_0015_26380.jpg
image_001773_c032.jpg,1773,32,032.Mangrove_Cuckoo,032.Mangrove_Cuckoo/Mangrove_Cuckoo_0006_794626.jpg
image_001774_c032.jpg,1774,32,032.Mangrove_Cuckoo,032.Mangrove_Cuckoo/Mangrove_Cuckoo_0012_26382.jpg
image_001775_c032.jpg,1775,32,032.Mangrove_Cuckoo,032.Mangrove_Cuckoo/Mangrove_Cuckoo_0014_26388.jpg
image_001776_c032.jpg,1776,32,032.Mangrove_Cuckoo,032.Mangrove_Cuckoo/Mangrove_Cuckoo_0037_26389.jpg
image_001777_c032.jpg,1777,32,032.Mangrove_Cuckoo,032.Mangrove_Cuckoo/Mangrove_Cuckoo_0053_26390.jpg
image_001778_c032.jpg,1778,32,032.Mangrove_Cuckoo,032.Mangrove_Cuckoo/Mangrove_Cuckoo_0044_26393.jpg
image_001779_c032.jpg,1779,32,032.Mangrove_Cuckoo,032.Mangrove_Cuckoo/Mangrove_Cuckoo_0048_26351.jpg
image_001780_c032.jpg,1780,32,032.Mangrove_Cuckoo,032.Mangrove_Cuckoo/Mangrove_Cuckoo_0010_26399.jpg
image_001781_c032.jpg,1781,32,032.Mangrove_Cuckoo,032.Mangrove_Cuckoo/Mangrove_Cuckoo_0031_26401.jpg
image_001782_c032.jpg,1782,32,032.Mangrove_Cuckoo,032.Mangrove_Cuckoo/Mangrove_Cuckoo_0011_26406.jpg
image_001783_c032.jpg,1783,32,032.Mangrove_Cuckoo,032.Mangrove_Cuckoo/Mangrove_Cuckoo_0023_26409.jpg
image_001784_c032.jpg,1784,32,032.Mangrove_Cuckoo,032.Mangrove_Cuckoo/Mangrove_Cuckoo_0002_26410.jpg
image_001785_c032.jpg,1785,32,032.Mangrove_Cuckoo,032.Mangrove_Cuckoo/Mangrove_Cuckoo_0049_794631.jpg
image_001786_c032.jpg,1786,32,032.Mangrove_Cuckoo,032.Mangrove_Cuckoo/Mangrove_Cuckoo_0009_26354.jpg
image_001787_c032.jpg,1787,32,032.Mangrove_Cuckoo,032.Mangrove_Cuckoo/Mangrove_Cuckoo_0034_26415.jpg
image_001788_c032.jpg,1788,32,032.Mangrove_Cuckoo,032.Mangrove_Cuckoo/Mangrove_Cuckoo_0030_26350.jpg
image_001789_c032.jpg,1789,32,032.Mangrove_Cuckoo,032.Mangrove_Cuckoo/Mangrove_Cuckoo_0028_26358.jpg
image_001790_c032.jpg,1790,32,032.Mangrove_Cuckoo,032.Mangrove_Cuckoo/Mangrove_Cuckoo_0027_26360.jpg
image_001791_c032.jpg,1791,32,032.Mangrove_Cuckoo,032.Mangrove_Cuckoo/Mangrove_Cuckoo_0018_794593.jpg
image_001792_c032.jpg,1792,32,032.Mangrove_Cuckoo,032.Mangrove_Cuckoo/Mangrove_Cuckoo_0050_794594.jpg
image_001793_c032.jpg,1793,32,032.Mangrove_Cuckoo,032.Mangrove_Cuckoo/Mangrove_Cuckoo_0035_794595.jpg
image_001794_c032.jpg,1794,32,032.Mangrove_Cuckoo,032.Mangrove_Cuckoo/Mangrove_Cuckoo_0005_794599.jpg
image_001795_c032.jpg,1795,32,032.Mangrove_Cuckoo,032.Mangrove_Cuckoo/Mangrove_Cuckoo_0038_794600.jpg
image_001796_c032.jpg,1796,32,032.Mangrove_Cuckoo,032.Mangrove_Cuckoo/Mangrove_Cuckoo_0001_794601.jpg
image_001797_c032.jpg,1797,32,032.Mangrove_Cuckoo,032.Mangrove_Cuckoo/Mangrove_Cuckoo_0021_794602.jpg
image_001798_c032.jpg,1798,32,032.Mangrove_Cuckoo,032.Mangrove_Cuckoo/Mangrove_Cuckoo_0032_794603.jpg
image_001799_c032.jpg,1799,32,032.Mangrove_Cuckoo,032.Mangrove_Cuckoo/Mangrove_Cuckoo_0047_794604.jpg
image_001800_c032.jpg,1800,32,032.Mangrove_Cuckoo,032.Mangrove_Cuckoo/Mangrove_Cuckoo_0043_794605.jpg
image_001801_c032.jpg,1801,32,032.Mangrove_Cuckoo,032.Mangrove_Cuckoo/Mangrove_Cuckoo_0036_794606.jpg
image_001802_c032.jpg,1802,32,032.Mangrove_Cuckoo,032.Mangrove_Cuckoo/Mangrove_Cuckoo_0016_794607.jpg
image_001803_c032.jpg,1803,32,032.Mangrove_Cuckoo,032.Mangrove_Cuckoo/Mangrove_Cuckoo_0052_794608.jpg
image_001804_c032.jpg,1804,32,032.Mangrove_Cuckoo,032.Mangrove_Cuckoo/Mangrove_Cuckoo_0026_794609.jpg
image_001805_c032.jpg,1805,32,032.Mangrove_Cuckoo,032.Mangrove_Cuckoo/Mangrove_Cuckoo_0007_794610.jpg
image_001806_c032.jpg,1806,32,032.Mangrove_Cuckoo,032.Mangrove_Cuckoo/Mangrove_Cuckoo_0045_794612.jpg
image_001807_c032.jpg,1807,32,032.Mangrove_Cuckoo,032.Mangrove_Cuckoo/Mangrove_Cuckoo_0008_26357.jpg
image_001808_c032.jpg,1808,32,032.Mangrove_Cuckoo,032.Mangrove_Cuckoo/Mangrove_Cuckoo_0004_794614.jpg
image_001809_c032.jpg,1809,32,032.Mangrove_Cuckoo,032.Mangrove_Cuckoo/Mangrove_Cuckoo_0033_26359.jpg
image_001810_c032.jpg,1810,32,032.Mangrove_Cuckoo,032.Mangrove_Cuckoo/Mangrove_Cuckoo_0046_794616.jpg
image_001811_c032.jpg,1811,32,032.Mangrove_Cuckoo,032.Mangrove_Cuckoo/Mangrove_Cuckoo_0003_794619.jpg
image_001812_c032.jpg,1812,32,032.Mangrove_Cuckoo,032.Mangrove_Cuckoo/Mangrove_Cuckoo_0013_794620.jpg
image_001813_c032.jpg,1813,32,032.Mangrove_Cuckoo,032.Mangrove_Cuckoo/Mangrove_Cuckoo_0019_794621.jpg
image_001814_c032.jpg,1814,32,032.Mangrove_Cuckoo,032.Mangrove_Cuckoo/Mangrove_Cuckoo_0017_794623.jpg
image_001815_c033.jpg,1815,33,033.Yellow_billed_Cuckoo,033.Yellow_billed_Cuckoo/Yellow_Billed_Cuckoo_0048_26632.jpg
image_001816_c033.jpg,1816,33,033.Yellow_billed_Cuckoo,033.Yellow_billed_Cuckoo/Yellow_Billed_Cuckoo_0023_26637.jpg
image_001817_c033.jpg,1817,33,033.Yellow_billed_Cuckoo,033.Yellow_billed_Cuckoo/Yellow_Billed_Cuckoo_0094_26643.jpg
image_001818_c033.jpg,1818,33,033.Yellow_billed_Cuckoo,033.Yellow_billed_Cuckoo/Yellow_Billed_Cuckoo_0027_26844.jpg
image_001819_c033.jpg,1819,33,033.Yellow_billed_Cuckoo,033.Yellow_billed_Cuckoo/Yellow_Billed_Cuckoo_0117_26651.jpg
image_001820_c033.jpg,1820,33,033.Yellow_billed_Cuckoo,033.Yellow_billed_Cuckoo/Yellow_Billed_Cuckoo_0082_26655.jpg
image_001821_c033.jpg,1821,33,033.Yellow_billed_Cuckoo,033.Yellow_billed_Cuckoo/Yellow_Billed_Cuckoo_0009_26656.jpg
image_001822_c033.jpg,1822,33,033.Yellow_billed_Cuckoo,033.Yellow_billed_Cuckoo/Yellow_Billed_Cuckoo_0078_26888.jpg
image_001823_c033.jpg,1823,33,033.Yellow_billed_Cuckoo,033.Yellow_billed_Cuckoo/Yellow_Billed_Cuckoo_0022_26423.jpg
image_001824_c033.jpg,1824,33,033.Yellow_billed_Cuckoo,033.Yellow_billed_Cuckoo/Yellow_Billed_Cuckoo_0050_26424.jpg
image_001825_c033.jpg,1825,33,033.Yellow_billed_Cuckoo,033.Yellow_billed_Cuckoo/Yellow_Billed_Cuckoo_0036_26682.jpg
image_001826_c033.jpg,1826,33,033.Yellow_billed_Cuckoo,033.Yellow_billed_Cuckoo/Yellow_Billed_Cuckoo_0005_26684.jpg
image_001827_c033.jpg,1827,33,033.Yellow_billed_Cuckoo,033.Yellow_billed_Cuckoo/Yellow_Billed_Cuckoo_0045_26685.jpg
image_001828_c033.jpg,1828,33,033.Yellow_billed_Cuckoo,033.Yellow_billed_Cuckoo/Yellow_Billed_Cuckoo_0060_26686.jpg
image_001829_c033.jpg,1829,33,033.Yellow_billed_Cuckoo,033.Yellow_billed_Cuckoo/Yellow_Billed_Cuckoo_0007_26687.jpg
image_001830_c033.jpg,1830,33,033.Yellow_billed_Cuckoo,033.Yellow_billed_Cuckoo/Yellow_Billed_Cuckoo_0093_26432.jpg
image_001831_c033.jpg,1831,33,033.Yellow_billed_Cuckoo,033.Yellow_billed_Cuckoo/Yellow_Billed_Cuckoo_0042_26479.jpg
image_001832_c033.jpg,1832,33,033.Yellow_billed_Cuckoo,033.Yellow_billed_Cuckoo/Yellow_Billed_Cuckoo_0061_26692.jpg
image_001833_c033.jpg,1833,33,033.Yellow_billed_Cuckoo,033.Yellow_billed_Cuckoo/Yellow_Billed_Cuckoo_0034_26694.jpg
image_001834_c033.jpg,1834,33,033.Yellow_billed_Cuckoo,033.Yellow_billed_Cuckoo/Yellow_Billed_Cuckoo_0028_26446.jpg
image_001835_c033.jpg,1835,33,033.Yellow_billed_Cuckoo,033.Yellow_billed_Cuckoo/Yellow_Billed_Cuckoo_0039_26510.jpg
image_001836_c033.jpg,1836,33,033.Yellow_billed_Cuckoo,033.Yellow_billed_Cuckoo/Yellow_Billed_Cuckoo_0012_26712.jpg
image_001837_c033.jpg,1837,33,033.Yellow_billed_Cuckoo,033.Yellow_billed_Cuckoo/Yellow_Billed_Cuckoo_0097_26713.jpg
image_001838_c033.jpg,1838,33,033.Yellow_billed_Cuckoo,033.Yellow_billed_Cuckoo/Yellow_Billed_Cuckoo_0090_26714.jpg
image_001839_c033.jpg,1839,33,033.Yellow_billed_Cuckoo,033.Yellow_billed_Cuckoo/Yellow_Billed_Cuckoo_0002_26715.jpg
image_001840_c033.jpg,1840,33,033.Yellow_billed_Cuckoo,033.Yellow_billed_Cuckoo/Yellow_Billed_Cuckoo_0074_26466.jpg
image_001841_c033.jpg,1841,33,033.Yellow_billed_Cuckoo,033.Yellow_billed_Cuckoo/Yellow_Billed_Cuckoo_0091_26428.jpg
image_001842_c033.jpg,1842,33,033.Yellow_billed_Cuckoo,033.Yellow_billed_Cuckoo/Yellow_Billed_Cuckoo_0081_26429.jpg
image_001843_c033.jpg,1843,33,033.Yellow_billed_Cuckoo,033.Yellow_billed_Cuckoo/Yellow_Billed_Cuckoo_0053_26738.jpg
image_001844_c033.jpg,1844,33,033.Yellow_billed_Cuckoo,033.Yellow_billed_Cuckoo/Yellow_Billed_Cuckoo_0073_26744.jpg
image_001845_c033.jpg,1845,33,033.Yellow_billed_Cuckoo,033.Yellow_billed_Cuckoo/Yellow_Billed_Cuckoo_0077_26431.jpg
image_001846_c033.jpg,1846,33,033.Yellow_billed_Cuckoo,033.Yellow_billed_Cuckoo/Yellow_Billed_Cuckoo_0043_26492.jpg
image_001847_c033.jpg,1847,33,033.Yellow_billed_Cuckoo,033.Yellow_billed_Cuckoo/Yellow_Billed_Cuckoo_0014_26754.jpg
image_001848_c033.jpg,1848,33,033.Yellow_billed_Cuckoo,033.Yellow_billed_Cuckoo/Yellow_Billed_Cuckoo_0098_26501.jpg
image_001849_c033.jpg,1849,33,033.Yellow_billed_Cuckoo,033.Yellow_billed_Cuckoo/Yellow_Billed_Cuckoo_0084_26761.jpg
image_001850_c033.jpg,1850,33,033.Yellow_billed_Cuckoo,033.Yellow_billed_Cuckoo/Yellow_Billed_Cuckoo_0049_26766.jpg
image_001851_c033.jpg,1851,33,033.Yellow_billed_Cuckoo,033.Yellow_billed_Cuckoo/Yellow_Billed_Cuckoo_0033_26521.jpg
image_001852_c033.jpg,1852,33,033.Yellow_billed_Cuckoo,033.Yellow_billed_Cuckoo/Yellow_Billed_Cuckoo_0004_26790.jpg
image_001853_c033.jpg,1853,33,033.Yellow_billed_Cuckoo,033.Yellow_billed_Cuckoo/Yellow_Billed_Cuckoo_0018_26535.jpg
image_001854_c033.jpg,1854,33,033.Yellow_billed_Cuckoo,033.Yellow_billed_Cuckoo/Yellow_Billed_Cuckoo_0026_26794.jpg
image_001855_c033.jpg,1855,33,033.Yellow_billed_Cuckoo,033.Yellow_billed_Cuckoo/Yellow_Billed_Cuckoo_0010_26795.jpg
image_001856_c033.jpg,1856,33,033.Yellow_billed_Cuckoo,033.Yellow_billed_Cuckoo/Yellow_Billed_Cuckoo_0003_26797.jpg
image_001857_c033.jpg,1857,33,033.Yellow_billed_Cuckoo,033.Yellow_billed_Cuckoo/Yellow_Billed_Cuckoo_0116_26544.jpg
image_001858_c033.jpg,1858,33,033.Yellow_billed_Cuckoo,033.Yellow_billed_Cuckoo/Yellow_Billed_Cuckoo_0019_26803.jpg
image_001859_c033.jpg,1859,33,033.Yellow_billed_Cuckoo,033.Yellow_billed_Cuckoo/Yellow_Billed_Cuckoo_0119_26550.jpg
image_001860_c033.jpg,1860,33,033.Yellow_billed_Cuckoo,033.Yellow_billed_Cuckoo/Yellow_Billed_Cuckoo_0121_26807.jpg
image_001861_c033.jpg,1861,33,033.Yellow_billed_Cuckoo,033.Yellow_billed_Cuckoo/Yellow_Billed_Cuckoo_0088_26812.jpg
image_001862_c033.jpg,1862,33,033.Yellow_billed_Cuckoo,033.Yellow_billed_Cuckoo/Yellow_Billed_Cuckoo_0104_26814.jpg
image_001863_c033.jpg,1863,33,033.Yellow_billed_Cuckoo,033.Yellow_billed_Cuckoo/Yellow_Billed_Cuckoo_0038_26912.jpg
image_001864_c033.jpg,1864,33,033.Yellow_billed_Cuckoo,033.Yellow_billed_Cuckoo/Yellow_Billed_Cuckoo_0059_26828.jpg
image_001865_c033.jpg,1865,33,033.Yellow_billed_Cuckoo,033.Yellow_billed_Cuckoo/Yellow_Billed_Cuckoo_0024_26832.jpg
image_001866_c033.jpg,1866,33,033.Yellow_billed_Cuckoo,033.Yellow_billed_Cuckoo/Yellow_Billed_Cuckoo_0006_26578.jpg
image_001867_c033.jpg,1867,33,033.Yellow_billed_Cuckoo,033.Yellow_billed_Cuckoo/Yellow_Billed_Cuckoo_0107_26838.jpg
image_001868_c033.jpg,1868,33,033.Yellow_billed_Cuckoo,033.Yellow_billed_Cuckoo/Yellow_Billed_Cuckoo_0069_26597.jpg
image_001869_c033.jpg,1869,33,033.Yellow_billed_Cuckoo,033.Yellow_billed_Cuckoo/Yellow_Billed_Cuckoo_0066_26600.jpg
image_001870_c033.jpg,1870,33,033.Yellow_billed_Cuckoo,033.Yellow_billed_Cuckoo/Yellow_Billed_Cuckoo_0092_26859.jpg
image_001871_c033.jpg,1871,33,033.Yellow_billed_Cuckoo,033.Yellow_billed_Cuckoo/Yellow_Billed_Cuckoo_0029_26865.jpg
image_001872_c033.jpg,1872,33,033.Yellow_billed_Cuckoo,033.Yellow_billed_Cuckoo/Yellow_Billed_Cuckoo_0032_26616.jpg
image_001873_c033.jpg,1873,33,033.Yellow_billed_Cuckoo,033.Yellow_billed_Cuckoo/Yellow_Billed_Cuckoo_0067_26878.jpg
image_001874_c034.jpg,1874,34,034.Gray_crowned_Rosy_Finch,034.Gray_crowned_Rosy_Finch/Gray_Crowned_Rosy_Finch_0078_27136.jpg
image_001875_c034.jpg,1875,34,034.Gray_crowned_Rosy_Finch,034.Gray_crowned_Rosy_Finch/Gray_Crowned_Rosy_Finch_0042_27143.jpg
image_001876_c034.jpg,1876,34,034.Gray_crowned_Rosy_Finch,034.Gray_crowned_Rosy_Finch/Gray_Crowned_Rosy_Finch_0027_27153.jpg
image_001877_c034.jpg,1877,34,034.Gray_crowned_Rosy_Finch,034.Gray_crowned_Rosy_Finch/Gray_Crowned_Rosy_Finch_0074_27156.jpg
image_001878_c034.jpg,1878,34,034.Gray_crowned_Rosy_Finch,034.Gray_crowned_Rosy_Finch/Gray_Crowned_Rosy_Finch_0026_27160.jpg
image_001879_c034.jpg,1879,34,034.Gray_crowned_Rosy_Finch,034.Gray_crowned_Rosy_Finch/Gray_Crowned_Rosy_Finch_0075_27165.jpg
image_001880_c034.jpg,1880,34,034.Gray_crowned_Rosy_Finch,034.Gray_crowned_Rosy_Finch/Gray_Crowned_Rosy_Finch_0016_27181.jpg
image_001881_c034.jpg,1881,34,034.Gray_crowned_Rosy_Finch,034.Gray_crowned_Rosy_Finch/Gray_Crowned_Rosy_Finch_0043_26990.jpg
image_001882_c034.jpg,1882,34,034.Gray_crowned_Rosy_Finch,034.Gray_crowned_Rosy_Finch/Gray_Crowned_Rosy_Finch_0019_27192.jpg
image_001883_c034.jpg,1883,34,034.Gray_crowned_Rosy_Finch,034.Gray_crowned_Rosy_Finch/Gray_Crowned_Rosy_Finch_0068_27196.jpg
image_001884_c034.jpg,1884,34,034.Gray_crowned_Rosy_Finch,034.Gray_crowned_Rosy_Finch/Gray_Crowned_Rosy_Finch_0076_27200.jpg
image_001885_c034.jpg,1885,34,034.Gray_crowned_Rosy_Finch,034.Gray_crowned_Rosy_Finch/Gray_Crowned_Rosy_Finch_0009_26977.jpg
image_001886_c034.jpg,1886,34,034.Gray_crowned_Rosy_Finch,034.Gray_crowned_Rosy_Finch/Gray_Crowned_Rosy_Finch_0001_27211.jpg
image_001887_c034.jpg,1887,34,034.Gray_crowned_Rosy_Finch,034.Gray_crowned_Rosy_Finch/Gray_Crowned_Rosy_Finch_0018_26978.jpg
image_001888_c034.jpg,1888,34,034.Gray_crowned_Rosy_Finch,034.Gray_crowned_Rosy_Finch/Gray_Crowned_Rosy_Finch_0067_797289.jpg
image_001889_c034.jpg,1889,34,034.Gray_crowned_Rosy_Finch,034.Gray_crowned_Rosy_Finch/Gray_Crowned_Rosy_Finch_0061_26979.jpg
image_001890_c034.jpg,1890,34,034.Gray_crowned_Rosy_Finch,034.Gray_crowned_Rosy_Finch/Gray_Crowned_Rosy_Finch_0004_797272.jpg
image_001891_c034.jpg,1891,34,034.Gray_crowned_Rosy_Finch,034.Gray_crowned_Rosy_Finch/Gray_Crowned_Rosy_Finch_0048_27236.jpg
image_001892_c034.jpg,1892,34,034.Gray_crowned_Rosy_Finch,034.Gray_crowned_Rosy_Finch/Gray_Crowned_Rosy_Finch_0025_797274.jpg
image_001893_c034.jpg,1893,34,034.Gray_crowned_Rosy_Finch,034.Gray_crowned_Rosy_Finch/Gray_Crowned_Rosy_Finch_0053_797276.jpg
image_001894_c034.jpg,1894,34,034.Gray_crowned_Rosy_Finch,034.Gray_crowned_Rosy_Finch/Gray_Crowned_Rosy_Finch_0007_797278.jpg
image_001895_c034.jpg,1895,34,034.Gray_crowned_Rosy_Finch,034.Gray_crowned_Rosy_Finch/Gray_Crowned_Rosy_Finch_0044_26976.jpg
image_001896_c034.jpg,1896,34,034.Gray_crowned_Rosy_Finch,034.Gray_crowned_Rosy_Finch/Gray_Crowned_Rosy_Finch_0083_797281.jpg
image_001897_c034.jpg,1897,34,034.Gray_crowned_Rosy_Finch,034.Gray_crowned_Rosy_Finch/Gray_Crowned_Rosy_Finch_0006_797284.jpg
image_001898_c034.jpg,1898,34,034.Gray_crowned_Rosy_Finch,034.Gray_crowned_Rosy_Finch/Gray_Crowned_Rosy_Finch_0071_797285.jpg
image_001899_c034.jpg,1899,34,034.Gray_crowned_Rosy_Finch,034.Gray_crowned_Rosy_Finch/Gray_Crowned_Rosy_Finch_0021_797286.jpg
image_001900_c034.jpg,1900,34,034.Gray_crowned_Rosy_Finch,034.Gray_crowned_Rosy_Finch/Gray_Crowned_Rosy_Finch_0036_797287.jpg
image_001901_c034.jpg,1901,34,034.Gray_crowned_Rosy_Finch,034.Gray_crowned_Rosy_Finch/Gray_Crowned_Rosy_Finch_0023_797288.jpg
image_001902_c034.jpg,1902,34,034.Gray_crowned_Rosy_Finch,034.Gray_crowned_Rosy_Finch/Gray_Crowned_Rosy_Finch_0040_26985.jpg
image_001903_c034.jpg,1903,34,034.Gray_crowned_Rosy_Finch,034.Gray_crowned_Rosy_Finch/Gray_Crowned_Rosy_Finch_0015_797291.jpg
image_001904_c034.jpg,1904,34,034.Gray_crowned_Rosy_Finch,034.Gray_crowned_Rosy_Finch/Gray_Crowned_Rosy_Finch_0051_26988.jpg
image_001905_c034.jpg,1905,34,034.Gray_crowned_Rosy_Finch,034.Gray_crowned_Rosy_Finch/Gray_Crowned_Rosy_Finch_0056_797293.jpg
image_001906_c034.jpg,1906,34,034.Gray_crowned_Rosy_Finch,034.Gray_crowned_Rosy_Finch/Gray_Crowned_Rosy_Finch_0079_797294.jpg
image_001907_c034.jpg,1907,34,034.Gray_crowned_Rosy_Finch,034.Gray_crowned_Rosy_Finch/Gray_Crowned_Rosy_Finch_0046_797295.jpg
image_001908_c034.jpg,1908,34,034.Gray_crowned_Rosy_Finch,034.Gray_crowned_Rosy_Finch/Gray_Crowned_Rosy_Finch_0066_797298.jpg
image_001909_c034.jpg,1909,34,034.Gray_crowned_Rosy_Finch,034.Gray_crowned_Rosy_Finch/Gray_Crowned_Rosy_Finch_0031_797299.jpg
image_001910_c034.jpg,1910,34,034.Gray_crowned_Rosy_Finch,034.Gray_crowned_Rosy_Finch/Gray_Crowned_Rosy_Finch_0029_797300.jpg
image_001911_c034.jpg,1911,34,034.Gray_crowned_Rosy_Finch,034.Gray_crowned_Rosy_Finch/Gray_Crowned_Rosy_Finch_0065_797301.jpg
image_001912_c034.jpg,1912,34,034.Gray_crowned_Rosy_Finch,034.Gray_crowned_Rosy_Finch/Gray_Crowned_Rosy_Finch_0047_797303.jpg
image_001913_c034.jpg,1913,34,034.Gray_crowned_Rosy_Finch,034.Gray_crowned_Rosy_Finch/Gray_Crowned_Rosy_Finch_0034_797305.jpg
image_001914_c034.jpg,1914,34,034.Gray_crowned_Rosy_Finch,034.Gray_crowned_Rosy_Finch/Gray_Crowned_Rosy_Finch_0038_797309.jpg
image_001915_c034.jpg,1915,34,034.Gray_crowned_Rosy_Finch,034.Gray_crowned_Rosy_Finch/Gray_Crowned_Rosy_Finch_0064_27007.jpg
image_001916_c034.jpg,1916,34,034.Gray_crowned_Rosy_Finch,034.Gray_crowned_Rosy_Finch/Gray_Crowned_Rosy_Finch_0072_26993.jpg
image_001917_c034.jpg,1917,34,034.Gray_crowned_Rosy_Finch,034.Gray_crowned_Rosy_Finch/Gray_Crowned_Rosy_Finch_0022_27028.jpg
image_001918_c034.jpg,1918,34,034.Gray_crowned_Rosy_Finch,034.Gray_crowned_Rosy_Finch/Gray_Crowned_Rosy_Finch_0052_27032.jpg
image_001919_c034.jpg,1919,34,034.Gray_crowned_Rosy_Finch,034.Gray_crowned_Rosy_Finch/Gray_Crowned_Rosy_Finch_0084_27034.jpg
image_001920_c034.jpg,1920,34,034.Gray_crowned_Rosy_Finch,034.Gray_crowned_Rosy_Finch/Gray_Crowned_Rosy_Finch_0010_27039.jpg
image_001921_c034.jpg,1921,34,034.Gray_crowned_Rosy_Finch,034.Gray_crowned_Rosy_Finch/Gray_Crowned_Rosy_Finch_0024_27057.jpg
image_001922_c034.jpg,1922,34,034.Gray_crowned_Rosy_Finch,034.Gray_crowned_Rosy_Finch/Gray_Crowned_Rosy_Finch_0012_27062.jpg
image_001923_c034.jpg,1923,34,034.Gray_crowned_Rosy_Finch,034.Gray_crowned_Rosy_Finch/Gray_Crowned_Rosy_Finch_0030_27068.jpg
image_001924_c034.jpg,1924,34,034.Gray_crowned_Rosy_Finch,034.Gray_crowned_Rosy_Finch/Gray_Crowned_Rosy_Finch_0037_27088.jpg
image_001925_c034.jpg,1925,34,034.Gray_crowned_Rosy_Finch,034.Gray_crowned_Rosy_Finch/Gray_Crowned_Rosy_Finch_0073_27104.jpg
image_001926_c034.jpg,1926,34,034.Gray_crowned_Rosy_Finch,034.Gray_crowned_Rosy_Finch/Gray_Crowned_Rosy_Finch_0041_27105.jpg
image_001927_c034.jpg,1927,34,034.Gray_crowned_Rosy_Finch,034.Gray_crowned_Rosy_Finch/Gray_Crowned_Rosy_Finch_0057_27107.jpg
image_001928_c034.jpg,1928,34,034.Gray_crowned_Rosy_Finch,034.Gray_crowned_Rosy_Finch/Gray_Crowned_Rosy_Finch_0080_27108.jpg
image_001929_c034.jpg,1929,34,034.Gray_crowned_Rosy_Finch,034.Gray_crowned_Rosy_Finch/Gray_Crowned_Rosy_Finch_0013_27110.jpg
image_001930_c034.jpg,1930,34,034.Gray_crowned_Rosy_Finch,034.Gray_crowned_Rosy_Finch/Gray_Crowned_Rosy_Finch_0055_27112.jpg
image_001931_c034.jpg,1931,34,034.Gray_crowned_Rosy_Finch,034.Gray_crowned_Rosy_Finch/Gray_Crowned_Rosy_Finch_0028_27114.jpg
image_001932_c034.jpg,1932,34,034.Gray_crowned_Rosy_Finch,034.Gray_crowned_Rosy_Finch/Gray_Crowned_Rosy_Finch_0063_27123.jpg
image_001933_c035.jpg,1933,35,035.Purple_Finch,035.Purple_Finch/Purple_Finch_0025_28174.jpg
image_001934_c035.jpg,1934,35,035.Purple_Finch,035.Purple_Finch/Purple_Finch_0048_27670.jpg
image_001935_c035.jpg,1935,35,035.Purple_Finch,035.Purple_Finch/Purple_Finch_0115_28190.jpg
image_001936_c035.jpg,1936,35,035.Purple_Finch,035.Purple_Finch/Purple_Finch_0096_27688.jpg
image_001937_c035.jpg,1937,35,035.Purple_Finch,035.Purple_Finch/Purple_Finch_0001_27571.jpg
image_001938_c035.jpg,1938,35,035.Purple_Finch,035.Purple_Finch/Purple_Finch_0050_27702.jpg
image_001939_c035.jpg,1939,35,035.Purple_Finch,035.Purple_Finch/Purple_Finch_0021_28235.jpg
image_001940_c035.jpg,1940,35,035.Purple_Finch,035.Purple_Finch/Purple_Finch_0031_28175.jpg
image_001941_c035.jpg,1941,35,035.Purple_Finch,035.Purple_Finch/Purple_Finch_0110_27750.jpg
image_001942_c035.jpg,1942,35,035.Purple_Finch,035.Purple_Finch/Purple_Finch_0030_27255.jpg
image_001943_c035.jpg,1943,35,035.Purple_Finch,035.Purple_Finch/Purple_Finch_0079_27258.jpg
image_001944_c035.jpg,1944,35,035.Purple_Finch,035.Purple_Finch/Purple_Finch_0119_27260.jpg
image_001945_c035.jpg,1945,35,035.Purple_Finch,035.Purple_Finch/Purple_Finch_0092_27264.jpg
image_001946_c035.jpg,1946,35,035.Purple_Finch,035.Purple_Finch/Purple_Finch_0002_27266.jpg
image_001947_c035.jpg,1947,35,035.Purple_Finch,035.Purple_Finch/Purple_Finch_0098_27280.jpg
image_001948_c035.jpg,1948,35,035.Purple_Finch,035.Purple_Finch/Purple_Finch_0097_27288.jpg
image_001949_c035.jpg,1949,35,035.Purple_Finch,035.Purple_Finch/Purple_Finch_0111_27293.jpg
image_001950_c035.jpg,1950,35,035.Purple_Finch,035.Purple_Finch/Purple_Finch_0046_27295.jpg
image_001951_c035.jpg,1951,35,035.Purple_Finch,035.Purple_Finch/Purple_Finch_0032_27305.jpg
image_001952_c035.jpg,1952,35,035.Purple_Finch,035.Purple_Finch/Purple_Finch_0102_27308.jpg
image_001953_c035.jpg,1953,35,035.Purple_Finch,035.Purple_Finch/Purple_Finch_0014_27322.jpg
image_001954_c035.jpg,1954,35,035.Purple_Finch,035.Purple_Finch/Purple_Finch_0094_27323.jpg
image_001955_c035.jpg,1955,35,035.Purple_Finch,035.Purple_Finch/Purple_Finch_0114_27837.jpg
image_001956_c035.jpg,1956,35,035.Purple_Finch,035.Purple_Finch/Purple_Finch_0117_27427.jpg
image_001957_c035.jpg,1957,35,035.Purple_Finch,035.Purple_Finch/Purple_Finch_0081_27913.jpg
image_001958_c035.jpg,1958,35,035.Purple_Finch,035.Purple_Finch/Purple_Finch_0033_27926.jpg
image_001959_c035.jpg,1959,35,035.Purple_Finch,035.Purple_Finch/Purple_Finch_0133_27928.jpg
image_001960_c035.jpg,1960,35,035.Purple_Finch,035.Purple_Finch/Purple_Finch_0091_27425.jpg
image_001961_c035.jpg,1961,35,035.Purple_Finch,035.Purple_Finch/Purple_Finch_0006_27950.jpg
image_001962_c035.jpg,1962,35,035.Purple_Finch,035.Purple_Finch/Purple_Finch_0076_27441.jpg
image_001963_c035.jpg,1963,35,035.Purple_Finch,035.Purple_Finch/Purple_Finch_0071_27443.jpg
image_001964_c035.jpg,1964,35,035.Purple_Finch,035.Purple_Finch/Purple_Finch_0020_27961.jpg
image_001965_c035.jpg,1965,35,035.Purple_Finch,035.Purple_Finch/Purple_Finch_0059_27966.jpg
image_001966_c035.jpg,1966,35,035.Purple_Finch,035.Purple_Finch/Purple_Finch_0008_27455.jpg
image_001967_c035.jpg,1967,35,035.Purple_Finch,035.Purple_Finch/Purple_Finch_0035_27972.jpg
image_001968_c035.jpg,1968,35,035.Purple_Finch,035.Purple_Finch/Purple_Finch_0103_27461.jpg
image_001969_c035.jpg,1969,35,035.Purple_Finch,035.Purple_Finch/Purple_Finch_0065_27473.jpg
image_001970_c035.jpg,1970,35,035.Purple_Finch,035.Purple_Finch/Purple_Finch_0013_27506.jpg
image_001971_c035.jpg,1971,35,035.Purple_Finch,035.Purple_Finch/Purple_Finch_0049_27507.jpg
image_001972_c035.jpg,1972,35,035.Purple_Finch,035.Purple_Finch/Purple_Finch_0005_27512.jpg
image_001973_c035.jpg,1973,35,035.Purple_Finch,035.Purple_Finch/Purple_Finch_0134_27526.jpg
image_001974_c035.jpg,1974,35,035.Purple_Finch,035.Purple_Finch/Purple_Finch_0053_27543.jpg
image_001975_c035.jpg,1975,35,035.Purple_Finch,035.Purple_Finch/Purple_Finch_0113_27547.jpg
image_001976_c035.jpg,1976,35,035.Purple_Finch,035.Purple_Finch/Purple_Finch_0130_27555.jpg
image_001977_c035.jpg,1977,35,035.Purple_Finch,035.Purple_Finch/Purple_Finch_0011_27633.jpg
image_001978_c035.jpg,1978,35,035.Purple_Finch,035.Purple_Finch/Purple_Finch_0088_28076.jpg
image_001979_c035.jpg,1979,35,035.Purple_Finch,035.Purple_Finch/Purple_Finch_0004_27565.jpg
image_001980_c035.jpg,1980,35,035.Purple_Finch,035.Purple_Finch/Purple_Finch_0124_27567.jpg
image_001981_c035.jpg,1981,35,035.Purple_Finch,035.Purple_Finch/Purple_Finch_0104_28088.jpg
image_001982_c035.jpg,1982,35,035.Purple_Finch,035.Purple_Finch/Purple_Finch_0074_28101.jpg
image_001983_c035.jpg,1983,35,035.Purple_Finch,035.Purple_Finch/Purple_Finch_0120_27597.jpg
image_001984_c035.jpg,1984,35,035.Purple_Finch,035.Purple_Finch/Purple_Finch_0118_27604.jpg
image_001985_c035.jpg,1985,35,035.Purple_Finch,035.Purple_Finch/Purple_Finch_0043_28117.jpg
image_001986_c035.jpg,1986,35,035.Purple_Finch,035.Purple_Finch/Purple_Finch_0106_27607.jpg
image_001987_c035.jpg,1987,35,035.Purple_Finch,035.Purple_Finch/Purple_Finch_0023_27986.jpg
image_001988_c035.jpg,1988,35,035.Purple_Finch,035.Purple_Finch/Purple_Finch_0108_28143.jpg
image_001989_c035.jpg,1989,35,035.Purple_Finch,035.Purple_Finch/Purple_Finch_0067_27431.jpg
image_001990_c035.jpg,1990,35,035.Purple_Finch,035.Purple_Finch/Purple_Finch_0086_27637.jpg
image_001991_c035.jpg,1991,35,035.Purple_Finch,035.Purple_Finch/Purple_Finch_0082_27639.jpg
image_001992_c035.jpg,1992,35,035.Purple_Finch,035.Purple_Finch/Purple_Finch_0036_27641.jpg
image_001993_c036.jpg,1993,36,036.Northern_Flicker,036.Northern_Flicker/Northern_Flicker_0072_28678.jpg
image_001994_c036.jpg,1994,36,036.Northern_Flicker,036.Northern_Flicker/Northern_Flicker_0036_28681.jpg
image_001995_c036.jpg,1995,36,036.Northern_Flicker,036.Northern_Flicker/Northern_Flicker_0041_28697.jpg
image_001996_c036.jpg,1996,36,036.Northern_Flicker,036.Northern_Flicker/Northern_Flicker_0093_28700.jpg
image_001997_c036.jpg,1997,36,036.Northern_Flicker,036.Northern_Flicker/Northern_Flicker_0094_28726.jpg
image_001998_c036.jpg,1998,36,036.Northern_Flicker,036.Northern_Flicker/Northern_Flicker_0075_28729.jpg
image_001999_c036.jpg,1999,36,036.Northern_Flicker,036.Northern_Flicker/Northern_Flicker_0034_28740.jpg
image_002000_c036.jpg,2000,36,036.Northern_Flicker,036.Northern_Flicker/Northern_Flicker_0021_28741.jpg
image_002001_c036.jpg,2001,36,036.Northern_Flicker,036.Northern_Flicker/Northern_Flicker_0037_28751.jpg
image_002002_c036.jpg,2002,36,036.Northern_Flicker,036.Northern_Flicker/Northern_Flicker_0050_28284.jpg
image_002003_c036.jpg,2003,36,036.Northern_Flicker,036.Northern_Flicker/Northern_Flicker_0091_28799.jpg
image_002004_c036.jpg,2004,36,036.Northern_Flicker,036.Northern_Flicker/Northern_Flicker_0006_28290.jpg
image_002005_c036.jpg,2005,36,036.Northern_Flicker,036.Northern_Flicker/Northern_Flicker_0135_28291.jpg
image_002006_c036.jpg,2006,36,036.Northern_Flicker,036.Northern_Flicker/Northern_Flicker_0099_28312.jpg
image_002007_c036.jpg,2007,36,036.Northern_Flicker,036.Northern_Flicker/Northern_Flicker_0132_28313.jpg
image_002008_c036.jpg,2008,36,036.Northern_Flicker,036.Northern_Flicker/Northern_Flicker_0084_28318.jpg
image_002009_c036.jpg,2009,36,036.Northern_Flicker,036.Northern_Flicker/Northern_Flicker_0105_28836.jpg
image_002010_c036.jpg,2010,36,036.Northern_Flicker,036.Northern_Flicker/Northern_Flicker_0068_28330.jpg
image_002011_c036.jpg,2011,36,036.Northern_Flicker,036.Northern_Flicker/Northern_Flicker_0035_28332.jpg
image_002012_c036.jpg,2012,36,036.Northern_Flicker,036.Northern_Flicker/Northern_Flicker_0078_28338.jpg
image_002013_c036.jpg,2013,36,036.Northern_Flicker,036.Northern_Flicker/Northern_Flicker_0077_28341.jpg
image_002014_c036.jpg,2014,36,036.Northern_Flicker,036.Northern_Flicker/Northern_Flicker_0055_28344.jpg
image_002015_c036.jpg,2015,36,036.Northern_Flicker,036.Northern_Flicker/Northern_Flicker_0086_28360.jpg
image_002016_c036.jpg,2016,36,036.Northern_Flicker,036.Northern_Flicker/Northern_Flicker_0104_28371.jpg
image_002017_c036.jpg,2017,36,036.Northern_Flicker,036.Northern_Flicker/Northern_Flicker_0085_28378.jpg
image_002018_c036.jpg,2018,36,036.Northern_Flicker,036.Northern_Flicker/Northern_Flicker_0123_28381.jpg
image_002019_c036.jpg,2019,36,036.Northern_Flicker,036.Northern_Flicker/Northern_Flicker_0004_28854.jpg
image_002020_c036.jpg,2020,36,036.Northern_Flicker,036.Northern_Flicker/Northern_Flicker_0100_28898.jpg
image_002021_c036.jpg,2021,36,036.Northern_Flicker,036.Northern_Flicker/Northern_Flicker_0046_28391.jpg
image_002022_c036.jpg,2022,36,036.Northern_Flicker,036.Northern_Flicker/Northern_Flicker_0054_28913.jpg
image_002023_c036.jpg,2023,36,036.Northern_Flicker,036.Northern_Flicker/Northern_Flicker_0111_28402.jpg
image_002024_c036.jpg,2024,36,036.Northern_Flicker,036.Northern_Flicker/Northern_Flicker_0136_28918.jpg
image_002025_c036.jpg,2025,36,036.Northern_Flicker,036.Northern_Flicker/Northern_Flicker_0139_28419.jpg
image_002026_c036.jpg,2026,36,036.Northern_Flicker,036.Northern_Flicker/Northern_Flicker_0095_28938.jpg
image_002027_c036.jpg,2027,36,036.Northern_Flicker,036.Northern_Flicker/Northern_Flicker_0022_28952.jpg
image_002028_c036.jpg,2028,36,036.Northern_Flicker,036.Northern_Flicker/Northern_Flicker_0106_28441.jpg
image_002029_c036.jpg,2029,36,036.Northern_Flicker,036.Northern_Flicker/Northern_Flicker_0053_28445.jpg
image_002030_c036.jpg,2030,36,036.Northern_Flicker,036.Northern_Flicker/Northern_Flicker_0045_28805.jpg
image_002031_c036.jpg,2031,36,036.Northern_Flicker,036.Northern_Flicker/Northern_Flicker_0131_28962.jpg
image_002032_c036.jpg,2032,36,036.Northern_Flicker,036.Northern_Flicker/Northern_Flicker_0124_28966.jpg
image_002033_c036.jpg,2033,36,036.Northern_Flicker,036.Northern_Flicker/Northern_Flicker_0011_28466.jpg
image_002034_c036.jpg,2034,36,036.Northern_Flicker,036.Northern_Flicker/Northern_Flicker_0138_28476.jpg
image_002035_c036.jpg,2035,36,036.Northern_Flicker,036.Northern_Flicker/Northern_Flicker_0125_28485.jpg
image_002036_c036.jpg,2036,36,036.Northern_Flicker,036.Northern_Flicker/Northern_Flicker_0059_28488.jpg
image_002037_c036.jpg,2037,36,036.Northern_Flicker,036.Northern_Flicker/Northern_Flicker_0090_28491.jpg
image_002038_c036.jpg,2038,36,036.Northern_Flicker,036.Northern_Flicker/Northern_Flicker_0118_28500.jpg
image_002039_c036.jpg,2039,36,036.Northern_Flicker,036.Northern_Flicker/Northern_Flicker_0108_28502.jpg
image_002040_c036.jpg,2040,36,036.Northern_Flicker,036.Northern_Flicker/Northern_Flicker_0129_29022.jpg
image_002041_c036.jpg,2041,36,036.Northern_Flicker,036.Northern_Flicker/Northern_Flicker_0024_29041.jpg
image_002042_c036.jpg,2042,36,036.Northern_Flicker,036.Northern_Flicker/Northern_Flicker_0008_28591.jpg
image_002043_c036.jpg,2043,36,036.Northern_Flicker,036.Northern_Flicker/Northern_Flicker_0044_28592.jpg
image_002044_c036.jpg,2044,36,036.Northern_Flicker,036.Northern_Flicker/Northern_Flicker_0110_28602.jpg
image_002045_c036.jpg,2045,36,036.Northern_Flicker,036.Northern_Flicker/Northern_Flicker_0016_28603.jpg
image_002046_c036.jpg,2046,36,036.Northern_Flicker,036.Northern_Flicker/Northern_Flicker_0057_28606.jpg
image_002047_c036.jpg,2047,36,036.Northern_Flicker,036.Northern_Flicker/Northern_Flicker_0096_28623.jpg
image_002048_c036.jpg,2048,36,036.Northern_Flicker,036.Northern_Flicker/Northern_Flicker_0079_28630.jpg
image_002049_c036.jpg,2049,36,036.Northern_Flicker,036.Northern_Flicker/Northern_Flicker_0127_28411.jpg
image_002050_c036.jpg,2050,36,036.Northern_Flicker,036.Northern_Flicker/Northern_Flicker_0069_28924.jpg
image_002051_c036.jpg,2051,36,036.Northern_Flicker,036.Northern_Flicker/Northern_Flicker_0051_28650.jpg
image_002052_c036.jpg,2052,36,036.Northern_Flicker,036.Northern_Flicker/Northern_Flicker_0107_28667.jpg
image_002053_c037.jpg,2053,37,037.Acadian_Flycatcher,037.Acadian_Flycatcher/Acadian_Flycatcher_0066_29190.jpg
image_002054_c037.jpg,2054,37,037.Acadian_Flycatcher,037.Acadian_Flycatcher/Acadian_Flycatcher_0033_29195.jpg
image_002055_c037.jpg,2055,37,037.Acadian_Flycatcher,037.Acadian_Flycatcher/Acadian_Flycatcher_0067_29197.jpg
image_002056_c037.jpg,2056,37,037.Acadian_Flycatcher,037.Acadian_Flycatcher/Acadian_Flycatcher_0010_29199.jpg
image_002057_c037.jpg,2057,37,037.Acadian_Flycatcher,037.Acadian_Flycatcher/Acadian_Flycatcher_0022_29145.jpg
image_002058_c037.jpg,2058,37,037.Acadian_Flycatcher,037.Acadian_Flycatcher/Acadian_Flycatcher_0016_29217.jpg
image_002059_c037.jpg,2059,37,037.Acadian_Flycatcher,037.Acadian_Flycatcher/Acadian_Flycatcher_0013_29232.jpg
image_002060_c037.jpg,2060,37,037.Acadian_Flycatcher,037.Acadian_Flycatcher/Acadian_Flycatcher_0070_29150.jpg
image_002061_c037.jpg,2061,37,037.Acadian_Flycatcher,037.Acadian_Flycatcher/Acadian_Flycatcher_0009_29155.jpg
image_002062_c037.jpg,2062,37,037.Acadian_Flycatcher,037.Acadian_Flycatcher/Acadian_Flycatcher_0036_795577.jpg
image_002063_c037.jpg,2063,37,037.Acadian_Flycatcher,037.Acadian_Flycatcher/Acadian_Flycatcher_0069_795579.jpg
image_002064_c037.jpg,2064,37,037.Acadian_Flycatcher,037.Acadian_Flycatcher/Acadian_Flycatcher_0030_795591.jpg
image_002065_c037.jpg,2065,37,037.Acadian_Flycatcher,037.Acadian_Flycatcher/Acadian_Flycatcher_0020_29069.jpg
image_002066_c037.jpg,2066,37,037.Acadian_Flycatcher,037.Acadian_Flycatcher/Acadian_Flycatcher_0065_29070.jpg
image_002067_c037.jpg,2067,37,037.Acadian_Flycatcher,037.Acadian_Flycatcher/Acadian_Flycatcher_0051_29077.jpg
image_002068_c037.jpg,2068,37,037.Acadian_Flycatcher,037.Acadian_Flycatcher/Acadian_Flycatcher_0056_29086.jpg
image_002069_c037.jpg,2069,37,037.Acadian_Flycatcher,037.Acadian_Flycatcher/Acadian_Flycatcher_0003_29094.jpg
image_002070_c037.jpg,2070,37,037.Acadian_Flycatcher,037.Acadian_Flycatcher/Acadian_Flycatcher_0059_29102.jpg
image_002071_c037.jpg,2071,37,037.Acadian_Flycatcher,037.Acadian_Flycatcher/Acadian_Flycatcher_0054_29113.jpg
image_002072_c037.jpg,2072,37,037.Acadian_Flycatcher,037.Acadian_Flycatcher/Acadian_Flycatcher_0015_795578.jpg
image_002073_c037.jpg,2073,37,037.Acadian_Flycatcher,037.Acadian_Flycatcher/Acadian_Flycatcher_0043_29115.jpg
image_002074_c037.jpg,2074,37,037.Acadian_Flycatcher,037.Acadian_Flycatcher/Acadian_Flycatcher_0049_795580.jpg
image_002075_c037.jpg,2075,37,037.Acadian_Flycatcher,037.Acadian_Flycatcher/Acadian_Flycatcher_0031_795582.jpg
image_002076_c037.jpg,2076,37,037.Acadian_Flycatcher,037.Acadian_Flycatcher/Acadian_Flycatcher_0034_795583.jpg
image_002077_c037.jpg,2077,37,037.Acadian_Flycatcher,037.Acadian_Flycatcher/Acadian_Flycatcher_0064_795584.jpg
image_002078_c037.jpg,2078,37,037.Acadian_Flycatcher,037.Acadian_Flycatcher/Acadian_Flycatcher_0063_795585.jpg
image_002079_c037.jpg,2079,37,037.Acadian_Flycatcher,037.Acadian_Flycatcher/Acadian_Flycatcher_0045_795587.jpg
image_002080_c037.jpg,2080,37,037.Acadian_Flycatcher,037.Acadian_Flycatcher/Acadian_Flycatcher_0068_795590.jpg
image_002081_c037.jpg,2081,37,037.Acadian_Flycatcher,037.Acadian_Flycatcher/Acadian_Flycatcher_0042_29127.jpg
image_002082_c037.jpg,2082,37,037.Acadian_Flycatcher,037.Acadian_Flycatcher/Acadian_Flycatcher_0019_795592.jpg
image_002083_c037.jpg,2083,37,037.Acadian_Flycatcher,037.Acadian_Flycatcher/Acadian_Flycatcher_0047_795593.jpg
image_002084_c037.jpg,2084,37,037.Acadian_Flycatcher,037.Acadian_Flycatcher/Acadian_Flycatcher_0021_795594.jpg
image_002085_c037.jpg,2085,37,037.Acadian_Flycatcher,037.Acadian_Flycatcher/Acadian_Flycatcher_0006_795595.jpg
image_002086_c037.jpg,2086,37,037.Acadian_Flycatcher,037.Acadian_Flycatcher/Acadian_Flycatcher_0046_795596.jpg
image_002087_c037.jpg,2087,37,037.Acadian_Flycatcher,037.Acadian_Flycatcher/Acadian_Flycatcher_0017_795598.jpg
image_002088_c037.jpg,2088,37,037.Acadian_Flycatcher,037.Acadian_Flycatcher/Acadian_Flycatcher_0008_795599.jpg
image_002089_c037.jpg,2089,37,037.Acadian_Flycatcher,037.Acadian_Flycatcher/Acadian_Flycatcher_0007_795600.jpg
image_002090_c037.jpg,2090,37,037.Acadian_Flycatcher,037.Acadian_Flycatcher/Acadian_Flycatcher_0058_795602.jpg
image_002091_c037.jpg,2091,37,037.Acadian_Flycatcher,037.Acadian_Flycatcher/Acadian_Flycatcher_0072_795603.jpg
image_002092_c037.jpg,2092,37,037.Acadian_Flycatcher,037.Acadian_Flycatcher/Acadian_Flycatcher_0060_795604.jpg
image_002093_c037.jpg,2093,37,037.Acadian_Flycatcher,037.Acadian_Flycatcher/Acadian_Flycatcher_0041_795605.jpg
image_002094_c037.jpg,2094,37,037.Acadian_Flycatcher,037.Acadian_Flycatcher/Acadian_Flycatcher_0039_795606.jpg
image_002095_c037.jpg,2095,37,037.Acadian_Flycatcher,037.Acadian_Flycatcher/Acadian_Flycatcher_0014_795607.jpg
image_002096_c037.jpg,2096,37,037.Acadian_Flycatcher,037.Acadian_Flycatcher/Acadian_Flycatcher_0050_795608.jpg
image_002097_c037.jpg,2097,37,037.Acadian_Flycatcher,037.Acadian_Flycatcher/Acadian_Flycatcher_0055_795609.jpg
image_002098_c037.jpg,2098,37,037.Acadian_Flycatcher,037.Acadian_Flycatcher/Acadian_Flycatcher_0052_795610.jpg
image_002099_c037.jpg,2099,37,037.Acadian_Flycatcher,037.Acadian_Flycatcher/Acadian_Flycatcher_0028_795611.jpg
image_002100_c037.jpg,2100,37,037.Acadian_Flycatcher,037.Acadian_Flycatcher/Acadian_Flycatcher_0012_795612.jpg
image_002101_c037.jpg,2101,37,037.Acadian_Flycatcher,037.Acadian_Flycatcher/Acadian_Flycatcher_0038_795616.jpg
image_002102_c037.jpg,2102,37,037.Acadian_Flycatcher,037.Acadian_Flycatcher/Acadian_Flycatcher_0035_795618.jpg
image_002103_c037.jpg,2103,37,037.Acadian_Flycatcher,037.Acadian_Flycatcher/Acadian_Flycatcher_0053_795620.jpg
image_002104_c037.jpg,2104,37,037.Acadian_Flycatcher,037.Acadian_Flycatcher/Acadian_Flycatcher_0005_29157.jpg
image_002105_c037.jpg,2105,37,037.Acadian_Flycatcher,037.Acadian_Flycatcher/Acadian_Flycatcher_0032_795622.jpg
image_002106_c037.jpg,2106,37,037.Acadian_Flycatcher,037.Acadian_Flycatcher/Acadian_Flycatcher_0004_795623.jpg
image_002107_c037.jpg,2107,37,037.Acadian_Flycatcher,037.Acadian_Flycatcher/Acadian_Flycatcher_0044_795624.jpg
image_002108_c037.jpg,2108,37,037.Acadian_Flycatcher,037.Acadian_Flycatcher/Acadian_Flycatcher_0071_795627.jpg
image_002109_c037.jpg,2109,37,037.Acadian_Flycatcher,037.Acadian_Flycatcher/Acadian_Flycatcher_0073_795628.jpg
image_002110_c037.jpg,2110,37,037.Acadian_Flycatcher,037.Acadian_Flycatcher/Acadian_Flycatcher_0040_795629.jpg
image_002111_c037.jpg,2111,37,037.Acadian_Flycatcher,037.Acadian_Flycatcher/Acadian_Flycatcher_0024_29173.jpg
image_002112_c038.jpg,2112,38,038.Great_Crested_Flycatcher,038.Great_Crested_Flycatcher/Great_Crested_Flycatcher_0028_29696.jpg
image_002113_c038.jpg,2113,38,038.Great_Crested_Flycatcher,038.Great_Crested_Flycatcher/Great_Crested_Flycatcher_0004_29701.jpg
image_002114_c038.jpg,2114,38,038.Great_Crested_Flycatcher,038.Great_Crested_Flycatcher/Great_Crested_Flycatcher_0108_29712.jpg
image_002115_c038.jpg,2115,38,038.Great_Crested_Flycatcher,038.Great_Crested_Flycatcher/Great_Crested_Flycatcher_0084_29716.jpg
image_002116_c038.jpg,2116,38,038.Great_Crested_Flycatcher,038.Great_Crested_Flycatcher/Great_Crested_Flycatcher_0040_29447.jpg
image_002117_c038.jpg,2117,38,038.Great_Crested_Flycatcher,038.Great_Crested_Flycatcher/Great_Crested_Flycatcher_0038_29533.jpg
image_002118_c038.jpg,2118,38,038.Great_Crested_Flycatcher,038.Great_Crested_Flycatcher/Great_Crested_Flycatcher_0087_29252.jpg
image_002119_c038.jpg,2119,38,038.Great_Crested_Flycatcher,038.Great_Crested_Flycatcher/Great_Crested_Flycatcher_0012_29264.jpg
image_002120_c038.jpg,2120,38,038.Great_Crested_Flycatcher,038.Great_Crested_Flycatcher/Great_Crested_Flycatcher_0119_29778.jpg
image_002121_c038.jpg,2121,38,038.Great_Crested_Flycatcher,038.Great_Crested_Flycatcher/Great_Crested_Flycatcher_0050_29786.jpg
image_002122_c038.jpg,2122,38,038.Great_Crested_Flycatcher,038.Great_Crested_Flycatcher/Great_Crested_Flycatcher_0070_29455.jpg
image_002123_c038.jpg,2123,38,038.Great_Crested_Flycatcher,038.Great_Crested_Flycatcher/Great_Crested_Flycatcher_0007_29280.jpg
image_002124_c038.jpg,2124,38,038.Great_Crested_Flycatcher,038.Great_Crested_Flycatcher/Great_Crested_Flycatcher_0105_29456.jpg
image_002125_c038.jpg,2125,38,038.Great_Crested_Flycatcher,038.Great_Crested_Flycatcher/Great_Crested_Flycatcher_0019_29801.jpg
image_002126_c038.jpg,2126,38,038.Great_Crested_Flycatcher,038.Great_Crested_Flycatcher/Great_Crested_Flycatcher_0124_29294.jpg
image_002127_c038.jpg,2127,38,038.Great_Crested_Flycatcher,038.Great_Crested_Flycatcher/Great_Crested_Flycatcher_0061_29807.jpg
image_002128_c038.jpg,2128,38,038.Great_Crested_Flycatcher,038.Great_Crested_Flycatcher/Great_Crested_Flycatcher_0132_29300.jpg
image_002129_c038.jpg,2129,38,038.Great_Crested_Flycatcher,038.Great_Crested_Flycatcher/Great_Crested_Flycatcher_0139_29302.jpg
image_002130_c038.jpg,2130,38,038.Great_Crested_Flycatcher,038.Great_Crested_Flycatcher/Great_Crested_Flycatcher_0099_29305.jpg
image_002131_c038.jpg,2131,38,038.Great_Crested_Flycatcher,038.Great_Crested_Flycatcher/Great_Crested_Flycatcher_0031_29825.jpg
image_002132_c038.jpg,2132,38,038.Great_Crested_Flycatcher,038.Great_Crested_Flycatcher/Great_Crested_Flycatcher_0133_29314.jpg
image_002133_c038.jpg,2133,38,038.Great_Crested_Flycatcher,038.Great_Crested_Flycatcher/Great_Crested_Flycatcher_0009_29831.jpg
image_002134_c038.jpg,2134,38,038.Great_Crested_Flycatcher,038.Great_Crested_Flycatcher/Great_Crested_Flycatcher_0131_29329.jpg
image_002135_c038.jpg,2135,38,038.Great_Crested_Flycatcher,038.Great_Crested_Flycatcher/Great_Crested_Flycatcher_0073_29330.jpg
image_002136_c038.jpg,2136,38,038.Great_Crested_Flycatcher,038.Great_Crested_Flycatcher/Great_Crested_Flycatcher_0067_29384.jpg
image_002137_c038.jpg,2137,38,038.Great_Crested_Flycatcher,038.Great_Crested_Flycatcher/Great_Crested_Flycatcher_0006_29362.jpg
image_002138_c038.jpg,2138,38,038.Great_Crested_Flycatcher,038.Great_Crested_Flycatcher/Great_Crested_Flycatcher_0085_29812.jpg
image_002139_c038.jpg,2139,38,038.Great_Crested_Flycatcher,038.Great_Crested_Flycatcher/Great_Crested_Flycatcher_0120_29472.jpg
image_002140_c038.jpg,2140,38,038.Great_Crested_Flycatcher,038.Great_Crested_Flycatcher/Great_Crested_Flycatcher_0049_29474.jpg
image_002141_c038.jpg,2141,38,038.Great_Crested_Flycatcher,038.Great_Crested_Flycatcher/Great_Crested_Flycatcher_0010_29396.jpg
image_002142_c038.jpg,2142,38,038.Great_Crested_Flycatcher,038.Great_Crested_Flycatcher/Great_Crested_Flycatcher_0097_29398.jpg
image_002143_c038.jpg,2143,38,038.Great_Crested_Flycatcher,038.Great_Crested_Flycatcher/Great_Crested_Flycatcher_0016_29406.jpg
image_002144_c038.jpg,2144,38,038.Great_Crested_Flycatcher,038.Great_Crested_Flycatcher/Great_Crested_Flycatcher_0068_29416.jpg
image_002145_c038.jpg,2145,38,038.Great_Crested_Flycatcher,038.Great_Crested_Flycatcher/Great_Crested_Flycatcher_0021_29929.jpg
image_002146_c038.jpg,2146,38,038.Great_Crested_Flycatcher,038.Great_Crested_Flycatcher/Great_Crested_Flycatcher_0042_29438.jpg
image_002147_c038.jpg,2147,38,038.Great_Crested_Flycatcher,038.Great_Crested_Flycatcher/Great_Crested_Flycatcher_0082_29445.jpg
image_002148_c038.jpg,2148,38,038.Great_Crested_Flycatcher,038.Great_Crested_Flycatcher/Great_Crested_Flycatcher_0033_29959.jpg
image_002149_c038.jpg,2149,38,038.Great_Crested_Flycatcher,038.Great_Crested_Flycatcher/Great_Crested_Flycatcher_0023_29481.jpg
image_002150_c038.jpg,2150,38,038.Great_Crested_Flycatcher,038.Great_Crested_Flycatcher/Great_Crested_Flycatcher_0044_29995.jpg
image_002151_c038.jpg,2151,38,038.Great_Crested_Flycatcher,038.Great_Crested_Flycatcher/Great_Crested_Flycatcher_0066_29488.jpg
image_002152_c038.jpg,2152,38,038.Great_Crested_Flycatcher,038.Great_Crested_Flycatcher/Great_Crested_Flycatcher_0136_29490.jpg
image_002153_c038.jpg,2153,38,038.Great_Crested_Flycatcher,038.Great_Crested_Flycatcher/Great_Crested_Flycatcher_0013_29496.jpg
image_002154_c038.jpg,2154,38,038.Great_Crested_Flycatcher,038.Great_Crested_Flycatcher/Great_Crested_Flycatcher_0107_29501.jpg
image_002155_c038.jpg,2155,38,038.Great_Crested_Flycatcher,038.Great_Crested_Flycatcher/Great_Crested_Flycatcher_0063_29507.jpg
image_002156_c038.jpg,2156,38,038.Great_Crested_Flycatcher,038.Great_Crested_Flycatcher/Great_Crested_Flycatcher_0024_29516.jpg
image_002157_c038.jpg,2157,38,038.Great_Crested_Flycatcher,038.Great_Crested_Flycatcher/Great_Crested_Flycatcher_0086_29518.jpg
image_002158_c038.jpg,2158,38,038.Great_Crested_Flycatcher,038.Great_Crested_Flycatcher/Great_Crested_Flycatcher_0041_29521.jpg
image_002159_c038.jpg,2159,38,038.Great_Crested_Flycatcher,038.Great_Crested_Flycatcher/Great_Crested_Flycatcher_0058_29523.jpg
image_002160_c038.jpg,2160,38,038.Great_Crested_Flycatcher,038.Great_Crested_Flycatcher/Great_Crested_Flycatcher_0051_29530.jpg
image_002161_c038.jpg,2161,38,038.Great_Crested_Flycatcher,038.Great_Crested_Flycatcher/Great_Crested_Flycatcher_0027_29532.jpg
image_002162_c038.jpg,2162,38,038.Great_Crested_Flycatcher,038.Great_Crested_Flycatcher/Great_Crested_Flycatcher_0111_29543.jpg
image_002163_c038.jpg,2163,38,038.Great_Crested_Flycatcher,038.Great_Crested_Flycatcher/Great_Crested_Flycatcher_0064_29546.jpg
image_002164_c038.jpg,2164,38,038.Great_Crested_Flycatcher,038.Great_Crested_Flycatcher/Great_Crested_Flycatcher_0074_29553.jpg
image_002165_c038.jpg,2165,38,038.Great_Crested_Flycatcher,038.Great_Crested_Flycatcher/Great_Crested_Flycatcher_0092_29583.jpg
image_002166_c038.jpg,2166,38,038.Great_Crested_Flycatcher,038.Great_Crested_Flycatcher/Great_Crested_Flycatcher_0048_29586.jpg
image_002167_c038.jpg,2167,38,038.Great_Crested_Flycatcher,038.Great_Crested_Flycatcher/Great_Crested_Flycatcher_0089_29592.jpg
image_002168_c038.jpg,2168,38,038.Great_Crested_Flycatcher,038.Great_Crested_Flycatcher/Great_Crested_Flycatcher_0125_29593.jpg
image_002169_c038.jpg,2169,38,038.Great_Crested_Flycatcher,038.Great_Crested_Flycatcher/Great_Crested_Flycatcher_0069_29603.jpg
image_002170_c038.jpg,2170,38,038.Great_Crested_Flycatcher,038.Great_Crested_Flycatcher/Great_Crested_Flycatcher_0030_29645.jpg
image_002171_c038.jpg,2171,38,038.Great_Crested_Flycatcher,038.Great_Crested_Flycatcher/Great_Crested_Flycatcher_0036_29693.jpg
image_002172_c039.jpg,2172,39,039.Least_Flycatcher,039.Least_Flycatcher/Least_Flycatcher_0036_30213.jpg
image_002173_c039.jpg,2173,39,039.Least_Flycatcher,039.Least_Flycatcher/Least_Flycatcher_0060_30214.jpg
image_002174_c039.jpg,2174,39,039.Least_Flycatcher,039.Least_Flycatcher/Least_Flycatcher_0001_30221.jpg
image_002175_c039.jpg,2175,39,039.Least_Flycatcher,039.Least_Flycatcher/Least_Flycatcher_0011_30222.jpg
image_002176_c039.jpg,2176,39,039.Least_Flycatcher,039.Least_Flycatcher/Least_Flycatcher_0024_30230.jpg
image_002177_c039.jpg,2177,39,039.Least_Flycatcher,039.Least_Flycatcher/Least_Flycatcher_0096_30233.jpg
image_002178_c039.jpg,2178,39,039.Least_Flycatcher,039.Least_Flycatcher/Least_Flycatcher_0013_30240.jpg
image_002179_c039.jpg,2179,39,039.Least_Flycatcher,039.Least_Flycatcher/Least_Flycatcher_0079_30256.jpg
image_002180_c039.jpg,2180,39,039.Least_Flycatcher,039.Least_Flycatcher/Least_Flycatcher_0006_30262.jpg
image_002181_c039.jpg,2181,39,039.Least_Flycatcher,039.Least_Flycatcher/Least_Flycatcher_0034_30151.jpg
image_002182_c039.jpg,2182,39,039.Least_Flycatcher,039.Least_Flycatcher/Least_Flycatcher_0095_30277.jpg
image_002183_c039.jpg,2183,39,039.Least_Flycatcher,039.Least_Flycatcher/Least_Flycatcher_0015_30280.jpg
image_002184_c039.jpg,2184,39,039.Least_Flycatcher,039.Least_Flycatcher/Least_Flycatcher_0057_30282.jpg
image_002185_c039.jpg,2185,39,039.Least_Flycatcher,039.Least_Flycatcher/Least_Flycatcher_0077_30296.jpg
image_002186_c039.jpg,2186,39,039.Least_Flycatcher,039.Least_Flycatcher/Least_Flycatcher_0009_30303.jpg
image_002187_c039.jpg,2187,39,039.Least_Flycatcher,039.Least_Flycatcher/Least_Flycatcher_0092_30154.jpg
image_002188_c039.jpg,2188,39,039.Least_Flycatcher,039.Least_Flycatcher/Least_Flycatcher_0046_30316.jpg
image_002189_c039.jpg,2189,39,039.Least_Flycatcher,039.Least_Flycatcher/Least_Flycatcher_0085_30318.jpg
image_002190_c039.jpg,2190,39,039.Least_Flycatcher,039.Least_Flycatcher/Least_Flycatcher_0052_30321.jpg
image_002191_c039.jpg,2191,39,039.Least_Flycatcher,039.Least_Flycatcher/Least_Flycatcher_0064_30328.jpg
image_002192_c039.jpg,2192,39,039.Least_Flycatcher,039.Least_Flycatcher/Least_Flycatcher_0100_30338.jpg
image_002193_c039.jpg,2193,39,039.Least_Flycatcher,039.Least_Flycatcher/Least_Flycatcher_0007_30339.jpg
image_002194_c039.jpg,2194,39,039.Least_Flycatcher,039.Least_Flycatcher/Least_Flycatcher_0044_30349.jpg
image_002195_c039.jpg,2195,39,039.Least_Flycatcher,039.Least_Flycatcher/Least_Flycatcher_0023_30352.jpg
image_002196_c039.jpg,2196,39,039.Least_Flycatcher,039.Least_Flycatcher/Least_Flycatcher_0021_30355.jpg
image_002197_c039.jpg,2197,39,039.Least_Flycatcher,039.Least_Flycatcher/Least_Flycatcher_0065_30357.jpg
image_002198_c039.jpg,2198,39,039.Least_Flycatcher,039.Least_Flycatcher/Least_Flycatcher_0019_30358.jpg
image_002199_c039.jpg,2199,39,039.Least_Flycatcher,039.Least_Flycatcher/Least_Flycatcher_0049_30361.jpg
image_002200_c039.jpg,2200,39,039.Least_Flycatcher,039.Least_Flycatcher/Least_Flycatcher_0029_30362.jpg
image_002201_c039.jpg,2201,39,039.Least_Flycatcher,039.Least_Flycatcher/Least_Flycatcher_0040_30366.jpg
image_002202_c039.jpg,2202,39,039.Least_Flycatcher,039.Least_Flycatcher/Least_Flycatcher_0076_30117.jpg
image_002203_c039.jpg,2203,39,039.Least_Flycatcher,039.Least_Flycatcher/Least_Flycatcher_0097_30122.jpg
image_002204_c039.jpg,2204,39,039.Least_Flycatcher,039.Least_Flycatcher/Least_Flycatcher_0087_30123.jpg
image_002205_c039.jpg,2205,39,039.Least_Flycatcher,039.Least_Flycatcher/Least_Flycatcher_0081_30380.jpg
image_002206_c039.jpg,2206,39,039.Least_Flycatcher,039.Least_Flycatcher/Least_Flycatcher_0038_30127.jpg
image_002207_c039.jpg,2207,39,039.Least_Flycatcher,039.Least_Flycatcher/Least_Flycatcher_0062_30131.jpg
image_002208_c039.jpg,2208,39,039.Least_Flycatcher,039.Least_Flycatcher/Least_Flycatcher_0047_30393.jpg
image_002209_c039.jpg,2209,39,039.Least_Flycatcher,039.Least_Flycatcher/Least_Flycatcher_0004_30140.jpg
image_002210_c039.jpg,2210,39,039.Least_Flycatcher,039.Least_Flycatcher/Least_Flycatcher_0067_30397.jpg
image_002211_c039.jpg,2211,39,039.Least_Flycatcher,039.Least_Flycatcher/Least_Flycatcher_0005_30142.jpg
image_002212_c039.jpg,2212,39,039.Least_Flycatcher,039.Least_Flycatcher/Least_Flycatcher_0058_30143.jpg
image_002213_c039.jpg,2213,39,039.Least_Flycatcher,039.Least_Flycatcher/Least_Flycatcher_0032_30146.jpg
image_002214_c039.jpg,2214,39,039.Least_Flycatcher,039.Least_Flycatcher/Least_Flycatcher_0070_30147.jpg
image_002215_c039.jpg,2215,39,039.Least_Flycatcher,039.Least_Flycatcher/Least_Flycatcher_0010_30149.jpg
image_002216_c039.jpg,2216,39,039.Least_Flycatcher,039.Least_Flycatcher/Least_Flycatcher_0059_30152.jpg
image_002217_c039.jpg,2217,39,039.Least_Flycatcher,039.Least_Flycatcher/Least_Flycatcher_0082_30132.jpg
image_002218_c039.jpg,2218,39,039.Least_Flycatcher,039.Least_Flycatcher/Least_Flycatcher_0061_30429.jpg
image_002219_c039.jpg,2219,39,039.Least_Flycatcher,039.Least_Flycatcher/Least_Flycatcher_0045_30174.jpg
image_002220_c039.jpg,2220,39,039.Least_Flycatcher,039.Least_Flycatcher/Least_Flycatcher_0026_30434.jpg
image_002221_c039.jpg,2221,39,039.Least_Flycatcher,039.Least_Flycatcher/Least_Flycatcher_0093_30435.jpg
image_002222_c039.jpg,2222,39,039.Least_Flycatcher,039.Least_Flycatcher/Least_Flycatcher_0075_30441.jpg
image_002223_c039.jpg,2223,39,039.Least_Flycatcher,039.Least_Flycatcher/Least_Flycatcher_0050_30189.jpg
image_002224_c039.jpg,2224,39,039.Least_Flycatcher,039.Least_Flycatcher/Least_Flycatcher_0063_30190.jpg
image_002225_c039.jpg,2225,39,039.Least_Flycatcher,039.Least_Flycatcher/Least_Flycatcher_0033_30449.jpg
image_002226_c039.jpg,2226,39,039.Least_Flycatcher,039.Least_Flycatcher/Least_Flycatcher_0054_30450.jpg
image_002227_c039.jpg,2227,39,039.Least_Flycatcher,039.Least_Flycatcher/Least_Flycatcher_0099_30200.jpg
image_002228_c039.jpg,2228,39,039.Least_Flycatcher,039.Least_Flycatcher/Least_Flycatcher_0080_30457.jpg
image_002229_c039.jpg,2229,39,039.Least_Flycatcher,039.Least_Flycatcher/Least_Flycatcher_0017_30460.jpg
image_002230_c039.jpg,2230,39,039.Least_Flycatcher,039.Least_Flycatcher/Least_Flycatcher_0018_30462.jpg
image_002231_c040.jpg,2231,40,040.Olive_sided_Flycatcher,040.Olive_sided_Flycatcher/Olive_Sided_Flycatcher_0041_30470.jpg
image_002232_c040.jpg,2232,40,040.Olive_sided_Flycatcher,040.Olive_sided_Flycatcher/Olive_Sided_Flycatcher_0054_30732.jpg
image_002233_c040.jpg,2233,40,040.Olive_sided_Flycatcher,040.Olive_sided_Flycatcher/Olive_Sided_Flycatcher_0064_30485.jpg
image_002234_c040.jpg,2234,40,040.Olive_sided_Flycatcher,040.Olive_sided_Flycatcher/Olive_Sided_Flycatcher_0025_30486.jpg
image_002235_c040.jpg,2235,40,040.Olive_sided_Flycatcher,040.Olive_sided_Flycatcher/Olive_Sided_Flycatcher_0070_30490.jpg
image_002236_c040.jpg,2236,40,040.Olive_sided_Flycatcher,040.Olive_sided_Flycatcher/Olive_Sided_Flycatcher_0077_30492.jpg
image_002237_c040.jpg,2237,40,040.Olive_sided_Flycatcher,040.Olive_sided_Flycatcher/Olive_Sided_Flycatcher_0067_30749.jpg
image_002238_c040.jpg,2238,40,040.Olive_sided_Flycatcher,040.Olive_sided_Flycatcher/Olive_Sided_Flycatcher_0078_30752.jpg
image_002239_c040.jpg,2239,40,040.Olive_sided_Flycatcher,040.Olive_sided_Flycatcher/Olive_Sided_Flycatcher_0031_30502.jpg
image_002240_c040.jpg,2240,40,040.Olive_sided_Flycatcher,040.Olive_sided_Flycatcher/Olive_Sided_Flycatcher_0080_30515.jpg
image_002241_c040.jpg,2241,40,040.Olive_sided_Flycatcher,040.Olive_sided_Flycatcher/Olive_Sided_Flycatcher_0002_30776.jpg
image_002242_c040.jpg,2242,40,040.Olive_sided_Flycatcher,040.Olive_sided_Flycatcher/Olive_Sided_Flycatcher_0026_30525.jpg
image_002243_c040.jpg,2243,40,040.Olive_sided_Flycatcher,040.Olive_sided_Flycatcher/Olive_Sided_Flycatcher_0037_30784.jpg
image_002244_c040.jpg,2244,40,040.Olive_sided_Flycatcher,040.Olive_sided_Flycatcher/Olive_Sided_Flycatcher_0046_30529.jpg
image_002245_c040.jpg,2245,40,040.Olive_sided_Flycatcher,040.Olive_sided_Flycatcher/Olive_Sided_Flycatcher_0033_30532.jpg
image_002246_c040.jpg,2246,40,040.Olive_sided_Flycatcher,040.Olive_sided_Flycatcher/Olive_Sided_Flycatcher_0059_30536.jpg
image_002247_c040.jpg,2247,40,040.Olive_sided_Flycatcher,040.Olive_sided_Flycatcher/Olive_Sided_Flycatcher_0061_30540.jpg
image_002248_c040.jpg,2248,40,040.Olive_sided_Flycatcher,040.Olive_sided_Flycatcher/Olive_Sided_Flycatcher_0035_30799.jpg
image_002249_c040.jpg,2249,40,040.Olive_sided_Flycatcher,040.Olive_sided_Flycatcher/Olive_Sided_Flycatcher_0069_30544.jpg
image_002250_c040.jpg,2250,40,040.Olive_sided_Flycatcher,040.Olive_sided_Flycatcher/Olive_Sided_Flycatcher_0072_796877.jpg
image_002251_c040.jpg,2251,40,040.Olive_sided_Flycatcher,040.Olive_sided_Flycatcher/Olive_Sided_Flycatcher_0005_30734.jpg
image_002252_c040.jpg,2252,40,040.Olive_sided_Flycatcher,040.Olive_sided_Flycatcher/Olive_Sided_Flycatcher_0013_30550.jpg
image_002253_c040.jpg,2253,40,040.Olive_sided_Flycatcher,040.Olive_sided_Flycatcher/Olive_Sided_Flycatcher_0022_30551.jpg
image_002254_c040.jpg,2254,40,040.Olive_sided_Flycatcher,040.Olive_sided_Flycatcher/Olive_Sided_Flycatcher_0086_30553.jpg
image_002255_c040.jpg,2255,40,040.Olive_sided_Flycatcher,040.Olive_sided_Flycatcher/Olive_Sided_Flycatcher_0076_30555.jpg
image_002256_c040.jpg,2256,40,040.Olive_sided_Flycatcher,040.Olive_sided_Flycatcher/Olive_Sided_Flycatcher_0074_30816.jpg
image_002257_c040.jpg,2257,40,040.Olive_sided_Flycatcher,040.Olive_sided_Flycatcher/Olive_Sided_Flycatcher_0006_30824.jpg
image_002258_c040.jpg,2258,40,040.Olive_sided_Flycatcher,040.Olive_sided_Flycatcher/Olive_Sided_Flycatcher_0056_30570.jpg
image_002259_c040.jpg,2259,40,040.Olive_sided_Flycatcher,040.Olive_sided_Flycatcher/Olive_Sided_Flycatcher_0040_30620.jpg
image_002260_c040.jpg,2260,40,040.Olive_sided_Flycatcher,040.Olive_sided_Flycatcher/Olive_Sided_Flycatcher_0043_30632.jpg
image_002261_c040.jpg,2261,40,040.Olive_sided_Flycatcher,040.Olive_sided_Flycatcher/Olive_Sided_Flycatcher_0052_30639.jpg
image_002262_c040.jpg,2262,40,040.Olive_sided_Flycatcher,040.Olive_sided_Flycatcher/Olive_Sided_Flycatcher_0071_30647.jpg
image_002263_c040.jpg,2263,40,040.Olive_sided_Flycatcher,040.Olive_sided_Flycatcher/Olive_Sided_Flycatcher_0014_30651.jpg
image_002264_c040.jpg,2264,40,040.Olive_sided_Flycatcher,040.Olive_sided_Flycatcher/Olive_Sided_Flycatcher_0048_30656.jpg
image_002265_c040.jpg,2265,40,040.Olive_sided_Flycatcher,040.Olive_sided_Flycatcher/Olive_Sided_Flycatcher_0079_30662.jpg
image_002266_c040.jpg,2266,40,040.Olive_sided_Flycatcher,040.Olive_sided_Flycatcher/Olive_Sided_Flycatcher_0012_796876.jpg
image_002267_c040.jpg,2267,40,040.Olive_sided_Flycatcher,040.Olive_sided_Flycatcher/Olive_Sided_Flycatcher_0001_30669.jpg
image_002268_c040.jpg,2268,40,040.Olive_sided_Flycatcher,040.Olive_sided_Flycatcher/Olive_Sided_Flycatcher_0050_796878.jpg
image_002269_c040.jpg,2269,40,040.Olive_sided_Flycatcher,040.Olive_sided_Flycatcher/Olive_Sided_Flycatcher_0055_796879.jpg
image_002270_c040.jpg,2270,40,040.Olive_sided_Flycatcher,040.Olive_sided_Flycatcher/Olive_Sided_Flycatcher_0034_30672.jpg
image_002271_c040.jpg,2271,40,040.Olive_sided_Flycatcher,040.Olive_sided_Flycatcher/Olive_Sided_Flycatcher_0020_796881.jpg
image_002272_c040.jpg,2272,40,040.Olive_sided_Flycatcher,040.Olive_sided_Flycatcher/Olive_Sided_Flycatcher_0018_796882.jpg
image_002273_c040.jpg,2273,40,040.Olive_sided_Flycatcher,040.Olive_sided_Flycatcher/Olive_Sided_Flycatcher_0058_796883.jpg
image_002274_c040.jpg,2274,40,040.Olive_sided_Flycatcher,040.Olive_sided_Flycatcher/Olive_Sided_Flycatcher_0038_796884.jpg
image_002275_c040.jpg,2275,40,040.Olive_sided_Flycatcher,040.Olive_sided_Flycatcher/Olive_Sided_Flycatcher_0009_796885.jpg
image_002276_c040.jpg,2276,40,040.Olive_sided_Flycatcher,040.Olive_sided_Flycatcher/Olive_Sided_Flycatcher_0042_796886.jpg
image_002277_c040.jpg,2277,40,040.Olive_sided_Flycatcher,040.Olive_sided_Flycatcher/Olive_Sided_Flycatcher_0023_796887.jpg
image_002278_c040.jpg,2278,40,040.Olive_sided_Flycatcher,040.Olive_sided_Flycatcher/Olive_Sided_Flycatcher_0045_796888.jpg
image_002279_c040.jpg,2279,40,040.Olive_sided_Flycatcher,040.Olive_sided_Flycatcher/Olive_Sided_Flycatcher_0049_796889.jpg
image_002280_c040.jpg,2280,40,040.Olive_sided_Flycatcher,040.Olive_sided_Flycatcher/Olive_Sided_Flycatcher_0082_796893.jpg
image_002281_c040.jpg,2281,40,040.Olive_sided_Flycatcher,040.Olive_sided_Flycatcher/Olive_Sided_Flycatcher_0008_30686.jpg
image_002282_c040.jpg,2282,40,040.Olive_sided_Flycatcher,040.Olive_sided_Flycatcher/Olive_Sided_Flycatcher_0081_796895.jpg
image_002283_c040.jpg,2283,40,040.Olive_sided_Flycatcher,040.Olive_sided_Flycatcher/Olive_Sided_Flycatcher_0030_796896.jpg
image_002284_c040.jpg,2284,40,040.Olive_sided_Flycatcher,040.Olive_sided_Flycatcher/Olive_Sided_Flycatcher_0021_796880.jpg
image_002285_c040.jpg,2285,40,040.Olive_sided_Flycatcher,040.Olive_sided_Flycatcher/Olive_Sided_Flycatcher_0057_796898.jpg
image_002286_c040.jpg,2286,40,040.Olive_sided_Flycatcher,040.Olive_sided_Flycatcher/Olive_Sided_Flycatcher_0017_30704.jpg
image_002287_c040.jpg,2287,40,040.Olive_sided_Flycatcher,040.Olive_sided_Flycatcher/Olive_Sided_Flycatcher_0075_30712.jpg
image_002288_c040.jpg,2288,40,040.Olive_sided_Flycatcher,040.Olive_sided_Flycatcher/Olive_Sided_Flycatcher_0032_30713.jpg
image_002289_c040.jpg,2289,40,040.Olive_sided_Flycatcher,040.Olive_sided_Flycatcher/Olive_Sided_Flycatcher_0016_30717.jpg
image_002290_c040.jpg,2290,40,040.Olive_sided_Flycatcher,040.Olive_sided_Flycatcher/Olive_Sided_Flycatcher_0027_30549.jpg
image_002291_c041.jpg,2291,41,041.Scissor_tailed_Flycatcher,041.Scissor_tailed_Flycatcher/Scissor_Tailed_Flycatcher_0098_41731.jpg
image_002292_c041.jpg,2292,41,041.Scissor_tailed_Flycatcher,041.Scissor_tailed_Flycatcher/Scissor_Tailed_Flycatcher_0096_41733.jpg
image_002293_c041.jpg,2293,41,041.Scissor_tailed_Flycatcher,041.Scissor_tailed_Flycatcher/Scissor_Tailed_Flycatcher_0042_41990.jpg
image_002294_c041.jpg,2294,41,041.Scissor_tailed_Flycatcher,041.Scissor_tailed_Flycatcher/Scissor_Tailed_Flycatcher_0059_41998.jpg
image_002295_c041.jpg,2295,41,041.Scissor_tailed_Flycatcher,041.Scissor_tailed_Flycatcher/Scissor_Tailed_Flycatcher_0044_42002.jpg
image_002296_c041.jpg,2296,41,041.Scissor_tailed_Flycatcher,041.Scissor_tailed_Flycatcher/Scissor_Tailed_Flycatcher_0028_42010.jpg
image_002297_c041.jpg,2297,41,041.Scissor_tailed_Flycatcher,041.Scissor_tailed_Flycatcher/Scissor_Tailed_Flycatcher_0108_42013.jpg
image_002298_c041.jpg,2298,41,041.Scissor_tailed_Flycatcher,041.Scissor_tailed_Flycatcher/Scissor_Tailed_Flycatcher_0094_42018.jpg
image_002299_c041.jpg,2299,41,041.Scissor_tailed_Flycatcher,041.Scissor_tailed_Flycatcher/Scissor_Tailed_Flycatcher_0038_41649.jpg
image_002300_c041.jpg,2300,41,041.Scissor_tailed_Flycatcher,041.Scissor_tailed_Flycatcher/Scissor_Tailed_Flycatcher_0013_42024.jpg
image_002301_c041.jpg,2301,41,041.Scissor_tailed_Flycatcher,041.Scissor_tailed_Flycatcher/Scissor_Tailed_Flycatcher_0035_42025.jpg
image_002302_c041.jpg,2302,41,041.Scissor_tailed_Flycatcher,041.Scissor_tailed_Flycatcher/Scissor_Tailed_Flycatcher_0117_42026.jpg
image_002303_c041.jpg,2303,41,041.Scissor_tailed_Flycatcher,041.Scissor_tailed_Flycatcher/Scissor_Tailed_Flycatcher_0125_41906.jpg
image_002304_c041.jpg,2304,41,041.Scissor_tailed_Flycatcher,041.Scissor_tailed_Flycatcher/Scissor_Tailed_Flycatcher_0026_41774.jpg
image_002305_c041.jpg,2305,41,041.Scissor_tailed_Flycatcher,041.Scissor_tailed_Flycatcher/Scissor_Tailed_Flycatcher_0025_42032.jpg
image_002306_c041.jpg,2306,41,041.Scissor_tailed_Flycatcher,041.Scissor_tailed_Flycatcher/Scissor_Tailed_Flycatcher_0033_41782.jpg
image_002307_c041.jpg,2307,41,041.Scissor_tailed_Flycatcher,041.Scissor_tailed_Flycatcher/Scissor_Tailed_Flycatcher_0055_42051.jpg
image_002308_c041.jpg,2308,41,041.Scissor_tailed_Flycatcher,041.Scissor_tailed_Flycatcher/Scissor_Tailed_Flycatcher_0100_41796.jpg
image_002309_c041.jpg,2309,41,041.Scissor_tailed_Flycatcher,041.Scissor_tailed_Flycatcher/Scissor_Tailed_Flycatcher_0089_41810.jpg
image_002310_c041.jpg,2310,41,041.Scissor_tailed_Flycatcher,041.Scissor_tailed_Flycatcher/Scissor_Tailed_Flycatcher_0118_42067.jpg
image_002311_c041.jpg,2311,41,041.Scissor_tailed_Flycatcher,041.Scissor_tailed_Flycatcher/Scissor_Tailed_Flycatcher_0069_41827.jpg
image_002312_c041.jpg,2312,41,041.Scissor_tailed_Flycatcher,041.Scissor_tailed_Flycatcher/Scissor_Tailed_Flycatcher_0072_42085.jpg
image_002313_c041.jpg,2313,41,041.Scissor_tailed_Flycatcher,041.Scissor_tailed_Flycatcher/Scissor_Tailed_Flycatcher_0085_41830.jpg
image_002314_c041.jpg,2314,41,041.Scissor_tailed_Flycatcher,041.Scissor_tailed_Flycatcher/Scissor_Tailed_Flycatcher_0068_41835.jpg
image_002315_c041.jpg,2315,41,041.Scissor_tailed_Flycatcher,041.Scissor_tailed_Flycatcher/Scissor_Tailed_Flycatcher_0031_41836.jpg
image_002316_c041.jpg,2316,41,041.Scissor_tailed_Flycatcher,041.Scissor_tailed_Flycatcher/Scissor_Tailed_Flycatcher_0121_41843.jpg
image_002317_c041.jpg,2317,41,041.Scissor_tailed_Flycatcher,041.Scissor_tailed_Flycatcher/Scissor_Tailed_Flycatcher_0003_41849.jpg
image_002318_c041.jpg,2318,41,041.Scissor_tailed_Flycatcher,041.Scissor_tailed_Flycatcher/Scissor_Tailed_Flycatcher_0082_41852.jpg
image_002319_c041.jpg,2319,41,041.Scissor_tailed_Flycatcher,041.Scissor_tailed_Flycatcher/Scissor_Tailed_Flycatcher_0076_41597.jpg
image_002320_c041.jpg,2320,41,041.Scissor_tailed_Flycatcher,041.Scissor_tailed_Flycatcher/Scissor_Tailed_Flycatcher_0016_42111.jpg
image_002321_c041.jpg,2321,41,041.Scissor_tailed_Flycatcher,041.Scissor_tailed_Flycatcher/Scissor_Tailed_Flycatcher_0006_41601.jpg
image_002322_c041.jpg,2322,41,041.Scissor_tailed_Flycatcher,041.Scissor_tailed_Flycatcher/Scissor_Tailed_Flycatcher_0019_41936.jpg
image_002323_c041.jpg,2323,41,041.Scissor_tailed_Flycatcher,041.Scissor_tailed_Flycatcher/Scissor_Tailed_Flycatcher_0111_42118.jpg
image_002324_c041.jpg,2324,41,041.Scissor_tailed_Flycatcher,041.Scissor_tailed_Flycatcher/Scissor_Tailed_Flycatcher_0119_41879.jpg
image_002325_c041.jpg,2325,41,041.Scissor_tailed_Flycatcher,041.Scissor_tailed_Flycatcher/Scissor_Tailed_Flycatcher_0110_42136.jpg
image_002326_c041.jpg,2326,41,041.Scissor_tailed_Flycatcher,041.Scissor_tailed_Flycatcher/Scissor_Tailed_Flycatcher_0115_42137.jpg
image_002327_c041.jpg,2327,41,041.Scissor_tailed_Flycatcher,041.Scissor_tailed_Flycatcher/Scissor_Tailed_Flycatcher_0123_41638.jpg
image_002328_c041.jpg,2328,41,041.Scissor_tailed_Flycatcher,041.Scissor_tailed_Flycatcher/Scissor_Tailed_Flycatcher_0004_41643.jpg
image_002329_c041.jpg,2329,41,041.Scissor_tailed_Flycatcher,041.Scissor_tailed_Flycatcher/Scissor_Tailed_Flycatcher_0048_41646.jpg
image_002330_c041.jpg,2330,41,041.Scissor_tailed_Flycatcher,041.Scissor_tailed_Flycatcher/Scissor_Tailed_Flycatcher_0060_41655.jpg
image_002331_c041.jpg,2331,41,041.Scissor_tailed_Flycatcher,041.Scissor_tailed_Flycatcher/Scissor_Tailed_Flycatcher_0007_41917.jpg
image_002332_c041.jpg,2332,41,041.Scissor_tailed_Flycatcher,041.Scissor_tailed_Flycatcher/Scissor_Tailed_Flycatcher_0023_42117.jpg
image_002333_c041.jpg,2333,41,041.Scissor_tailed_Flycatcher,041.Scissor_tailed_Flycatcher/Scissor_Tailed_Flycatcher_0021_41931.jpg
image_002334_c041.jpg,2334,41,041.Scissor_tailed_Flycatcher,041.Scissor_tailed_Flycatcher/Scissor_Tailed_Flycatcher_0008_41670.jpg
image_002335_c041.jpg,2335,41,041.Scissor_tailed_Flycatcher,041.Scissor_tailed_Flycatcher/Scissor_Tailed_Flycatcher_0002_41762.jpg
image_002336_c041.jpg,2336,41,041.Scissor_tailed_Flycatcher,041.Scissor_tailed_Flycatcher/Scissor_Tailed_Flycatcher_0122_41679.jpg
image_002337_c041.jpg,2337,41,041.Scissor_tailed_Flycatcher,041.Scissor_tailed_Flycatcher/Scissor_Tailed_Flycatcher_0020_41680.jpg
image_002338_c041.jpg,2338,41,041.Scissor_tailed_Flycatcher,041.Scissor_tailed_Flycatcher/Scissor_Tailed_Flycatcher_0103_41938.jpg
image_002339_c041.jpg,2339,41,041.Scissor_tailed_Flycatcher,041.Scissor_tailed_Flycatcher/Scissor_Tailed_Flycatcher_0106_41684.jpg
image_002340_c041.jpg,2340,41,041.Scissor_tailed_Flycatcher,041.Scissor_tailed_Flycatcher/Scissor_Tailed_Flycatcher_0077_41688.jpg
image_002341_c041.jpg,2341,41,041.Scissor_tailed_Flycatcher,041.Scissor_tailed_Flycatcher/Scissor_Tailed_Flycatcher_0058_41948.jpg
image_002342_c041.jpg,2342,41,041.Scissor_tailed_Flycatcher,041.Scissor_tailed_Flycatcher/Scissor_Tailed_Flycatcher_0062_41952.jpg
image_002343_c041.jpg,2343,41,041.Scissor_tailed_Flycatcher,041.Scissor_tailed_Flycatcher/Scissor_Tailed_Flycatcher_0126_41905.jpg
image_002344_c041.jpg,2344,41,041.Scissor_tailed_Flycatcher,041.Scissor_tailed_Flycatcher/Scissor_Tailed_Flycatcher_0088_41700.jpg
image_002345_c041.jpg,2345,41,041.Scissor_tailed_Flycatcher,041.Scissor_tailed_Flycatcher/Scissor_Tailed_Flycatcher_0097_41701.jpg
image_002346_c041.jpg,2346,41,041.Scissor_tailed_Flycatcher,041.Scissor_tailed_Flycatcher/Scissor_Tailed_Flycatcher_0114_41704.jpg
image_002347_c041.jpg,2347,41,041.Scissor_tailed_Flycatcher,041.Scissor_tailed_Flycatcher/Scissor_Tailed_Flycatcher_0092_41767.jpg
image_002348_c041.jpg,2348,41,041.Scissor_tailed_Flycatcher,041.Scissor_tailed_Flycatcher/Scissor_Tailed_Flycatcher_0012_41853.jpg
image_002349_c041.jpg,2349,41,041.Scissor_tailed_Flycatcher,041.Scissor_tailed_Flycatcher/Scissor_Tailed_Flycatcher_0109_41720.jpg
image_002350_c041.jpg,2350,41,041.Scissor_tailed_Flycatcher,041.Scissor_tailed_Flycatcher/Scissor_Tailed_Flycatcher_0005_41727.jpg
image_002351_c042.jpg,2351,42,042.Vermilion_Flycatcher,042.Vermilion_Flycatcher/Vermilion_Flycatcher_0019_42241.jpg
image_002352_c042.jpg,2352,42,042.Vermilion_Flycatcher,042.Vermilion_Flycatcher/Vermilion_Flycatcher_0020_42498.jpg
image_002353_c042.jpg,2353,42,042.Vermilion_Flycatcher,042.Vermilion_Flycatcher/Vermilion_Flycatcher_0069_42502.jpg
image_002354_c042.jpg,2354,42,042.Vermilion_Flycatcher,042.Vermilion_Flycatcher/Vermilion_Flycatcher_0025_42248.jpg
image_002355_c042.jpg,2355,42,042.Vermilion_Flycatcher,042.Vermilion_Flycatcher/Vermilion_Flycatcher_0070_42250.jpg
image_002356_c042.jpg,2356,42,042.Vermilion_Flycatcher,042.Vermilion_Flycatcher/Vermilion_Flycatcher_0012_42253.jpg
image_002357_c042.jpg,2357,42,042.Vermilion_Flycatcher,042.Vermilion_Flycatcher/Vermilion_Flycatcher_0059_42261.jpg
image_002358_c042.jpg,2358,42,042.Vermilion_Flycatcher,042.Vermilion_Flycatcher/Vermilion_Flycatcher_0038_42262.jpg
image_002359_c042.jpg,2359,42,042.Vermilion_Flycatcher,042.Vermilion_Flycatcher/Vermilion_Flycatcher_0042_42266.jpg
image_002360_c042.jpg,2360,42,042.Vermilion_Flycatcher,042.Vermilion_Flycatcher/Vermilion_Flycatcher_0030_42523.jpg
image_002361_c042.jpg,2361,42,042.Vermilion_Flycatcher,042.Vermilion_Flycatcher/Vermilion_Flycatcher_0014_42533.jpg
image_002362_c042.jpg,2362,42,042.Vermilion_Flycatcher,042.Vermilion_Flycatcher/Vermilion_Flycatcher_0068_42535.jpg
image_002363_c042.jpg,2363,42,042.Vermilion_Flycatcher,042.Vermilion_Flycatcher/Vermilion_Flycatcher_0035_42282.jpg
image_002364_c042.jpg,2364,42,042.Vermilion_Flycatcher,042.Vermilion_Flycatcher/Vermilion_Flycatcher_0060_42293.jpg
image_002365_c042.jpg,2365,42,042.Vermilion_Flycatcher,042.Vermilion_Flycatcher/Vermilion_Flycatcher_0052_42551.jpg
image_002366_c042.jpg,2366,42,042.Vermilion_Flycatcher,042.Vermilion_Flycatcher/Vermilion_Flycatcher_0062_42552.jpg
image_002367_c042.jpg,2367,42,042.Vermilion_Flycatcher,042.Vermilion_Flycatcher/Vermilion_Flycatcher_0048_42298.jpg
image_002368_c042.jpg,2368,42,042.Vermilion_Flycatcher,042.Vermilion_Flycatcher/Vermilion_Flycatcher_0024_42506.jpg
image_002369_c042.jpg,2369,42,042.Vermilion_Flycatcher,042.Vermilion_Flycatcher/Vermilion_Flycatcher_0022_42559.jpg
image_002370_c042.jpg,2370,42,042.Vermilion_Flycatcher,042.Vermilion_Flycatcher/Vermilion_Flycatcher_0044_42305.jpg
image_002371_c042.jpg,2371,42,042.Vermilion_Flycatcher,042.Vermilion_Flycatcher/Vermilion_Flycatcher_0057_42562.jpg
image_002372_c042.jpg,2372,42,042.Vermilion_Flycatcher,042.Vermilion_Flycatcher/Vermilion_Flycatcher_0006_42564.jpg
image_002373_c042.jpg,2373,42,042.Vermilion_Flycatcher,042.Vermilion_Flycatcher/Vermilion_Flycatcher_0023_42565.jpg
image_002374_c042.jpg,2374,42,042.Vermilion_Flycatcher,042.Vermilion_Flycatcher/Vermilion_Flycatcher_0058_42311.jpg
image_002375_c042.jpg,2375,42,042.Vermilion_Flycatcher,042.Vermilion_Flycatcher/Vermilion_Flycatcher_0003_42316.jpg
image_002376_c042.jpg,2376,42,042.Vermilion_Flycatcher,042.Vermilion_Flycatcher/Vermilion_Flycatcher_0073_42573.jpg
image_002377_c042.jpg,2377,42,042.Vermilion_Flycatcher,042.Vermilion_Flycatcher/Vermilion_Flycatcher_0011_42554.jpg
image_002378_c042.jpg,2378,42,042.Vermilion_Flycatcher,042.Vermilion_Flycatcher/Vermilion_Flycatcher_0033_42522.jpg
image_002379_c042.jpg,2379,42,042.Vermilion_Flycatcher,042.Vermilion_Flycatcher/Vermilion_Flycatcher_0018_42474.jpg
image_002380_c042.jpg,2380,42,042.Vermilion_Flycatcher,042.Vermilion_Flycatcher/Vermilion_Flycatcher_0026_42375.jpg
image_002381_c042.jpg,2381,42,042.Vermilion_Flycatcher,042.Vermilion_Flycatcher/Vermilion_Flycatcher_0021_42378.jpg
image_002382_c042.jpg,2382,42,042.Vermilion_Flycatcher,042.Vermilion_Flycatcher/Vermilion_Flycatcher_0049_42380.jpg
image_002383_c042.jpg,2383,42,042.Vermilion_Flycatcher,042.Vermilion_Flycatcher/Vermilion_Flycatcher_0027_42388.jpg
image_002384_c042.jpg,2384,42,042.Vermilion_Flycatcher,042.Vermilion_Flycatcher/Vermilion_Flycatcher_0036_42389.jpg
image_002385_c042.jpg,2385,42,042.Vermilion_Flycatcher,042.Vermilion_Flycatcher/Vermilion_Flycatcher_0002_42390.jpg
image_002386_c042.jpg,2386,42,042.Vermilion_Flycatcher,042.Vermilion_Flycatcher/Vermilion_Flycatcher_0004_42395.jpg
image_002387_c042.jpg,2387,42,042.Vermilion_Flycatcher,042.Vermilion_Flycatcher/Vermilion_Flycatcher_0061_42397.jpg
image_002388_c042.jpg,2388,42,042.Vermilion_Flycatcher,042.Vermilion_Flycatcher/Vermilion_Flycatcher_0040_42398.jpg
image_002389_c042.jpg,2389,42,042.Vermilion_Flycatcher,042.Vermilion_Flycatcher/Vermilion_Flycatcher_0017_42407.jpg
image_002390_c042.jpg,2390,42,042.Vermilion_Flycatcher,042.Vermilion_Flycatcher/Vermilion_Flycatcher_0039_42423.jpg
image_002391_c042.jpg,2391,42,042.Vermilion_Flycatcher,042.Vermilion_Flycatcher/Vermilion_Flycatcher_0034_42356.jpg
image_002392_c042.jpg,2392,42,042.Vermilion_Flycatcher,042.Vermilion_Flycatcher/Vermilion_Flycatcher_0071_42429.jpg
image_002393_c042.jpg,2393,42,042.Vermilion_Flycatcher,042.Vermilion_Flycatcher/Vermilion_Flycatcher_0063_42179.jpg
image_002394_c042.jpg,2394,42,042.Vermilion_Flycatcher,042.Vermilion_Flycatcher/Vermilion_Flycatcher_0043_42182.jpg
image_002395_c042.jpg,2395,42,042.Vermilion_Flycatcher,042.Vermilion_Flycatcher/Vermilion_Flycatcher_0053_42184.jpg
image_002396_c042.jpg,2396,42,042.Vermilion_Flycatcher,042.Vermilion_Flycatcher/Vermilion_Flycatcher_0067_42185.jpg
image_002397_c042.jpg,2397,42,042.Vermilion_Flycatcher,042.Vermilion_Flycatcher/Vermilion_Flycatcher_0055_42442.jpg
image_002398_c042.jpg,2398,42,042.Vermilion_Flycatcher,042.Vermilion_Flycatcher/Vermilion_Flycatcher_0016_42196.jpg
image_002399_c042.jpg,2399,42,042.Vermilion_Flycatcher,042.Vermilion_Flycatcher/Vermilion_Flycatcher_0028_42197.jpg
image_002400_c042.jpg,2400,42,042.Vermilion_Flycatcher,042.Vermilion_Flycatcher/Vermilion_Flycatcher_0031_42201.jpg
image_002401_c042.jpg,2401,42,042.Vermilion_Flycatcher,042.Vermilion_Flycatcher/Vermilion_Flycatcher_0054_42210.jpg
image_002402_c042.jpg,2402,42,042.Vermilion_Flycatcher,042.Vermilion_Flycatcher/Vermilion_Flycatcher_0065_42467.jpg
image_002403_c042.jpg,2403,42,042.Vermilion_Flycatcher,042.Vermilion_Flycatcher/Vermilion_Flycatcher_0007_42214.jpg
image_002404_c042.jpg,2404,42,042.Vermilion_Flycatcher,042.Vermilion_Flycatcher/Vermilion_Flycatcher_0032_42216.jpg
image_002405_c042.jpg,2405,42,042.Vermilion_Flycatcher,042.Vermilion_Flycatcher/Vermilion_Flycatcher_0072_42218.jpg
image_002406_c042.jpg,2406,42,042.Vermilion_Flycatcher,042.Vermilion_Flycatcher/Vermilion_Flycatcher_0045_42219.jpg
image_002407_c042.jpg,2407,42,042.Vermilion_Flycatcher,042.Vermilion_Flycatcher/Vermilion_Flycatcher_0005_42478.jpg
image_002408_c042.jpg,2408,42,042.Vermilion_Flycatcher,042.Vermilion_Flycatcher/Vermilion_Flycatcher_0050_42479.jpg
image_002409_c042.jpg,2409,42,042.Vermilion_Flycatcher,042.Vermilion_Flycatcher/Vermilion_Flycatcher_0047_42488.jpg
image_002410_c042.jpg,2410,42,042.Vermilion_Flycatcher,042.Vermilion_Flycatcher/Vermilion_Flycatcher_0009_42234.jpg
image_002411_c043.jpg,2411,43,043.Yellow_bellied_Flycatcher,043.Yellow_bellied_Flycatcher/Yellow_Bellied_Flycatcher_0013_42769.jpg
image_002412_c043.jpg,2412,43,043.Yellow_bellied_Flycatcher,043.Yellow_bellied_Flycatcher/Yellow_Bellied_Flycatcher_0050_42598.jpg
image_002413_c043.jpg,2413,43,043.Yellow_bellied_Flycatcher,043.Yellow_bellied_Flycatcher/Yellow_Bellied_Flycatcher_0036_42591.jpg
image_002414_c043.jpg,2414,43,043.Yellow_bellied_Flycatcher,043.Yellow_bellied_Flycatcher/Yellow_Bellied_Flycatcher_0035_795464.jpg
image_002415_c043.jpg,2415,43,043.Yellow_bellied_Flycatcher,043.Yellow_bellied_Flycatcher/Yellow_Bellied_Flycatcher_0040_795465.jpg
image_002416_c043.jpg,2416,43,043.Yellow_bellied_Flycatcher,043.Yellow_bellied_Flycatcher/Yellow_Bellied_Flycatcher_0064_795466.jpg
image_002417_c043.jpg,2417,43,043.Yellow_bellied_Flycatcher,043.Yellow_bellied_Flycatcher/Yellow_Bellied_Flycatcher_0047_795468.jpg
image_002418_c043.jpg,2418,43,043.Yellow_bellied_Flycatcher,043.Yellow_bellied_Flycatcher/Yellow_Bellied_Flycatcher_0012_795469.jpg
image_002419_c043.jpg,2419,43,043.Yellow_bellied_Flycatcher,043.Yellow_bellied_Flycatcher/Yellow_Bellied_Flycatcher_0051_795470.jpg
image_002420_c043.jpg,2420,43,043.Yellow_bellied_Flycatcher,043.Yellow_bellied_Flycatcher/Yellow_Bellied_Flycatcher_0045_42575.jpg
image_002421_c043.jpg,2421,43,043.Yellow_bellied_Flycatcher,043.Yellow_bellied_Flycatcher/Yellow_Bellied_Flycatcher_0021_795472.jpg
image_002422_c043.jpg,2422,43,043.Yellow_bellied_Flycatcher,043.Yellow_bellied_Flycatcher/Yellow_Bellied_Flycatcher_0006_795473.jpg
image_002423_c043.jpg,2423,43,043.Yellow_bellied_Flycatcher,043.Yellow_bellied_Flycatcher/Yellow_Bellied_Flycatcher_0032_42578.jpg
image_002424_c043.jpg,2424,43,043.Yellow_bellied_Flycatcher,043.Yellow_bellied_Flycatcher/Yellow_Bellied_Flycatcher_0031_42580.jpg
image_002425_c043.jpg,2425,43,043.Yellow_bellied_Flycatcher,043.Yellow_bellied_Flycatcher/Yellow_Bellied_Flycatcher_0038_795477.jpg
image_002426_c043.jpg,2426,43,043.Yellow_bellied_Flycatcher,043.Yellow_bellied_Flycatcher/Yellow_Bellied_Flycatcher_0023_795478.jpg
image_002427_c043.jpg,2427,43,043.Yellow_bellied_Flycatcher,043.Yellow_bellied_Flycatcher/Yellow_Bellied_Flycatcher_0061_795479.jpg
image_002428_c043.jpg,2428,43,043.Yellow_bellied_Flycatcher,043.Yellow_bellied_Flycatcher/Yellow_Bellied_Flycatcher_0044_795480.jpg
image_002429_c043.jpg,2429,43,043.Yellow_bellied_Flycatcher,043.Yellow_bellied_Flycatcher/Yellow_Bellied_Flycatcher_0020_795482.jpg
image_002430_c043.jpg,2430,43,043.Yellow_bellied_Flycatcher,043.Yellow_bellied_Flycatcher/Yellow_Bellied_Flycatcher_0029_795483.jpg
image_002431_c043.jpg,2431,43,043.Yellow_bellied_Flycatcher,043.Yellow_bellied_Flycatcher/Yellow_Bellied_Flycatcher_0025_795484.jpg
image_002432_c043.jpg,2432,43,043.Yellow_bellied_Flycatcher,043.Yellow_bellied_Flycatcher/Yellow_Bellied_Flycatcher_0057_795485.jpg
image_002433_c043.jpg,2433,43,043.Yellow_bellied_Flycatcher,043.Yellow_bellied_Flycatcher/Yellow_Bellied_Flycatcher_0003_795487.jpg
image_002434_c043.jpg,2434,43,043.Yellow_bellied_Flycatcher,043.Yellow_bellied_Flycatcher/Yellow_Bellied_Flycatcher_0001_795488.jpg
image_002435_c043.jpg,2435,43,043.Yellow_bellied_Flycatcher,043.Yellow_bellied_Flycatcher/Yellow_Bellied_Flycatcher_0026_795489.jpg
image_002436_c043.jpg,2436,43,043.Yellow_bellied_Flycatcher,043.Yellow_bellied_Flycatcher/Yellow_Bellied_Flycatcher_0017_795490.jpg
image_002437_c043.jpg,2437,43,043.Yellow_bellied_Flycatcher,043.Yellow_bellied_Flycatcher/Yellow_Bellied_Flycatcher_0007_795491.jpg
image_002438_c043.jpg,2438,43,043.Yellow_bellied_Flycatcher,043.Yellow_bellied_Flycatcher/Yellow_Bellied_Flycatcher_0053_795493.jpg
image_002439_c043.jpg,2439,43,043.Yellow_bellied_Flycatcher,043.Yellow_bellied_Flycatcher/Yellow_Bellied_Flycatcher_0018_795494.jpg
image_002440_c043.jpg,2440,43,043.Yellow_bellied_Flycatcher,043.Yellow_bellied_Flycatcher/Yellow_Bellied_Flycatcher_0010_795498.jpg
image_002441_c043.jpg,2441,43,043.Yellow_bellied_Flycatcher,043.Yellow_bellied_Flycatcher/Yellow_Bellied_Flycatcher_0037_795500.jpg
image_002442_c043.jpg,2442,43,043.Yellow_bellied_Flycatcher,043.Yellow_bellied_Flycatcher/Yellow_Bellied_Flycatcher_0015_795504.jpg
image_002443_c043.jpg,2443,43,043.Yellow_bellied_Flycatcher,043.Yellow_bellied_Flycatcher/Yellow_Bellied_Flycatcher_0048_795505.jpg
image_002444_c043.jpg,2444,43,043.Yellow_bellied_Flycatcher,043.Yellow_bellied_Flycatcher/Yellow_Bellied_Flycatcher_0055_795507.jpg
image_002445_c043.jpg,2445,43,043.Yellow_bellied_Flycatcher,043.Yellow_bellied_Flycatcher/Yellow_Bellied_Flycatcher_0046_795508.jpg
image_002446_c043.jpg,2446,43,043.Yellow_bellied_Flycatcher,043.Yellow_bellied_Flycatcher/Yellow_Bellied_Flycatcher_0009_795510.jpg
image_002447_c043.jpg,2447,43,043.Yellow_bellied_Flycatcher,043.Yellow_bellied_Flycatcher/Yellow_Bellied_Flycatcher_0034_795511.jpg
image_002448_c043.jpg,2448,43,043.Yellow_bellied_Flycatcher,043.Yellow_bellied_Flycatcher/Yellow_Bellied_Flycatcher_0019_795512.jpg
image_002449_c043.jpg,2449,43,043.Yellow_bellied_Flycatcher,043.Yellow_bellied_Flycatcher/Yellow_Bellied_Flycatcher_0004_795513.jpg
image_002450_c043.jpg,2450,43,043.Yellow_bellied_Flycatcher,043.Yellow_bellied_Flycatcher/Yellow_Bellied_Flycatcher_0066_795514.jpg
image_002451_c043.jpg,2451,43,043.Yellow_bellied_Flycatcher,043.Yellow_bellied_Flycatcher/Yellow_Bellied_Flycatcher_0052_42621.jpg
image_002452_c043.jpg,2452,43,043.Yellow_bellied_Flycatcher,043.Yellow_bellied_Flycatcher/Yellow_Bellied_Flycatcher_0005_42627.jpg
image_002453_c043.jpg,2453,43,043.Yellow_bellied_Flycatcher,043.Yellow_bellied_Flycatcher/Yellow_Bellied_Flycatcher_0065_42635.jpg
image_002454_c043.jpg,2454,43,043.Yellow_bellied_Flycatcher,043.Yellow_bellied_Flycatcher/Yellow_Bellied_Flycatcher_0028_42639.jpg
image_002455_c043.jpg,2455,43,043.Yellow_bellied_Flycatcher,043.Yellow_bellied_Flycatcher/Yellow_Bellied_Flycatcher_0049_42593.jpg
image_002456_c043.jpg,2456,43,043.Yellow_bellied_Flycatcher,043.Yellow_bellied_Flycatcher/Yellow_Bellied_Flycatcher_0027_42649.jpg
image_002457_c043.jpg,2457,43,043.Yellow_bellied_Flycatcher,043.Yellow_bellied_Flycatcher/Yellow_Bellied_Flycatcher_0014_42608.jpg
image_002458_c043.jpg,2458,43,043.Yellow_bellied_Flycatcher,043.Yellow_bellied_Flycatcher/Yellow_Bellied_Flycatcher_0062_42693.jpg
image_002459_c043.jpg,2459,43,043.Yellow_bellied_Flycatcher,043.Yellow_bellied_Flycatcher/Yellow_Bellied_Flycatcher_0033_42695.jpg
image_002460_c043.jpg,2460,43,043.Yellow_bellied_Flycatcher,043.Yellow_bellied_Flycatcher/Yellow_Bellied_Flycatcher_0068_42701.jpg
image_002461_c043.jpg,2461,43,043.Yellow_bellied_Flycatcher,043.Yellow_bellied_Flycatcher/Yellow_Bellied_Flycatcher_0008_42703.jpg
image_002462_c043.jpg,2462,43,043.Yellow_bellied_Flycatcher,043.Yellow_bellied_Flycatcher/Yellow_Bellied_Flycatcher_0063_42704.jpg
image_002463_c043.jpg,2463,43,043.Yellow_bellied_Flycatcher,043.Yellow_bellied_Flycatcher/Yellow_Bellied_Flycatcher_0024_42616.jpg
image_002464_c043.jpg,2464,43,043.Yellow_bellied_Flycatcher,043.Yellow_bellied_Flycatcher/Yellow_Bellied_Flycatcher_0060_42595.jpg
image_002465_c043.jpg,2465,43,043.Yellow_bellied_Flycatcher,043.Yellow_bellied_Flycatcher/Yellow_Bellied_Flycatcher_0054_42709.jpg
image_002466_c043.jpg,2466,43,043.Yellow_bellied_Flycatcher,043.Yellow_bellied_Flycatcher/Yellow_Bellied_Flycatcher_0039_795471.jpg
image_002467_c043.jpg,2467,43,043.Yellow_bellied_Flycatcher,043.Yellow_bellied_Flycatcher/Yellow_Bellied_Flycatcher_0041_42719.jpg
image_002468_c043.jpg,2468,43,043.Yellow_bellied_Flycatcher,043.Yellow_bellied_Flycatcher/Yellow_Bellied_Flycatcher_0011_42734.jpg
image_002469_c043.jpg,2469,43,043.Yellow_bellied_Flycatcher,043.Yellow_bellied_Flycatcher/Yellow_Bellied_Flycatcher_0016_795476.jpg
image_002470_c044.jpg,2470,44,044.Frigatebird,044.Frigatebird/Frigatebird_0089_43013.jpg
image_002471_c044.jpg,2471,44,044.Frigatebird,044.Frigatebird/Frigatebird_0057_43016.jpg
image_002472_c044.jpg,2472,44,044.Frigatebird,044.Frigatebird/Frigatebird_0054_43019.jpg
image_002473_c044.jpg,2473,44,044.Frigatebird,044.Frigatebird/Frigatebird_0069_43541.jpg
image_002474_c044.jpg,2474,44,044.Frigatebird,044.Frigatebird/Frigatebird_0074_43035.jpg
image_002475_c044.jpg,2475,44,044.Frigatebird,044.Frigatebird/Frigatebird_0122_43549.jpg
image_002476_c044.jpg,2476,44,044.Frigatebird,044.Frigatebird/Frigatebird_0073_43038.jpg
image_002477_c044.jpg,2477,44,044.Frigatebird,044.Frigatebird/Frigatebird_0047_43039.jpg
image_002478_c044.jpg,2478,44,044.Frigatebird,044.Frigatebird/Frigatebird_0119_43042.jpg
image_002479_c044.jpg,2479,44,044.Frigatebird,044.Frigatebird/Frigatebird_0051_43043.jpg
image_002480_c044.jpg,2480,44,044.Frigatebird,044.Frigatebird/Frigatebird_0049_43044.jpg
image_002481_c044.jpg,2481,44,044.Frigatebird,044.Frigatebird/Frigatebird_0034_43053.jpg
image_002482_c044.jpg,2482,44,044.Frigatebird,044.Frigatebird/Frigatebird_0060_43054.jpg
image_002483_c044.jpg,2483,44,044.Frigatebird,044.Frigatebird/Frigatebird_0097_43567.jpg
image_002484_c044.jpg,2484,44,044.Frigatebird,044.Frigatebird/Frigatebird_0008_43058.jpg
image_002485_c044.jpg,2485,44,044.Frigatebird,044.Frigatebird/Frigatebird_0096_43571.jpg
image_002486_c044.jpg,2486,44,044.Frigatebird,044.Frigatebird/Frigatebird_0012_43062.jpg
image_002487_c044.jpg,2487,44,044.Frigatebird,044.Frigatebird/Frigatebird_0080_43064.jpg
image_002488_c044.jpg,2488,44,044.Frigatebird,044.Frigatebird/Frigatebird_0091_43066.jpg
image_002489_c044.jpg,2489,44,044.Frigatebird,044.Frigatebird/Frigatebird_0050_43084.jpg
image_002490_c044.jpg,2490,44,044.Frigatebird,044.Frigatebird/Frigatebird_0001_43101.jpg
image_002491_c044.jpg,2491,44,044.Frigatebird,044.Frigatebird/Frigatebird_0023_43110.jpg
image_002492_c044.jpg,2492,44,044.Frigatebird,044.Frigatebird/Frigatebird_0015_43132.jpg
image_002493_c044.jpg,2493,44,044.Frigatebird,044.Frigatebird/Frigatebird_0016_43159.jpg
image_002494_c044.jpg,2494,44,044.Frigatebird,044.Frigatebird/Frigatebird_0129_43183.jpg
image_002495_c044.jpg,2495,44,044.Frigatebird,044.Frigatebird/Frigatebird_0118_43189.jpg
image_002496_c044.jpg,2496,44,044.Frigatebird,044.Frigatebird/Frigatebird_0062_43193.jpg
image_002497_c044.jpg,2497,44,044.Frigatebird,044.Frigatebird/Frigatebird_0088_43201.jpg
image_002498_c044.jpg,2498,44,044.Frigatebird,044.Frigatebird/Frigatebird_0092_43206.jpg
image_002499_c044.jpg,2499,44,044.Frigatebird,044.Frigatebird/Frigatebird_0098_43207.jpg
image_002500_c044.jpg,2500,44,044.Frigatebird,044.Frigatebird/Frigatebird_0011_43213.jpg
image_002501_c044.jpg,2501,44,044.Frigatebird,044.Frigatebird/Frigatebird_0053_43220.jpg
image_002502_c044.jpg,2502,44,044.Frigatebird,044.Frigatebird/Frigatebird_0004_43221.jpg
image_002503_c044.jpg,2503,44,044.Frigatebird,044.Frigatebird/Frigatebird_0058_43251.jpg
image_002504_c044.jpg,2504,44,044.Frigatebird,044.Frigatebird/Frigatebird_0107_42773.jpg
image_002505_c044.jpg,2505,44,044.Frigatebird,044.Frigatebird/Frigatebird_0081_42779.jpg
image_002506_c044.jpg,2506,44,044.Frigatebird,044.Frigatebird/Frigatebird_0095_42785.jpg
image_002507_c044.jpg,2507,44,044.Frigatebird,044.Frigatebird/Frigatebird_0120_43300.jpg
image_002508_c044.jpg,2508,44,044.Frigatebird,044.Frigatebird/Frigatebird_0121_42791.jpg
image_002509_c044.jpg,2509,44,044.Frigatebird,044.Frigatebird/Frigatebird_0068_42795.jpg
image_002510_c044.jpg,2510,44,044.Frigatebird,044.Frigatebird/Frigatebird_0114_42807.jpg
image_002511_c044.jpg,2511,44,044.Frigatebird,044.Frigatebird/Frigatebird_0063_42812.jpg
image_002512_c044.jpg,2512,44,044.Frigatebird,044.Frigatebird/Frigatebird_0045_42823.jpg
image_002513_c044.jpg,2513,44,044.Frigatebird,044.Frigatebird/Frigatebird_0005_42828.jpg
image_002514_c044.jpg,2514,44,044.Frigatebird,044.Frigatebird/Frigatebird_0019_43348.jpg
image_002515_c044.jpg,2515,44,044.Frigatebird,044.Frigatebird/Frigatebird_0059_42838.jpg
image_002516_c044.jpg,2516,44,044.Frigatebird,044.Frigatebird/Frigatebird_0040_42860.jpg
image_002517_c044.jpg,2517,44,044.Frigatebird,044.Frigatebird/Frigatebird_0006_43381.jpg
image_002518_c044.jpg,2518,44,044.Frigatebird,044.Frigatebird/Frigatebird_0112_43394.jpg
image_002519_c044.jpg,2519,44,044.Frigatebird,044.Frigatebird/Frigatebird_0116_43410.jpg
image_002520_c044.jpg,2520,44,044.Frigatebird,044.Frigatebird/Frigatebird_0052_43411.jpg
image_002521_c044.jpg,2521,44,044.Frigatebird,044.Frigatebird/Frigatebird_0035_43420.jpg
image_002522_c044.jpg,2522,44,044.Frigatebird,044.Frigatebird/Frigatebird_0021_42913.jpg
image_002523_c044.jpg,2523,44,044.Frigatebird,044.Frigatebird/Frigatebird_0022_43457.jpg
image_002524_c044.jpg,2524,44,044.Frigatebird,044.Frigatebird/Frigatebird_0115_42973.jpg
image_002525_c044.jpg,2525,44,044.Frigatebird,044.Frigatebird/Frigatebird_0031_42979.jpg
image_002526_c044.jpg,2526,44,044.Frigatebird,044.Frigatebird/Frigatebird_0082_42989.jpg
image_002527_c044.jpg,2527,44,044.Frigatebird,044.Frigatebird/Frigatebird_0084_43006.jpg
image_002528_c044.jpg,2528,44,044.Frigatebird,044.Frigatebird/Frigatebird_0090_43511.jpg
image_002529_c044.jpg,2529,44,044.Frigatebird,044.Frigatebird/Frigatebird_0070_43516.jpg
image_002530_c045.jpg,2530,45,045.Northern_Fulmar,045.Northern_Fulmar/Northern_Fulmar_0029_44049.jpg
image_002531_c045.jpg,2531,45,045.Northern_Fulmar,045.Northern_Fulmar/Northern_Fulmar_0033_43794.jpg
image_002532_c045.jpg,2532,45,045.Northern_Fulmar,045.Northern_Fulmar/Northern_Fulmar_0103_44062.jpg
image_002533_c045.jpg,2533,45,045.Northern_Fulmar,045.Northern_Fulmar/Northern_Fulmar_0023_43809.jpg
image_002534_c045.jpg,2534,45,045.Northern_Fulmar,045.Northern_Fulmar/Northern_Fulmar_0060_43813.jpg
image_002535_c045.jpg,2535,45,045.Northern_Fulmar,045.Northern_Fulmar/Northern_Fulmar_0065_44081.jpg
image_002536_c045.jpg,2536,45,045.Northern_Fulmar,045.Northern_Fulmar/Northern_Fulmar_0074_43955.jpg
image_002537_c045.jpg,2537,45,045.Northern_Fulmar,045.Northern_Fulmar/Northern_Fulmar_0098_43578.jpg
image_002538_c045.jpg,2538,45,045.Northern_Fulmar,045.Northern_Fulmar/Northern_Fulmar_0045_43581.jpg
image_002539_c045.jpg,2539,45,045.Northern_Fulmar,045.Northern_Fulmar/Northern_Fulmar_0050_43839.jpg
image_002540_c045.jpg,2540,45,045.Northern_Fulmar,045.Northern_Fulmar/Northern_Fulmar_0053_43843.jpg
image_002541_c045.jpg,2541,45,045.Northern_Fulmar,045.Northern_Fulmar/Northern_Fulmar_0038_43846.jpg
image_002542_c045.jpg,2542,45,045.Northern_Fulmar,045.Northern_Fulmar/Northern_Fulmar_0019_43853.jpg
image_002543_c045.jpg,2543,45,045.Northern_Fulmar,045.Northern_Fulmar/Northern_Fulmar_0079_43599.jpg
image_002544_c045.jpg,2544,45,045.Northern_Fulmar,045.Northern_Fulmar/Northern_Fulmar_0010_44112.jpg
image_002545_c045.jpg,2545,45,045.Northern_Fulmar,045.Northern_Fulmar/Northern_Fulmar_0058_44114.jpg
image_002546_c045.jpg,2546,45,045.Northern_Fulmar,045.Northern_Fulmar/Northern_Fulmar_0095_43860.jpg
image_002547_c045.jpg,2547,45,045.Northern_Fulmar,045.Northern_Fulmar/Northern_Fulmar_0091_44120.jpg
image_002548_c045.jpg,2548,45,045.Northern_Fulmar,045.Northern_Fulmar/Northern_Fulmar_0097_43865.jpg
image_002549_c045.jpg,2549,45,045.Northern_Fulmar,045.Northern_Fulmar/Northern_Fulmar_0090_43867.jpg
image_002550_c045.jpg,2550,45,045.Northern_Fulmar,045.Northern_Fulmar/Northern_Fulmar_0083_43618.jpg
image_002551_c045.jpg,2551,45,045.Northern_Fulmar,045.Northern_Fulmar/Northern_Fulmar_0012_44131.jpg
image_002552_c045.jpg,2552,45,045.Northern_Fulmar,045.Northern_Fulmar/Northern_Fulmar_0056_43880.jpg
image_002553_c045.jpg,2553,45,045.Northern_Fulmar,045.Northern_Fulmar/Northern_Fulmar_0063_43631.jpg
image_002554_c045.jpg,2554,45,045.Northern_Fulmar,045.Northern_Fulmar/Northern_Fulmar_0076_43893.jpg
image_002555_c045.jpg,2555,45,045.Northern_Fulmar,045.Northern_Fulmar/Northern_Fulmar_0014_43895.jpg
image_002556_c045.jpg,2556,45,045.Northern_Fulmar,045.Northern_Fulmar/Northern_Fulmar_0008_43647.jpg
image_002557_c045.jpg,2557,45,045.Northern_Fulmar,045.Northern_Fulmar/Northern_Fulmar_0049_43906.jpg
image_002558_c045.jpg,2558,45,045.Northern_Fulmar,045.Northern_Fulmar/Northern_Fulmar_0061_43653.jpg
image_002559_c045.jpg,2559,45,045.Northern_Fulmar,045.Northern_Fulmar/Northern_Fulmar_0096_43654.jpg
image_002560_c045.jpg,2560,45,045.Northern_Fulmar,045.Northern_Fulmar/Northern_Fulmar_0081_43912.jpg
image_002561_c045.jpg,2561,45,045.Northern_Fulmar,045.Northern_Fulmar/Northern_Fulmar_0015_43658.jpg
image_002562_c045.jpg,2562,45,045.Northern_Fulmar,045.Northern_Fulmar/Northern_Fulmar_0070_43916.jpg
image_002563_c045.jpg,2563,45,045.Northern_Fulmar,045.Northern_Fulmar/Northern_Fulmar_0041_44013.jpg
image_002564_c045.jpg,2564,45,045.Northern_Fulmar,045.Northern_Fulmar/Northern_Fulmar_0048_43672.jpg
image_002565_c045.jpg,2565,45,045.Northern_Fulmar,045.Northern_Fulmar/Northern_Fulmar_0043_43685.jpg
image_002566_c045.jpg,2566,45,045.Northern_Fulmar,045.Northern_Fulmar/Northern_Fulmar_0039_43689.jpg
image_002567_c045.jpg,2567,45,045.Northern_Fulmar,045.Northern_Fulmar/Northern_Fulmar_0071_44146.jpg
image_002568_c045.jpg,2568,45,045.Northern_Fulmar,045.Northern_Fulmar/Northern_Fulmar_0047_43698.jpg
image_002569_c045.jpg,2569,45,045.Northern_Fulmar,045.Northern_Fulmar/Northern_Fulmar_0016_43958.jpg
image_002570_c045.jpg,2570,45,045.Northern_Fulmar,045.Northern_Fulmar/Northern_Fulmar_0027_43705.jpg
image_002571_c045.jpg,2571,45,045.Northern_Fulmar,045.Northern_Fulmar/Northern_Fulmar_0064_43710.jpg
image_002572_c045.jpg,2572,45,045.Northern_Fulmar,045.Northern_Fulmar/Northern_Fulmar_0037_43712.jpg
image_002573_c045.jpg,2573,45,045.Northern_Fulmar,045.Northern_Fulmar/Northern_Fulmar_0066_43714.jpg
image_002574_c045.jpg,2574,45,045.Northern_Fulmar,045.Northern_Fulmar/Northern_Fulmar_0036_43718.jpg
image_002575_c045.jpg,2575,45,045.Northern_Fulmar,045.Northern_Fulmar/Northern_Fulmar_0077_43730.jpg
image_002576_c045.jpg,2576,45,045.Northern_Fulmar,045.Northern_Fulmar/Northern_Fulmar_0100_43732.jpg
image_002577_c045.jpg,2577,45,045.Northern_Fulmar,045.Northern_Fulmar/Northern_Fulmar_0042_43739.jpg
image_002578_c045.jpg,2578,45,045.Northern_Fulmar,045.Northern_Fulmar/Northern_Fulmar_0021_43743.jpg
image_002579_c045.jpg,2579,45,045.Northern_Fulmar,045.Northern_Fulmar/Northern_Fulmar_0078_43985.jpg
image_002580_c045.jpg,2580,45,045.Northern_Fulmar,045.Northern_Fulmar/Northern_Fulmar_0001_43749.jpg
image_002581_c045.jpg,2581,45,045.Northern_Fulmar,045.Northern_Fulmar/Northern_Fulmar_0031_43750.jpg
image_002582_c045.jpg,2582,45,045.Northern_Fulmar,045.Northern_Fulmar/Northern_Fulmar_0052_43857.jpg
image_002583_c045.jpg,2583,45,045.Northern_Fulmar,045.Northern_Fulmar/Northern_Fulmar_0028_43752.jpg
image_002584_c045.jpg,2584,45,045.Northern_Fulmar,045.Northern_Fulmar/Northern_Fulmar_0006_43753.jpg
image_002585_c045.jpg,2585,45,045.Northern_Fulmar,045.Northern_Fulmar/Northern_Fulmar_0004_43755.jpg
image_002586_c045.jpg,2586,45,045.Northern_Fulmar,045.Northern_Fulmar/Northern_Fulmar_0099_44015.jpg
image_002587_c045.jpg,2587,45,045.Northern_Fulmar,045.Northern_Fulmar/Northern_Fulmar_0046_43760.jpg
image_002588_c045.jpg,2588,45,045.Northern_Fulmar,045.Northern_Fulmar/Northern_Fulmar_0011_43769.jpg
image_002589_c045.jpg,2589,45,045.Northern_Fulmar,045.Northern_Fulmar/Northern_Fulmar_0018_43771.jpg
image_002590_c046.jpg,2590,46,046.Gadwall,046.Gadwall/Gadwall_0022_31616.jpg
image_002591_c046.jpg,2591,46,046.Gadwall,046.Gadwall/Gadwall_0001_31235.jpg
image_002592_c046.jpg,2592,46,046.Gadwall,046.Gadwall/Gadwall_0019_30984.jpg
image_002593_c046.jpg,2593,46,046.Gadwall,046.Gadwall/Gadwall_0035_30985.jpg
image_002594_c046.jpg,2594,46,046.Gadwall,046.Gadwall/Gadwall_0058_31660.jpg
image_002595_c046.jpg,2595,46,046.Gadwall,046.Gadwall/Gadwall_0036_31760.jpg
image_002596_c046.jpg,2596,46,046.Gadwall,046.Gadwall/Gadwall_0080_31747.jpg
image_002597_c046.jpg,2597,46,046.Gadwall,046.Gadwall/Gadwall_0039_31013.jpg
image_002598_c046.jpg,2598,46,046.Gadwall,046.Gadwall/Gadwall_0017_30979.jpg
image_002599_c046.jpg,2599,46,046.Gadwall,046.Gadwall/Gadwall_0040_31788.jpg
image_002600_c046.jpg,2600,46,046.Gadwall,046.Gadwall/Gadwall_0007_31537.jpg
image_002601_c046.jpg,2601,46,046.Gadwall,046.Gadwall/Gadwall_0042_31411.jpg
image_002602_c046.jpg,2602,46,046.Gadwall,046.Gadwall/Gadwall_0069_31291.jpg
image_002603_c046.jpg,2603,46,046.Gadwall,046.Gadwall/Gadwall_0004_31669.jpg
image_002604_c046.jpg,2604,46,046.Gadwall,046.Gadwall/Gadwall_0082_31301.jpg
image_002605_c046.jpg,2605,46,046.Gadwall,046.Gadwall/Gadwall_0096_31560.jpg
image_002606_c046.jpg,2606,46,046.Gadwall,046.Gadwall/Gadwall_0079_31052.jpg
image_002607_c046.jpg,2607,46,046.Gadwall,046.Gadwall/Gadwall_0087_31821.jpg
image_002608_c046.jpg,2608,46,046.Gadwall,046.Gadwall/Gadwall_0048_31312.jpg
image_002609_c046.jpg,2609,46,046.Gadwall,046.Gadwall/Gadwall_0014_31570.jpg
image_002610_c046.jpg,2610,46,046.Gadwall,046.Gadwall/Gadwall_0041_31064.jpg
image_002611_c046.jpg,2611,46,046.Gadwall,046.Gadwall/Gadwall_0092_31162.jpg
image_002612_c046.jpg,2612,46,046.Gadwall,046.Gadwall/Gadwall_0064_31504.jpg
image_002613_c046.jpg,2613,46,046.Gadwall,046.Gadwall/Gadwall_0009_31847.jpg
image_002614_c046.jpg,2614,46,046.Gadwall,046.Gadwall/Gadwall_0088_31854.jpg
image_002615_c046.jpg,2615,46,046.Gadwall,046.Gadwall/Gadwall_0030_31855.jpg
image_002616_c046.jpg,2616,46,046.Gadwall,046.Gadwall/Gadwall_0086_31346.jpg
image_002617_c046.jpg,2617,46,046.Gadwall,046.Gadwall/Gadwall_0047_31360.jpg
image_002618_c046.jpg,2618,46,046.Gadwall,046.Gadwall/Gadwall_0028_31623.jpg
image_002619_c046.jpg,2619,46,046.Gadwall,046.Gadwall/Gadwall_0085_31171.jpg
image_002620_c046.jpg,2620,46,046.Gadwall,046.Gadwall/Gadwall_0029_31637.jpg
image_002621_c046.jpg,2621,46,046.Gadwall,046.Gadwall/Gadwall_0076_31639.jpg
image_002622_c046.jpg,2622,46,046.Gadwall,046.Gadwall/Gadwall_0059_31646.jpg
image_002623_c046.jpg,2623,46,046.Gadwall,046.Gadwall/Gadwall_0066_31557.jpg
image_002624_c046.jpg,2624,46,046.Gadwall,046.Gadwall/Gadwall_0068_30886.jpg
image_002625_c046.jpg,2625,46,046.Gadwall,046.Gadwall/Gadwall_0075_30892.jpg
image_002626_c046.jpg,2626,46,046.Gadwall,046.Gadwall/Gadwall_0097_30893.jpg
image_002627_c046.jpg,2627,46,046.Gadwall,046.Gadwall/Gadwall_0093_30898.jpg
image_002628_c046.jpg,2628,46,046.Gadwall,046.Gadwall/Gadwall_0010_31158.jpg
image_002629_c046.jpg,2629,46,046.Gadwall,046.Gadwall/Gadwall_0084_31135.jpg
image_002630_c046.jpg,2630,46,046.Gadwall,046.Gadwall/Gadwall_0095_30911.jpg
image_002631_c046.jpg,2631,46,046.Gadwall,046.Gadwall/Gadwall_0055_30912.jpg
image_002632_c046.jpg,2632,46,046.Gadwall,046.Gadwall/Gadwall_0065_31659.jpg
image_002633_c046.jpg,2633,46,046.Gadwall,046.Gadwall/Gadwall_0052_30915.jpg
image_002634_c046.jpg,2634,46,046.Gadwall,046.Gadwall/Gadwall_0060_31686.jpg
image_002635_c046.jpg,2635,46,046.Gadwall,046.Gadwall/Gadwall_0012_30920.jpg
image_002636_c046.jpg,2636,46,046.Gadwall,046.Gadwall/Gadwall_0050_31223.jpg
image_002637_c046.jpg,2637,46,046.Gadwall,046.Gadwall/Gadwall_0005_30924.jpg
image_002638_c046.jpg,2638,46,046.Gadwall,046.Gadwall/Gadwall_0077_30929.jpg
image_002639_c046.jpg,2639,46,046.Gadwall,046.Gadwall/Gadwall_0070_31187.jpg
image_002640_c046.jpg,2640,46,046.Gadwall,046.Gadwall/Gadwall_0025_30933.jpg
image_002641_c046.jpg,2641,46,046.Gadwall,046.Gadwall/Gadwall_0031_30935.jpg
image_002642_c046.jpg,2642,46,046.Gadwall,046.Gadwall/Gadwall_0049_30936.jpg
image_002643_c046.jpg,2643,46,046.Gadwall,046.Gadwall/Gadwall_0091_30941.jpg
image_002644_c046.jpg,2644,46,046.Gadwall,046.Gadwall/Gadwall_0024_30942.jpg
image_002645_c046.jpg,2645,46,046.Gadwall,046.Gadwall/Gadwall_0071_31655.jpg
image_002646_c046.jpg,2646,46,046.Gadwall,046.Gadwall/Gadwall_0034_31212.jpg
image_002647_c046.jpg,2647,46,046.Gadwall,046.Gadwall/Gadwall_0083_30959.jpg
image_002648_c046.jpg,2648,46,046.Gadwall,046.Gadwall/Gadwall_0027_30966.jpg
image_002649_c046.jpg,2649,46,046.Gadwall,046.Gadwall/Gadwall_0013_31020.jpg
image_002650_c047.jpg,2650,47,047.American_Goldfinch,047.American_Goldfinch/American_Goldfinch_0074_32265.jpg
image_002651_c047.jpg,2651,47,047.American_Goldfinch,047.American_Goldfinch/American_Goldfinch_0017_32272.jpg
image_002652_c047.jpg,2652,47,047.American_Goldfinch,047.American_Goldfinch/American_Goldfinch_0136_32277.jpg
image_002653_c047.jpg,2653,47,047.American_Goldfinch,047.American_Goldfinch/American_Goldfinch_0061_32281.jpg
image_002654_c047.jpg,2654,47,047.American_Goldfinch,047.American_Goldfinch/American_Goldfinch_0133_32802.jpg
image_002655_c047.jpg,2655,47,047.American_Goldfinch,047.American_Goldfinch/American_Goldfinch_0084_32295.jpg
image_002656_c047.jpg,2656,47,047.American_Goldfinch,047.American_Goldfinch/American_Goldfinch_0001_32306.jpg
image_002657_c047.jpg,2657,47,047.American_Goldfinch,047.American_Goldfinch/American_Goldfinch_0040_32323.jpg
image_002658_c047.jpg,2658,47,047.American_Goldfinch,047.American_Goldfinch/American_Goldfinch_0018_32324.jpg
image_002659_c047.jpg,2659,47,047.American_Goldfinch,047.American_Goldfinch/American_Goldfinch_0128_32333.jpg
image_002660_c047.jpg,2660,47,047.American_Goldfinch,047.American_Goldfinch/American_Goldfinch_0012_32338.jpg
image_002661_c047.jpg,2661,47,047.American_Goldfinch,047.American_Goldfinch/American_Goldfinch_0053_32359.jpg
image_002662_c047.jpg,2662,47,047.American_Goldfinch,047.American_Goldfinch/American_Goldfinch_0115_32362.jpg
image_002663_c047.jpg,2663,47,047.American_Goldfinch,047.American_Goldfinch/American_Goldfinch_0087_32363.jpg
image_002664_c047.jpg,2664,47,047.American_Goldfinch,047.American_Goldfinch/American_Goldfinch_0048_32885.jpg
image_002665_c047.jpg,2665,47,047.American_Goldfinch,047.American_Goldfinch/American_Goldfinch_0135_32107.jpg
image_002666_c047.jpg,2666,47,047.American_Goldfinch,047.American_Goldfinch/American_Goldfinch_0096_31876.jpg
image_002667_c047.jpg,2667,47,047.American_Goldfinch,047.American_Goldfinch/American_Goldfinch_0092_32910.jpg
image_002668_c047.jpg,2668,47,047.American_Goldfinch,047.American_Goldfinch/American_Goldfinch_0086_31887.jpg
image_002669_c047.jpg,2669,47,047.American_Goldfinch,047.American_Goldfinch/American_Goldfinch_0049_31889.jpg
image_002670_c047.jpg,2670,47,047.American_Goldfinch,047.American_Goldfinch/American_Goldfinch_0082_31890.jpg
image_002671_c047.jpg,2671,47,047.American_Goldfinch,047.American_Goldfinch/American_Goldfinch_0090_31893.jpg
image_002672_c047.jpg,2672,47,047.American_Goldfinch,047.American_Goldfinch/American_Goldfinch_0134_32409.jpg
image_002673_c047.jpg,2673,47,047.American_Goldfinch,047.American_Goldfinch/American_Goldfinch_0004_31903.jpg
image_002674_c047.jpg,2674,47,047.American_Goldfinch,047.American_Goldfinch/American_Goldfinch_0036_31910.jpg
image_002675_c047.jpg,2675,47,047.American_Goldfinch,047.American_Goldfinch/American_Goldfinch_0050_31913.jpg
image_002676_c047.jpg,2676,47,047.American_Goldfinch,047.American_Goldfinch/American_Goldfinch_0062_31921.jpg
image_002677_c047.jpg,2677,47,047.American_Goldfinch,047.American_Goldfinch/American_Goldfinch_0032_31922.jpg
image_002678_c047.jpg,2678,47,047.American_Goldfinch,047.American_Goldfinch/American_Goldfinch_0034_32371.jpg
image_002679_c047.jpg,2679,47,047.American_Goldfinch,047.American_Goldfinch/American_Goldfinch_0091_31938.jpg
image_002680_c047.jpg,2680,47,047.American_Goldfinch,047.American_Goldfinch/American_Goldfinch_0116_31943.jpg
image_002681_c047.jpg,2681,47,047.American_Goldfinch,047.American_Goldfinch/American_Goldfinch_0108_32974.jpg
image_002682_c047.jpg,2682,47,047.American_Goldfinch,047.American_Goldfinch/American_Goldfinch_0126_32480.jpg
image_002683_c047.jpg,2683,47,047.American_Goldfinch,047.American_Goldfinch/American_Goldfinch_0041_31969.jpg
image_002684_c047.jpg,2684,47,047.American_Goldfinch,047.American_Goldfinch/American_Goldfinch_0045_31974.jpg
image_002685_c047.jpg,2685,47,047.American_Goldfinch,047.American_Goldfinch/American_Goldfinch_0042_31979.jpg
image_002686_c047.jpg,2686,47,047.American_Goldfinch,047.American_Goldfinch/American_Goldfinch_0043_31993.jpg
image_002687_c047.jpg,2687,47,047.American_Goldfinch,047.American_Goldfinch/American_Goldfinch_0111_32022.jpg
image_002688_c047.jpg,2688,47,047.American_Goldfinch,047.American_Goldfinch/American_Goldfinch_0104_32540.jpg
image_002689_c047.jpg,2689,47,047.American_Goldfinch,047.American_Goldfinch/American_Goldfinch_0123_32505.jpg
image_002690_c047.jpg,2690,47,047.American_Goldfinch,047.American_Goldfinch/American_Goldfinch_0037_32071.jpg
image_002691_c047.jpg,2691,47,047.American_Goldfinch,047.American_Goldfinch/American_Goldfinch_0131_32911.jpg
image_002692_c047.jpg,2692,47,047.American_Goldfinch,047.American_Goldfinch/American_Goldfinch_0046_32105.jpg
image_002693_c047.jpg,2693,47,047.American_Goldfinch,047.American_Goldfinch/American_Goldfinch_0107_32618.jpg
image_002694_c047.jpg,2694,47,047.American_Goldfinch,047.American_Goldfinch/American_Goldfinch_0022_32111.jpg
image_002695_c047.jpg,2695,47,047.American_Goldfinch,047.American_Goldfinch/American_Goldfinch_0129_32625.jpg
image_002696_c047.jpg,2696,47,047.American_Goldfinch,047.American_Goldfinch/American_Goldfinch_0064_32142.jpg
image_002697_c047.jpg,2697,47,047.American_Goldfinch,047.American_Goldfinch/American_Goldfinch_0089_32152.jpg
image_002698_c047.jpg,2698,47,047.American_Goldfinch,047.American_Goldfinch/American_Goldfinch_0014_32154.jpg
image_002699_c047.jpg,2699,47,047.American_Goldfinch,047.American_Goldfinch/American_Goldfinch_0056_32169.jpg
image_002700_c047.jpg,2700,47,047.American_Goldfinch,047.American_Goldfinch/American_Goldfinch_0106_32182.jpg
image_002701_c047.jpg,2701,47,047.American_Goldfinch,047.American_Goldfinch/American_Goldfinch_0100_32183.jpg
image_002702_c047.jpg,2702,47,047.American_Goldfinch,047.American_Goldfinch/American_Goldfinch_0122_32186.jpg
image_002703_c047.jpg,2703,47,047.American_Goldfinch,047.American_Goldfinch/American_Goldfinch_0118_32210.jpg
image_002704_c047.jpg,2704,47,047.American_Goldfinch,047.American_Goldfinch/American_Goldfinch_0121_32725.jpg
image_002705_c047.jpg,2705,47,047.American_Goldfinch,047.American_Goldfinch/American_Goldfinch_0029_32218.jpg
image_002706_c047.jpg,2706,47,047.American_Goldfinch,047.American_Goldfinch/American_Goldfinch_0026_32222.jpg
image_002707_c047.jpg,2707,47,047.American_Goldfinch,047.American_Goldfinch/American_Goldfinch_0103_32225.jpg
image_002708_c047.jpg,2708,47,047.American_Goldfinch,047.American_Goldfinch/American_Goldfinch_0003_32236.jpg
image_002709_c047.jpg,2709,47,047.American_Goldfinch,047.American_Goldfinch/American_Goldfinch_0105_32238.jpg
image_002710_c048.jpg,2710,48,048.European_Goldfinch,048.European_Goldfinch/European_Goldfinch_0073_794633.jpg
image_002711_c048.jpg,2711,48,048.European_Goldfinch,048.European_Goldfinch/European_Goldfinch_0104_794634.jpg
image_002712_c048.jpg,2712,48,048.European_Goldfinch,048.European_Goldfinch/European_Goldfinch_0067_794637.jpg
image_002713_c048.jpg,2713,48,048.European_Goldfinch,048.European_Goldfinch/European_Goldfinch_0017_794638.jpg
image_002714_c048.jpg,2714,48,048.European_Goldfinch,048.European_Goldfinch/European_Goldfinch_0053_794639.jpg
image_002715_c048.jpg,2715,48,048.European_Goldfinch,048.European_Goldfinch/European_Goldfinch_0036_794642.jpg
image_002716_c048.jpg,2716,48,048.European_Goldfinch,048.European_Goldfinch/European_Goldfinch_0040_794643.jpg
image_002717_c048.jpg,2717,48,048.European_Goldfinch,048.European_Goldfinch/European_Goldfinch_0020_794644.jpg
image_002718_c048.jpg,2718,48,048.European_Goldfinch,048.European_Goldfinch/European_Goldfinch_0041_794645.jpg
image_002719_c048.jpg,2719,48,048.European_Goldfinch,048.European_Goldfinch/European_Goldfinch_0012_794646.jpg
image_002720_c048.jpg,2720,48,048.European_Goldfinch,048.European_Goldfinch/European_Goldfinch_0025_794647.jpg
image_002721_c048.jpg,2721,48,048.European_Goldfinch,048.European_Goldfinch/European_Goldfinch_0090_794648.jpg
image_002722_c048.jpg,2722,48,048.European_Goldfinch,048.European_Goldfinch/European_Goldfinch_0088_794651.jpg
image_002723_c048.jpg,2723,48,048.European_Goldfinch,048.European_Goldfinch/European_Goldfinch_0093_794653.jpg
image_002724_c048.jpg,2724,48,048.European_Goldfinch,048.European_Goldfinch/European_Goldfinch_0107_794655.jpg
image_002725_c048.jpg,2725,48,048.European_Goldfinch,048.European_Goldfinch/European_Goldfinch_0048_794656.jpg
image_002726_c048.jpg,2726,48,048.European_Goldfinch,048.European_Goldfinch/European_Goldfinch_0004_33313.jpg
image_002727_c048.jpg,2727,48,048.European_Goldfinch,048.European_Goldfinch/European_Goldfinch_0075_794660.jpg
image_002728_c048.jpg,2728,48,048.European_Goldfinch,048.European_Goldfinch/European_Goldfinch_0006_794661.jpg
image_002729_c048.jpg,2729,48,048.European_Goldfinch,048.European_Goldfinch/European_Goldfinch_0103_794664.jpg
image_002730_c048.jpg,2730,48,048.European_Goldfinch,048.European_Goldfinch/European_Goldfinch_0058_794665.jpg
image_002731_c048.jpg,2731,48,048.European_Goldfinch,048.European_Goldfinch/European_Goldfinch_0080_33322.jpg
image_002732_c048.jpg,2732,48,048.European_Goldfinch,048.European_Goldfinch/European_Goldfinch_0064_794670.jpg
image_002733_c048.jpg,2733,48,048.European_Goldfinch,048.European_Goldfinch/European_Goldfinch_0092_794671.jpg
image_002734_c048.jpg,2734,48,048.European_Goldfinch,048.European_Goldfinch/European_Goldfinch_0014_794672.jpg
image_002735_c048.jpg,2735,48,048.European_Goldfinch,048.European_Goldfinch/European_Goldfinch_0094_794673.jpg
image_002736_c048.jpg,2736,48,048.European_Goldfinch,048.European_Goldfinch/European_Goldfinch_0022_794674.jpg
image_002737_c048.jpg,2737,48,048.European_Goldfinch,048.European_Goldfinch/European_Goldfinch_0038_794675.jpg
image_002738_c048.jpg,2738,48,048.European_Goldfinch,048.European_Goldfinch/European_Goldfinch_0047_33332.jpg
image_002739_c048.jpg,2739,48,048.European_Goldfinch,048.European_Goldfinch/European_Goldfinch_0032_794679.jpg
image_002740_c048.jpg,2740,48,048.European_Goldfinch,048.European_Goldfinch/European_Goldfinch_0085_794682.jpg
image_002741_c048.jpg,2741,48,048.European_Goldfinch,048.European_Goldfinch/European_Goldfinch_0100_794685.jpg
image_002742_c048.jpg,2742,48,048.European_Goldfinch,048.European_Goldfinch/European_Goldfinch_0013_794687.jpg
image_002743_c048.jpg,2743,48,048.European_Goldfinch,048.European_Goldfinch/European_Goldfinch_0097_794688.jpg
image_002744_c048.jpg,2744,48,048.European_Goldfinch,048.European_Goldfinch/European_Goldfinch_0077_33346.jpg
image_002745_c048.jpg,2745,48,048.European_Goldfinch,048.European_Goldfinch/European_Goldfinch_0074_33348.jpg
image_002746_c048.jpg,2746,48,048.European_Goldfinch,048.European_Goldfinch/European_Goldfinch_0087_794693.jpg
image_002747_c048.jpg,2747,48,048.European_Goldfinch,048.European_Goldfinch/European_Goldfinch_0030_33357.jpg
image_002748_c048.jpg,2748,48,048.European_Goldfinch,048.European_Goldfinch/European_Goldfinch_0068_33359.jpg
image_002749_c048.jpg,2749,48,048.European_Goldfinch,048.European_Goldfinch/European_Goldfinch_0052_33082.jpg
image_002750_c048.jpg,2750,48,048.European_Goldfinch,048.European_Goldfinch/European_Goldfinch_0101_33127.jpg
image_002751_c048.jpg,2751,48,048.European_Goldfinch,048.European_Goldfinch/European_Goldfinch_0070_33084.jpg
image_002752_c048.jpg,2752,48,048.European_Goldfinch,048.European_Goldfinch/European_Goldfinch_0106_33298.jpg
image_002753_c048.jpg,2753,48,048.European_Goldfinch,048.European_Goldfinch/European_Goldfinch_0037_33149.jpg
image_002754_c048.jpg,2754,48,048.European_Goldfinch,048.European_Goldfinch/European_Goldfinch_0098_33152.jpg
image_002755_c048.jpg,2755,48,048.European_Goldfinch,048.European_Goldfinch/European_Goldfinch_0008_33153.jpg
image_002756_c048.jpg,2756,48,048.European_Goldfinch,048.European_Goldfinch/European_Goldfinch_0045_794690.jpg
image_002757_c048.jpg,2757,48,048.European_Goldfinch,048.European_Goldfinch/European_Goldfinch_0054_33169.jpg
image_002758_c048.jpg,2758,48,048.European_Goldfinch,048.European_Goldfinch/European_Goldfinch_0078_33170.jpg
image_002759_c048.jpg,2759,48,048.European_Goldfinch,048.European_Goldfinch/European_Goldfinch_0076_33173.jpg
image_002760_c048.jpg,2760,48,048.European_Goldfinch,048.European_Goldfinch/European_Goldfinch_0108_33176.jpg
image_002761_c048.jpg,2761,48,048.European_Goldfinch,048.European_Goldfinch/European_Goldfinch_0081_33259.jpg
image_002762_c048.jpg,2762,48,048.European_Goldfinch,048.European_Goldfinch/European_Goldfinch_0046_33307.jpg
image_002763_c048.jpg,2763,48,048.European_Goldfinch,048.European_Goldfinch/European_Goldfinch_0011_794676.jpg
image_002764_c048.jpg,2764,48,048.European_Goldfinch,048.European_Goldfinch/European_Goldfinch_0062_794657.jpg
image_002765_c048.jpg,2765,48,048.European_Goldfinch,048.European_Goldfinch/European_Goldfinch_0084_33147.jpg
image_002766_c048.jpg,2766,48,048.European_Goldfinch,048.European_Goldfinch/European_Goldfinch_0034_33256.jpg
image_002767_c048.jpg,2767,48,048.European_Goldfinch,048.European_Goldfinch/European_Goldfinch_0005_33263.jpg
image_002768_c048.jpg,2768,48,048.European_Goldfinch,048.European_Goldfinch/European_Goldfinch_0003_33066.jpg
image_002769_c048.jpg,2769,48,048.European_Goldfinch,048.European_Goldfinch/European_Goldfinch_0089_33279.jpg
image_002770_c049.jpg,2770,49,049.Boat_tailed_Grackle,049.Boat_tailed_Grackle/Boat_Tailed_Grackle_0096_33801.jpg
image_002771_c049.jpg,2771,49,049.Boat_tailed_Grackle,049.Boat_tailed_Grackle/Boat_Tailed_Grackle_0073_33723.jpg
image_002772_c049.jpg,2772,49,049.Boat_tailed_Grackle,049.Boat_tailed_Grackle/Boat_Tailed_Grackle_0089_33807.jpg
image_002773_c049.jpg,2773,49,049.Boat_tailed_Grackle,049.Boat_tailed_Grackle/Boat_Tailed_Grackle_0116_33808.jpg
image_002774_c049.jpg,2774,49,049.Boat_tailed_Grackle,049.Boat_tailed_Grackle/Boat_Tailed_Grackle_0066_33368.jpg
image_002775_c049.jpg,2775,49,049.Boat_tailed_Grackle,049.Boat_tailed_Grackle/Boat_Tailed_Grackle_0086_33818.jpg
image_002776_c049.jpg,2776,49,049.Boat_tailed_Grackle,049.Boat_tailed_Grackle/Boat_Tailed_Grackle_0095_33568.jpg
image_002777_c049.jpg,2777,49,049.Boat_tailed_Grackle,049.Boat_tailed_Grackle/Boat_Tailed_Grackle_0117_33576.jpg
image_002778_c049.jpg,2778,49,049.Boat_tailed_Grackle,049.Boat_tailed_Grackle/Boat_Tailed_Grackle_0075_33839.jpg
image_002779_c049.jpg,2779,49,049.Boat_tailed_Grackle,049.Boat_tailed_Grackle/Boat_Tailed_Grackle_0112_33841.jpg
image_002780_c049.jpg,2780,49,049.Boat_tailed_Grackle,049.Boat_tailed_Grackle/Boat_Tailed_Grackle_0060_33589.jpg
image_002781_c049.jpg,2781,49,049.Boat_tailed_Grackle,049.Boat_tailed_Grackle/Boat_Tailed_Grackle_0126_33593.jpg
image_002782_c049.jpg,2782,49,049.Boat_tailed_Grackle,049.Boat_tailed_Grackle/Boat_Tailed_Grackle_0051_33600.jpg
image_002783_c049.jpg,2783,49,049.Boat_tailed_Grackle,049.Boat_tailed_Grackle/Boat_Tailed_Grackle_0004_33858.jpg
image_002784_c049.jpg,2784,49,049.Boat_tailed_Grackle,049.Boat_tailed_Grackle/Boat_Tailed_Grackle_0083_33590.jpg
image_002785_c049.jpg,2785,49,049.Boat_tailed_Grackle,049.Boat_tailed_Grackle/Boat_Tailed_Grackle_0125_33867.jpg
image_002786_c049.jpg,2786,49,049.Boat_tailed_Grackle,049.Boat_tailed_Grackle/Boat_Tailed_Grackle_0070_33612.jpg
image_002787_c049.jpg,2787,49,049.Boat_tailed_Grackle,049.Boat_tailed_Grackle/Boat_Tailed_Grackle_0030_33615.jpg
image_002788_c049.jpg,2788,49,049.Boat_tailed_Grackle,049.Boat_tailed_Grackle/Boat_Tailed_Grackle_0028_33777.jpg
image_002789_c049.jpg,2789,49,049.Boat_tailed_Grackle,049.Boat_tailed_Grackle/Boat_Tailed_Grackle_0087_33369.jpg
image_002790_c049.jpg,2790,49,049.Boat_tailed_Grackle,049.Boat_tailed_Grackle/Boat_Tailed_Grackle_0009_33373.jpg
image_002791_c049.jpg,2791,49,049.Boat_tailed_Grackle,049.Boat_tailed_Grackle/Boat_Tailed_Grackle_0056_33649.jpg
image_002792_c049.jpg,2792,49,049.Boat_tailed_Grackle,049.Boat_tailed_Grackle/Boat_Tailed_Grackle_0054_33633.jpg
image_002793_c049.jpg,2793,49,049.Boat_tailed_Grackle,049.Boat_tailed_Grackle/Boat_Tailed_Grackle_0043_33595.jpg
image_002794_c049.jpg,2794,49,049.Boat_tailed_Grackle,049.Boat_tailed_Grackle/Boat_Tailed_Grackle_0085_33384.jpg
image_002795_c049.jpg,2795,49,049.Boat_tailed_Grackle,049.Boat_tailed_Grackle/Boat_Tailed_Grackle_0068_33387.jpg
image_002796_c049.jpg,2796,49,049.Boat_tailed_Grackle,049.Boat_tailed_Grackle/Boat_Tailed_Grackle_0024_33393.jpg
image_002797_c049.jpg,2797,49,049.Boat_tailed_Grackle,049.Boat_tailed_Grackle/Boat_Tailed_Grackle_0062_33650.jpg
image_002798_c049.jpg,2798,49,049.Boat_tailed_Grackle,049.Boat_tailed_Grackle/Boat_Tailed_Grackle_0041_33396.jpg
image_002799_c049.jpg,2799,49,049.Boat_tailed_Grackle,049.Boat_tailed_Grackle/Boat_Tailed_Grackle_0108_33398.jpg
image_002800_c049.jpg,2800,49,049.Boat_tailed_Grackle,049.Boat_tailed_Grackle/Boat_Tailed_Grackle_0040_33417.jpg
image_002801_c049.jpg,2801,49,049.Boat_tailed_Grackle,049.Boat_tailed_Grackle/Boat_Tailed_Grackle_0052_33676.jpg
image_002802_c049.jpg,2802,49,049.Boat_tailed_Grackle,049.Boat_tailed_Grackle/Boat_Tailed_Grackle_0049_33422.jpg
image_002803_c049.jpg,2803,49,049.Boat_tailed_Grackle,049.Boat_tailed_Grackle/Boat_Tailed_Grackle_0065_33423.jpg
image_002804_c049.jpg,2804,49,049.Boat_tailed_Grackle,049.Boat_tailed_Grackle/Boat_Tailed_Grackle_0069_33685.jpg
image_002805_c049.jpg,2805,49,049.Boat_tailed_Grackle,049.Boat_tailed_Grackle/Boat_Tailed_Grackle_0019_33687.jpg
image_002806_c049.jpg,2806,49,049.Boat_tailed_Grackle,049.Boat_tailed_Grackle/Boat_Tailed_Grackle_0088_33448.jpg
image_002807_c049.jpg,2807,49,049.Boat_tailed_Grackle,049.Boat_tailed_Grackle/Boat_Tailed_Grackle_0099_33455.jpg
image_002808_c049.jpg,2808,49,049.Boat_tailed_Grackle,049.Boat_tailed_Grackle/Boat_Tailed_Grackle_0123_33695.jpg
image_002809_c049.jpg,2809,49,049.Boat_tailed_Grackle,049.Boat_tailed_Grackle/Boat_Tailed_Grackle_0100_33985.jpg
image_002810_c049.jpg,2810,49,049.Boat_tailed_Grackle,049.Boat_tailed_Grackle/Boat_Tailed_Grackle_0101_33611.jpg
image_002811_c049.jpg,2811,49,049.Boat_tailed_Grackle,049.Boat_tailed_Grackle/Boat_Tailed_Grackle_0017_33480.jpg
image_002812_c049.jpg,2812,49,049.Boat_tailed_Grackle,049.Boat_tailed_Grackle/Boat_Tailed_Grackle_0014_33485.jpg
image_002813_c049.jpg,2813,49,049.Boat_tailed_Grackle,049.Boat_tailed_Grackle/Boat_Tailed_Grackle_0012_33998.jpg
image_002814_c049.jpg,2814,49,049.Boat_tailed_Grackle,049.Boat_tailed_Grackle/Boat_Tailed_Grackle_0027_33743.jpg
image_002815_c049.jpg,2815,49,049.Boat_tailed_Grackle,049.Boat_tailed_Grackle/Boat_Tailed_Grackle_0082_33488.jpg
image_002816_c049.jpg,2816,49,049.Boat_tailed_Grackle,049.Boat_tailed_Grackle/Boat_Tailed_Grackle_0113_33490.jpg
image_002817_c049.jpg,2817,49,049.Boat_tailed_Grackle,049.Boat_tailed_Grackle/Boat_Tailed_Grackle_0063_33492.jpg
image_002818_c049.jpg,2818,49,049.Boat_tailed_Grackle,049.Boat_tailed_Grackle/Boat_Tailed_Grackle_0035_33750.jpg
image_002819_c049.jpg,2819,49,049.Boat_tailed_Grackle,049.Boat_tailed_Grackle/Boat_Tailed_Grackle_0047_33500.jpg
image_002820_c049.jpg,2820,49,049.Boat_tailed_Grackle,049.Boat_tailed_Grackle/Boat_Tailed_Grackle_0050_33501.jpg
image_002821_c049.jpg,2821,49,049.Boat_tailed_Grackle,049.Boat_tailed_Grackle/Boat_Tailed_Grackle_0097_33759.jpg
image_002822_c049.jpg,2822,49,049.Boat_tailed_Grackle,049.Boat_tailed_Grackle/Boat_Tailed_Grackle_0091_33504.jpg
image_002823_c049.jpg,2823,49,049.Boat_tailed_Grackle,049.Boat_tailed_Grackle/Boat_Tailed_Grackle_0011_34020.jpg
image_002824_c049.jpg,2824,49,049.Boat_tailed_Grackle,049.Boat_tailed_Grackle/Boat_Tailed_Grackle_0122_34023.jpg
image_002825_c049.jpg,2825,49,049.Boat_tailed_Grackle,049.Boat_tailed_Grackle/Boat_Tailed_Grackle_0016_33770.jpg
image_002826_c049.jpg,2826,49,049.Boat_tailed_Grackle,049.Boat_tailed_Grackle/Boat_Tailed_Grackle_0055_33774.jpg
image_002827_c049.jpg,2827,49,049.Boat_tailed_Grackle,049.Boat_tailed_Grackle/Boat_Tailed_Grackle_0067_34032.jpg
image_002828_c049.jpg,2828,49,049.Boat_tailed_Grackle,049.Boat_tailed_Grackle/Boat_Tailed_Grackle_0033_33524.jpg
image_002829_c049.jpg,2829,49,049.Boat_tailed_Grackle,049.Boat_tailed_Grackle/Boat_Tailed_Grackle_0105_33663.jpg
image_002830_c050.jpg,2830,50,050.Eared_Grebe,050.Eared_Grebe/Eared_Grebe_0036_34048.jpg
image_002831_c050.jpg,2831,50,050.Eared_Grebe,050.Eared_Grebe/Eared_Grebe_0065_34049.jpg
image_002832_c050.jpg,2832,50,050.Eared_Grebe,050.Eared_Grebe/Eared_Grebe_0068_34052.jpg
image_002833_c050.jpg,2833,50,050.Eared_Grebe,050.Eared_Grebe/Eared_Grebe_0023_34309.jpg
image_002834_c050.jpg,2834,50,050.Eared_Grebe,050.Eared_Grebe/Eared_Grebe_0063_34054.jpg
image_002835_c050.jpg,2835,50,050.Eared_Grebe,050.Eared_Grebe/Eared_Grebe_0071_34311.jpg
image_002836_c050.jpg,2836,50,050.Eared_Grebe,050.Eared_Grebe/Eared_Grebe_0085_34063.jpg
image_002837_c050.jpg,2837,50,050.Eared_Grebe,050.Eared_Grebe/Eared_Grebe_0086_34064.jpg
image_002838_c050.jpg,2838,50,050.Eared_Grebe,050.Eared_Grebe/Eared_Grebe_0038_34321.jpg
image_002839_c050.jpg,2839,50,050.Eared_Grebe,050.Eared_Grebe/Eared_Grebe_0032_34078.jpg
image_002840_c050.jpg,2840,50,050.Eared_Grebe,050.Eared_Grebe/Eared_Grebe_0053_34084.jpg
image_002841_c050.jpg,2841,50,050.Eared_Grebe,050.Eared_Grebe/Eared_Grebe_0027_34341.jpg
image_002842_c050.jpg,2842,50,050.Eared_Grebe,050.Eared_Grebe/Eared_Grebe_0079_34342.jpg
image_002843_c050.jpg,2843,50,050.Eared_Grebe,050.Eared_Grebe/Eared_Grebe_0006_34347.jpg
image_002844_c050.jpg,2844,50,050.Eared_Grebe,050.Eared_Grebe/Eared_Grebe_0056_34098.jpg
image_002845_c050.jpg,2845,50,050.Eared_Grebe,050.Eared_Grebe/Eared_Grebe_0049_34100.jpg
image_002846_c050.jpg,2846,50,050.Eared_Grebe,050.Eared_Grebe/Eared_Grebe_0018_34357.jpg
image_002847_c050.jpg,2847,50,050.Eared_Grebe,050.Eared_Grebe/Eared_Grebe_0084_34364.jpg
image_002848_c050.jpg,2848,50,050.Eared_Grebe,050.Eared_Grebe/Eared_Grebe_0075_34115.jpg
image_002849_c050.jpg,2849,50,050.Eared_Grebe,050.Eared_Grebe/Eared_Grebe_0026_34383.jpg
image_002850_c050.jpg,2850,50,050.Eared_Grebe,050.Eared_Grebe/Eared_Grebe_0020_34131.jpg
image_002851_c050.jpg,2851,50,050.Eared_Grebe,050.Eared_Grebe/Eared_Grebe_0042_34132.jpg
image_002852_c050.jpg,2852,50,050.Eared_Grebe,050.Eared_Grebe/Eared_Grebe_0060_34133.jpg
image_002853_c050.jpg,2853,50,050.Eared_Grebe,050.Eared_Grebe/Eared_Grebe_0035_34137.jpg
image_002854_c050.jpg,2854,50,050.Eared_Grebe,050.Eared_Grebe/Eared_Grebe_0017_34139.jpg
image_002855_c050.jpg,2855,50,050.Eared_Grebe,050.Eared_Grebe/Eared_Grebe_0034_34142.jpg
image_002856_c050.jpg,2856,50,050.Eared_Grebe,050.Eared_Grebe/Eared_Grebe_0013_34150.jpg
image_002857_c050.jpg,2857,50,050.Eared_Grebe,050.Eared_Grebe/Eared_Grebe_0061_34407.jpg
image_002858_c050.jpg,2858,50,050.Eared_Grebe,050.Eared_Grebe/Eared_Grebe_0081_34153.jpg
image_002859_c050.jpg,2859,50,050.Eared_Grebe,050.Eared_Grebe/Eared_Grebe_0010_34151.jpg
image_002860_c050.jpg,2860,50,050.Eared_Grebe,050.Eared_Grebe/Eared_Grebe_0041_34157.jpg
image_002861_c050.jpg,2861,50,050.Eared_Grebe,050.Eared_Grebe/Eared_Grebe_0067_34416.jpg
image_002862_c050.jpg,2862,50,050.Eared_Grebe,050.Eared_Grebe/Eared_Grebe_0037_34169.jpg
image_002863_c050.jpg,2863,50,050.Eared_Grebe,050.Eared_Grebe/Eared_Grebe_0043_34427.jpg
image_002864_c050.jpg,2864,50,050.Eared_Grebe,050.Eared_Grebe/Eared_Grebe_0073_34172.jpg
image_002865_c050.jpg,2865,50,050.Eared_Grebe,050.Eared_Grebe/Eared_Grebe_0058_34174.jpg
image_002866_c050.jpg,2866,50,050.Eared_Grebe,050.Eared_Grebe/Eared_Grebe_0048_34175.jpg
image_002867_c050.jpg,2867,50,050.Eared_Grebe,050.Eared_Grebe/Eared_Grebe_0001_34433.jpg
image_002868_c050.jpg,2868,50,050.Eared_Grebe,050.Eared_Grebe/Eared_Grebe_0069_34199.jpg
image_002869_c050.jpg,2869,50,050.Eared_Grebe,050.Eared_Grebe/Eared_Grebe_0047_34204.jpg
image_002870_c050.jpg,2870,50,050.Eared_Grebe,050.Eared_Grebe/Eared_Grebe_0052_34205.jpg
image_002871_c050.jpg,2871,50,050.Eared_Grebe,050.Eared_Grebe/Eared_Grebe_0051_34209.jpg
image_002872_c050.jpg,2872,50,050.Eared_Grebe,050.Eared_Grebe/Eared_Grebe_0045_34212.jpg
image_002873_c050.jpg,2873,50,050.Eared_Grebe,050.Eared_Grebe/Eared_Grebe_0054_34289.jpg
image_002874_c050.jpg,2874,50,050.Eared_Grebe,050.Eared_Grebe/Eared_Grebe_0080_34223.jpg
image_002875_c050.jpg,2875,50,050.Eared_Grebe,050.Eared_Grebe/Eared_Grebe_0082_34227.jpg
image_002876_c050.jpg,2876,50,050.Eared_Grebe,050.Eared_Grebe/Eared_Grebe_0016_34334.jpg
image_002877_c050.jpg,2877,50,050.Eared_Grebe,050.Eared_Grebe/Eared_Grebe_0015_34231.jpg
image_002878_c050.jpg,2878,50,050.Eared_Grebe,050.Eared_Grebe/Eared_Grebe_0007_34236.jpg
image_002879_c050.jpg,2879,50,050.Eared_Grebe,050.Eared_Grebe/Eared_Grebe_0074_34238.jpg
image_002880_c050.jpg,2880,50,050.Eared_Grebe,050.Eared_Grebe/Eared_Grebe_0009_34244.jpg
image_002881_c050.jpg,2881,50,050.Eared_Grebe,050.Eared_Grebe/Eared_Grebe_0062_34249.jpg
image_002882_c050.jpg,2882,50,050.Eared_Grebe,050.Eared_Grebe/Eared_Grebe_0064_34251.jpg
image_002883_c050.jpg,2883,50,050.Eared_Grebe,050.Eared_Grebe/Eared_Grebe_0039_34257.jpg
image_002884_c050.jpg,2884,50,050.Eared_Grebe,050.Eared_Grebe/Eared_Grebe_0029_34258.jpg
image_002885_c050.jpg,2885,50,050.Eared_Grebe,050.Eared_Grebe/Eared_Grebe_0031_34262.jpg
image_002886_c050.jpg,2886,50,050.Eared_Grebe,050.Eared_Grebe/Eared_Grebe_0040_34340.jpg
image_002887_c050.jpg,2887,50,050.Eared_Grebe,050.Eared_Grebe/Eared_Grebe_0057_34274.jpg
image_002888_c050.jpg,2888,50,050.Eared_Grebe,050.Eared_Grebe/Eared_Grebe_0004_34277.jpg
image_002889_c050.jpg,2889,50,050.Eared_Grebe,050.Eared_Grebe/Eared_Grebe_0025_34344.jpg
